{"type":"FeatureCollection","name":"nivel_dissolved2","features":[{"type":"Feature","properties":{"Nivel":"Alta","Supha":55908.3},"geometry":{"type":"MultiPolygon","coordinates":[[[[-104.77281,21.76208],[-104.76413,21.76207],[-104.76417,21.73776],[-104.7555,21.73774],[-104.75551,21.72964],[-104.74684,21.72963],[-104.74687,21.71342],[-104.7382,21.71341],[-104.73821,21.7053],[-104.72954,21.70529],[-104.72956,21.69718],[-104.75557,21.69722],[-104.75558,21.68912],[-104.73824,21.68909],[-104.73831,21.64857],[-104.74698,21.64859],[-104.747,21.64048],[-104.75566,21.6405],[-104.75568,21.63239],[-104.77301,21.63242],[-104.773,21.64052],[-104.76433,21.64051],[-104.76432,21.64861],[-104.78166,21.64864],[-104.78164,21.65674],[-104.77298,21.65673],[-104.77296,21.66483],[-104.7903,21.66486],[-104.79028,21.68106],[-104.78161,21.68105],[-104.7816,21.68916],[-104.79027,21.68917],[-104.79025,21.69727],[-104.78158,21.69726],[-104.78157,21.70536],[-104.7729,21.70535],[-104.77289,21.71346],[-104.76421,21.71344],[-104.7642,21.72155],[-104.77287,21.72156],[-104.77285,21.73777],[-104.78152,21.73778],[-104.7815,21.75399],[-104.77282,21.75398],[-104.77281,21.76208]],[[-104.74698,21.64859],[-104.74697,21.65669],[-104.75564,21.65671],[-104.75565,21.6486],[-104.74698,21.64859]]],[[[-104.79015,21.77021],[-104.7728,21.77018],[-104.77281,21.76208],[-104.79016,21.7621],[-104.79015,21.77021]]],[[[-104.7382,21.71341],[-104.73818,21.72151],[-104.72951,21.7215],[-104.72952,21.71339],[-104.7382,21.71341]]],[[[-104.8594,21.92425],[-104.85072,21.92424],[-104.85073,21.91614],[-104.85941,21.91615],[-104.8594,21.92425]]],[[[-104.97231,21.91621],[-104.96363,21.9162],[-104.96363,21.92431],[-104.981,21.92431],[-104.98099,21.93241],[-104.98968,21.93241],[-104.98968,21.94052],[-104.96362,21.94051],[-104.96362,21.93241],[-104.95494,21.93241],[-104.95493,21.94051],[-104.93756,21.94051],[-104.93757,21.9324],[-104.91151,21.93239],[-104.91151,21.92429],[-104.90283,21.92428],[-104.90282,21.93239],[-104.89414,21.93238],[-104.89413,21.94048],[-104.88545,21.94048],[-104.88545,21.93238],[-104.86808,21.93236],[-104.8681,21.90805],[-104.87679,21.90806],[-104.87682,21.87564],[-104.86813,21.87564],[-104.86815,21.85943],[-104.87683,21.85944],[-104.87685,21.83512],[-104.88553,21.83513],[-104.88552,21.85134],[-104.90288,21.85135],[-104.90288,21.84325],[-104.91156,21.84325],[-104.91157,21.83515],[-104.92025,21.83515],[-104.92025,21.82705],[-104.93761,21.82705],[-104.9376,21.85137],[-104.92892,21.85136],[-104.92891,21.86757],[-104.93759,21.86757],[-104.9376,21.85947],[-104.95496,21.85948],[-104.95496,21.87568],[-104.94627,21.87568],[-104.94627,21.88378],[-104.96364,21.88379],[-104.96363,21.9],[-104.95495,21.89999],[-104.95495,21.9081],[-104.97231,21.9081],[-104.97231,21.91621]],[[-104.91501,21.89187],[-104.91194,21.88888],[-104.91183,21.889],[-104.91501,21.89187]],[[-104.91989,21.89188],[-104.91984,21.89167],[-104.91899,21.89052],[-104.91989,21.89188]],[[-104.9289,21.88378],[-104.92891,21.87567],[-104.92023,21.87567],[-104.92022,21.88377],[-104.9289,21.88378]],[[-104.92568,21.88647],[-104.92562,21.887],[-104.92641,21.88617],[-104.92568,21.88647]]],[[[-104.91151,21.93239],[-104.9115,21.9405],[-104.90282,21.94049],[-104.90282,21.93239],[-104.91151,21.93239]]],[[[-104.88545,21.94048],[-104.88544,21.94858],[-104.87675,21.94858],[-104.87676,21.94047],[-104.88545,21.94048]]],[[[-104.86808,21.93236],[-104.86807,21.94047],[-104.85939,21.94046],[-104.8594,21.93236],[-104.86808,21.93236]]],[[[-104.94624,21.97292],[-104.92017,21.97291],[-104.92016,21.99723],[-104.91147,21.99722],[-104.91147,21.98912],[-104.8941,21.98911],[-104.8941,21.981],[-104.87673,21.98099],[-104.87673,21.97289],[-104.89411,21.9729],[-104.89411,21.9648],[-104.88543,21.96479],[-104.88543,21.95669],[-104.90281,21.9567],[-104.9028,21.9648],[-104.91149,21.96481],[-104.9115,21.9486],[-104.93756,21.94861],[-104.93755,21.96482],[-104.94624,21.96482],[-104.94624,21.97292]]],[[[-104.9204,21.55962],[-104.91174,21.55961],[-104.91174,21.55151],[-104.87709,21.55149],[-104.8771,21.54338],[-104.88576,21.54339],[-104.88577,21.53529],[-104.89378,21.54022],[-104.89586,21.53672],[-104.90161,21.53592],[-104.90244,21.53457],[-104.90517,21.53568],[-104.92908,21.53531],[-104.92907,21.55152],[-104.92041,21.55151],[-104.9204,21.55962]]],[[[-104.90631,21.5353],[-104.90928,21.53008],[-104.91176,21.53027],[-104.91175,21.5353],[-104.90631,21.5353]]],[[[-104.93762,21.80274],[-104.93763,21.78654],[-104.94631,21.78654],[-104.9463,21.79464],[-104.95498,21.79465],[-104.95498,21.81085],[-104.9463,21.81085],[-104.9463,21.80275],[-104.93762,21.80274]]],[[[-105.09357,21.40563],[-105.10222,21.40563],[-105.10224,21.42994],[-105.11089,21.42993],[-105.1109,21.43804],[-105.10224,21.43804],[-105.10225,21.45425],[-105.08494,21.45426],[-105.08495,21.46237],[-105.07629,21.46237],[-105.0763,21.48668],[-105.06764,21.48669],[-105.06765,21.49479],[-105.0763,21.49479],[-105.07631,21.50289],[-105.08497,21.50289],[-105.08497,21.51099],[-105.10229,21.51098],[-105.10228,21.49477],[-105.1196,21.49476],[-105.11959,21.48666],[-105.13691,21.48664],[-105.1369,21.47044],[-105.14556,21.47043],[-105.1456,21.51095],[-105.13694,21.51096],[-105.13694,21.51906],[-105.11096,21.51908],[-105.11097,21.53529],[-105.10231,21.53529],[-105.10232,21.5515],[-105.05035,21.55153],[-105.05034,21.54342],[-105.01569,21.54343],[-105.01569,21.52722],[-105.00703,21.52722],[-105.00703,21.51912],[-104.98971,21.51912],[-104.98971,21.51101],[-105.00703,21.51101],[-105.00703,21.50291],[-105.01569,21.50291],[-105.01569,21.4948],[-105.00703,21.4948],[-105.00703,21.4867],[-104.99837,21.4867],[-104.99837,21.46239],[-105.00703,21.46239],[-105.00703,21.45428],[-104.99837,21.45428],[-104.99837,21.43807],[-104.98971,21.43807],[-104.98972,21.42187],[-104.98106,21.42187],[-104.98106,21.40566],[-104.97241,21.40566],[-104.97241,21.39755],[-104.98106,21.39755],[-104.98107,21.38945],[-104.97241,21.38945],[-104.97242,21.37324],[-104.98107,21.37324],[-104.98107,21.36514],[-104.96376,21.36513],[-104.96377,21.33272],[-104.98107,21.33272],[-104.98107,21.34082],[-104.98972,21.34082],[-105.01567,21.34082],[-105.01567,21.33272],[-104.98972,21.33272],[-104.98972,21.32462],[-104.98581,21.32462],[-104.98107,21.32461],[-104.98107,21.31651],[-104.97243,21.31651],[-104.97243,21.3084],[-104.96378,21.3084],[-104.96378,21.3003],[-104.97243,21.3003],[-104.97243,21.2922],[-104.96378,21.29219],[-104.96379,21.27599],[-104.95514,21.27598],[-104.95514,21.26788],[-104.9465,21.26788],[-104.9465,21.25977],[-104.96379,21.25978],[-104.96379,21.24357],[-104.95515,21.24357],[-104.95515,21.23546],[-104.9638,21.23546],[-104.9638,21.22736],[-104.95516,21.22736],[-104.95516,21.21925],[-104.9638,21.21926],[-104.9638,21.20305],[-104.97245,21.20305],[-104.97245,21.21115],[-104.99837,21.21115],[-104.99837,21.21926],[-105.00702,21.21926],[-105.00702,21.22736],[-105.01566,21.22736],[-105.01566,21.23547],[-105.00702,21.23547],[-105.00702,21.25168],[-104.99837,21.25168],[-104.99837,21.25978],[-104.98973,21.25978],[-104.98973,21.26789],[-105.0416,21.26788],[-105.0416,21.25978],[-105.05025,21.25977],[-105.05025,21.26788],[-105.0589,21.26788],[-105.0589,21.29219],[-105.05026,21.29219],[-105.05027,21.3165],[-105.04162,21.31651],[-105.04162,21.34082],[-105.03297,21.34082],[-105.03298,21.34893],[-105.04163,21.34892],[-105.04163,21.35703],[-105.05893,21.35702],[-105.05893,21.36513],[-105.05028,21.36513],[-105.05028,21.37323],[-105.05894,21.37323],[-105.05895,21.39754],[-105.0676,21.39754],[-105.0676,21.38944],[-105.0849,21.38943],[-105.08491,21.39753],[-105.09356,21.39753],[-105.09357,21.40563]],[[-105.01569,21.52722],[-105.02435,21.52722],[-105.02435,21.51911],[-105.01569,21.51912],[-105.01569,21.52722]],[[-104.98581,21.32462],[-104.98491,21.32407],[-104.98366,21.32332],[-104.98581,21.32462]],[[-104.97243,21.26788],[-104.98108,21.26788],[-104.98108,21.25978],[-104.97244,21.25978],[-104.97243,21.26788]],[[-104.98973,21.27599],[-104.98108,21.27599],[-104.98108,21.3003],[-104.98972,21.3003],[-104.98973,21.27599]],[[-105.09359,21.44118],[-105.09312,21.44147],[-105.09306,21.44284],[-105.09308,21.4429],[-105.09359,21.44118]],[[-105.09358,21.4317],[-105.09316,21.43668],[-105.09358,21.43174],[-105.09358,21.4317]]],[[[-104.96378,21.29219],[-104.96378,21.3003],[-104.95513,21.3003],[-104.95514,21.29219],[-104.96378,21.29219]]],[[[-104.972,21.31651],[-104.97242,21.32461],[-104.96377,21.32461],[-104.96378,21.31651],[-104.972,21.31651]]],[[[-105.09337,21.09767],[-105.06746,21.09768],[-105.06747,21.11389],[-105.05883,21.11389],[-105.05884,21.122],[-105.0502,21.122],[-105.0502,21.1301],[-105.04156,21.13011],[-105.04156,21.122],[-105.03292,21.122],[-105.03293,21.13821],[-105.01565,21.13821],[-105.01565,21.13011],[-105.02429,21.13011],[-105.02429,21.122],[-105.01565,21.12201],[-105.01565,21.1139],[-105.02429,21.1139],[-105.02428,21.1058],[-105.01565,21.1058],[-105.01565,21.09769],[-105.02428,21.09769],[-105.02428,21.07338],[-105.00701,21.07338],[-105.00701,21.06527],[-105.01564,21.06527],[-105.01564,21.05717],[-105.03291,21.05717],[-105.03291,21.04906],[-105.07608,21.04905],[-105.07608,21.05715],[-105.08471,21.05715],[-105.08472,21.07336],[-105.09336,21.07335],[-105.09337,21.09767]],[[-105.05019,21.08148],[-105.05019,21.08958],[-105.05882,21.08958],[-105.05882,21.08147],[-105.05019,21.08148]],[[-105.05019,21.08148],[-105.05018,21.07337],[-105.04155,21.07337],[-105.04155,21.08148],[-105.05019,21.08148]]],[[[-105.00701,21.07338],[-105.00701,21.08959],[-104.99837,21.08959],[-104.99837,21.09769],[-104.98974,21.09769],[-104.98974,21.08148],[-104.99837,21.08148],[-104.99838,21.07338],[-105.00701,21.07338]]],[[[-105.01565,21.1058],[-105.01565,21.1139],[-105.00701,21.1139],[-105.00701,21.1058],[-105.01565,21.1058]]],[[[-105.0502,21.1301],[-105.05884,21.1301],[-105.05884,21.1382],[-105.05021,21.13821],[-105.0502,21.1301]]],[[[-105.05884,21.122],[-105.06747,21.12199],[-105.06748,21.1301],[-105.05884,21.1301],[-105.05884,21.122]]],[[[-105.05884,21.1382],[-105.06748,21.1382],[-105.06749,21.14631],[-105.05885,21.14631],[-105.05884,21.1382]]],[[[-104.99838,21.07338],[-104.98974,21.07338],[-104.98974,21.06527],[-104.99838,21.06527],[-104.99838,21.07338]]],[[[-105.11086,21.38131],[-105.11086,21.38941],[-105.10221,21.38942],[-105.1022,21.38131],[-105.11086,21.38131]]],[[[-105.15427,21.52715],[-105.14561,21.52716],[-105.1456,21.51905],[-105.15426,21.51905],[-105.15427,21.52715]]]]}},{"type":"Feature","properties":{"Nivel":"Baja","Supha":137335.6},"geometry":{"type":"MultiPolygon","coordinates":[[[[-104.59479,21.88144],[-104.59895,21.89141],[-104.59892,21.89951],[-104.58781,21.89541],[-104.59479,21.88144]]],[[[-104.68538,22.06987],[-104.6854,22.06177],[-104.69409,22.06179],[-104.69408,22.06989],[-104.68538,22.06987]]],[[[-104.69416,22.02937],[-104.70285,22.02939],[-104.70282,22.0456],[-104.69413,22.04558],[-104.69416,22.02937]]],[[[-104.72118,21.5432],[-104.69519,21.54315],[-104.69523,21.52694],[-104.70389,21.52696],[-104.70387,21.53506],[-104.71253,21.53508],[-104.71255,21.52697],[-104.72121,21.52699],[-104.72118,21.5432]]],[[[-104.81636,21.62437],[-104.79903,21.62435],[-104.799,21.64056],[-104.80767,21.64057],[-104.80765,21.65677],[-104.81632,21.65678],[-104.81629,21.6811],[-104.80762,21.68109],[-104.80764,21.66488],[-104.7903,21.66486],[-104.79032,21.64865],[-104.78166,21.64864],[-104.78168,21.63243],[-104.77301,21.63242],[-104.77304,21.61621],[-104.76437,21.6162],[-104.76439,21.60809],[-104.75572,21.60808],[-104.75569,21.62429],[-104.73836,21.62426],[-104.73833,21.64047],[-104.72966,21.64046],[-104.72962,21.66477],[-104.71228,21.66474],[-104.71229,21.65664],[-104.70362,21.65662],[-104.70364,21.64852],[-104.72098,21.64855],[-104.72099,21.64044],[-104.71233,21.64043],[-104.71237,21.61612],[-104.72104,21.61613],[-104.72106,21.60803],[-104.72972,21.60804],[-104.72974,21.59994],[-104.72107,21.59992],[-104.72109,21.59182],[-104.73842,21.59185],[-104.7384,21.59995],[-104.74707,21.59996],[-104.7471,21.58376],[-104.75576,21.58377],[-104.75575,21.59187],[-104.78174,21.59191],[-104.78175,21.58381],[-104.79908,21.58383],[-104.79907,21.59193],[-104.80774,21.59194],[-104.8077,21.61625],[-104.81637,21.61626],[-104.81636,21.62437]]],[[[-104.72893,22.02943],[-104.72888,22.05375],[-104.73758,22.05376],[-104.73756,22.06186],[-104.72887,22.06185],[-104.72885,22.06995],[-104.72016,22.06994],[-104.72019,22.05373],[-104.7115,22.05372],[-104.71151,22.04561],[-104.72021,22.04563],[-104.72024,22.02942],[-104.72893,22.02943]]],[[[-104.72893,22.02943],[-104.72894,22.02133],[-104.73764,22.02135],[-104.73762,22.02945],[-104.72893,22.02943]]],[[[-104.83356,21.73784],[-104.83353,21.77026],[-104.81618,21.77024],[-104.81616,21.78645],[-104.80748,21.78644],[-104.80752,21.75402],[-104.82487,21.75404],[-104.82489,21.73783],[-104.83356,21.73784]]],[[[-104.80748,21.78644],[-104.80747,21.79454],[-104.81614,21.79455],[-104.81613,21.80265],[-104.7901,21.80262],[-104.79008,21.81883],[-104.7814,21.81882],[-104.78141,21.81071],[-104.77273,21.8107],[-104.77275,21.8026],[-104.73804,21.80255],[-104.73802,21.81065],[-104.72934,21.81064],[-104.72937,21.79443],[-104.74673,21.79446],[-104.74674,21.78635],[-104.75542,21.78637],[-104.75543,21.77826],[-104.74676,21.77825],[-104.74677,21.77015],[-104.76412,21.77017],[-104.76408,21.79448],[-104.77276,21.79449],[-104.77277,21.78639],[-104.79013,21.78641],[-104.79011,21.79452],[-104.79879,21.79453],[-104.7988,21.78642],[-104.80748,21.78644]]],[[[-104.74677,21.77015],[-104.73809,21.77013],[-104.73811,21.76203],[-104.72943,21.76201],[-104.72942,21.77012],[-104.72074,21.7701],[-104.72081,21.73769],[-104.71213,21.73767],[-104.71216,21.72147],[-104.72951,21.7215],[-104.72948,21.7377],[-104.73815,21.73772],[-104.73817,21.72961],[-104.74684,21.72963],[-104.74681,21.74583],[-104.73814,21.74582],[-104.73812,21.75392],[-104.7468,21.75394],[-104.74677,21.77015]]],[[[-104.72092,21.68096],[-104.72087,21.70527],[-104.7122,21.70526],[-104.71224,21.68095],[-104.72092,21.68096]]],[[[-104.72092,21.68096],[-104.72093,21.67286],[-104.7296,21.67287],[-104.72959,21.68098],[-104.72092,21.68096]]],[[[-104.72087,21.70527],[-104.72954,21.70529],[-104.72952,21.71339],[-104.72085,21.71338],[-104.72087,21.70527]]],[[[-104.71247,21.56749],[-104.71249,21.55939],[-104.72115,21.5594],[-104.72113,21.56751],[-104.71247,21.56749]]],[[[-104.73847,21.55943],[-104.7558,21.55946],[-104.75579,21.56756],[-104.73846,21.56754],[-104.73845,21.57564],[-104.72978,21.57563],[-104.72983,21.55131],[-104.73849,21.55133],[-104.73847,21.55943]]],[[[-104.72984,21.54321],[-104.72986,21.53511],[-104.73852,21.53512],[-104.7385,21.54322],[-104.72984,21.54321]]],[[[-104.72987,21.527],[-104.72989,21.5189],[-104.73855,21.51891],[-104.73853,21.52702],[-104.72987,21.527]]],[[[-104.74607,22.16722],[-104.74608,22.15912],[-104.75478,22.15913],[-104.75477,22.16723],[-104.74607,22.16722]]],[[[-104.74628,22.04567],[-104.74631,22.02946],[-104.75842,22.03758],[-104.74628,22.04567]]],[[[-104.77214,22.18347],[-104.77215,22.17536],[-104.76345,22.17535],[-104.76348,22.15914],[-104.77218,22.15916],[-104.77216,22.16726],[-104.78956,22.16728],[-104.78953,22.19159],[-104.78083,22.19158],[-104.78084,22.18348],[-104.77214,22.18347]]],[[[-104.76345,22.17535],[-104.76344,22.18345],[-104.75474,22.18344],[-104.75475,22.17534],[-104.76345,22.17535]]],[[[-104.75491,22.0862],[-104.75492,22.0781],[-104.76361,22.07811],[-104.76798,22.06774],[-104.77231,22.07812],[-104.77229,22.08623],[-104.75491,22.0862]]],[[[-104.77271,21.82691],[-104.76835,21.83728],[-104.76403,21.8269],[-104.76404,21.81879],[-104.77272,21.81881],[-104.77271,21.82691]]],[[[-105.12834,21.5839],[-105.10235,21.58392],[-105.10235,21.59202],[-105.11102,21.59202],[-105.11102,21.60012],[-105.07636,21.60014],[-105.07636,21.60824],[-105.05903,21.60825],[-105.05903,21.60015],[-105.05036,21.60015],[-105.05037,21.61636],[-105.0417,21.61636],[-105.04171,21.64067],[-105.03304,21.64067],[-105.03304,21.63257],[-105.02437,21.63257],[-105.02437,21.62447],[-105.0157,21.62447],[-105.0157,21.63257],[-105.00704,21.63257],[-105.00703,21.60016],[-104.99837,21.60016],[-104.99837,21.60826],[-104.9897,21.60826],[-104.9897,21.62447],[-104.98103,21.62447],[-104.98103,21.64068],[-104.97236,21.64067],[-104.97237,21.63257],[-104.95503,21.63257],[-104.95503,21.64067],[-104.94636,21.64067],[-104.94637,21.62446],[-104.95503,21.62446],[-104.95504,21.61636],[-104.92904,21.61635],[-104.92904,21.60825],[-104.91171,21.60824],[-104.9117,21.62445],[-104.89436,21.62444],[-104.89437,21.61633],[-104.8857,21.61633],[-104.88571,21.60822],[-104.85971,21.6082],[-104.85972,21.6001],[-104.84239,21.60008],[-104.8424,21.59198],[-104.85106,21.59199],[-104.85107,21.58388],[-104.83842,21.58387],[-104.83753,21.5812],[-104.83374,21.58132],[-104.83375,21.57576],[-104.84241,21.57577],[-104.84242,21.56767],[-104.83376,21.56766],[-104.83377,21.55955],[-104.82511,21.55955],[-104.82512,21.55144],[-104.81645,21.55143],[-104.81646,21.54333],[-104.79914,21.54331],[-104.79915,21.5352],[-104.81647,21.53522],[-104.81649,21.51902],[-104.82515,21.51902],[-104.82516,21.51092],[-104.8165,21.51091],[-104.81651,21.50281],[-104.82517,21.50282],[-104.82518,21.49471],[-104.82719,21.49719],[-104.83124,21.49472],[-104.83384,21.49472],[-104.83466,21.49314],[-104.83385,21.49239],[-104.83385,21.4896],[-104.83867,21.48993],[-104.84114,21.49345],[-104.84284,21.49242],[-104.84319,21.49079],[-104.8458,21.49126],[-104.84726,21.4881],[-104.84687,21.49238],[-104.85089,21.49372],[-104.85116,21.49474],[-104.8425,21.49473],[-104.84248,21.51904],[-104.85114,21.51905],[-104.85112,21.53526],[-104.84246,21.53525],[-104.84244,21.55146],[-104.86843,21.55148],[-104.86842,21.55958],[-104.88575,21.5596],[-104.88574,21.57581],[-104.8944,21.57581],[-104.89439,21.58392],[-104.90306,21.58392],[-104.90306,21.57582],[-104.93772,21.57583],[-104.93772,21.56773],[-104.94639,21.56773],[-104.94638,21.58394],[-104.95505,21.58394],[-104.95505,21.56773],[-104.96371,21.56774],[-104.96372,21.55963],[-104.95505,21.55963],[-104.95506,21.55153],[-104.94639,21.55152],[-104.94639,21.55963],[-104.93773,21.55963],[-104.93774,21.52721],[-104.93283,21.52721],[-104.9325,21.52487],[-104.93527,21.52355],[-104.93593,21.52538],[-104.93872,21.52593],[-104.93956,21.51911],[-104.94641,21.51911],[-104.94641,21.511],[-104.95507,21.51101],[-104.95506,21.52721],[-104.96372,21.52722],[-104.96372,21.53532],[-104.97238,21.53532],[-104.97238,21.54343],[-104.98105,21.54343],[-104.98105,21.53532],[-104.99837,21.53532],[-104.99837,21.55153],[-105.02436,21.55153],[-105.02436,21.55963],[-105.03302,21.55963],[-105.03302,21.56774],[-105.05902,21.56773],[-105.05902,21.57583],[-105.06768,21.57583],[-105.06769,21.58394],[-105.07635,21.58393],[-105.07636,21.59204],[-105.08502,21.59203],[-105.08502,21.58393],[-105.09368,21.58392],[-105.09368,21.57582],[-105.10234,21.57581],[-105.10233,21.56771],[-105.111,21.5677],[-105.111,21.57581],[-105.11967,21.5758],[-105.11966,21.5677],[-105.12832,21.56769],[-105.12834,21.5839]],[[-104.95506,21.55153],[-104.96372,21.55153],[-104.96372,21.54342],[-104.95506,21.54342],[-104.95506,21.55153]],[[-104.98104,21.60826],[-104.98104,21.60016],[-104.97237,21.60015],[-104.97237,21.60826],[-104.98104,21.60826]],[[-105.0417,21.60015],[-105.0157,21.60016],[-105.0157,21.60826],[-105.0417,21.60826],[-105.0417,21.60015]]],[[[-104.94641,21.511],[-104.92909,21.511],[-104.92909,21.50289],[-104.92342,21.50289],[-104.92368,21.49968],[-104.92043,21.4981],[-104.92044,21.48668],[-104.91178,21.48637],[-104.90918,21.4859],[-104.90967,21.48269],[-104.91178,21.48278],[-104.91338,21.48221],[-104.91439,21.47986],[-104.91296,21.47871],[-104.91378,21.47669],[-104.91135,21.47742],[-104.90844,21.47485],[-104.90581,21.47857],[-104.90502,21.48055],[-104.90082,21.48091],[-104.90041,21.48259],[-104.899,21.48096],[-104.90198,21.47968],[-104.90238,21.47752],[-104.9002,21.47767],[-104.89895,21.47617],[-104.89616,21.47686],[-104.89815,21.47467],[-104.89929,21.471],[-104.89448,21.47098],[-104.90313,21.47046],[-104.90314,21.46551],[-104.90451,21.46514],[-104.90389,21.46236],[-104.9118,21.46236],[-104.91179,21.47047],[-104.92911,21.47048],[-104.92916,21.35702],[-104.92051,21.35701],[-104.92052,21.3327],[-104.91187,21.3327],[-104.91186,21.34891],[-104.90321,21.3489],[-104.90322,21.33269],[-104.88592,21.33268],[-104.88593,21.32458],[-104.88055,21.32457],[-104.88006,21.32457],[-104.87728,21.32457],[-104.86863,21.32456],[-104.83403,21.32453],[-104.83403,21.33264],[-104.82538,21.33263],[-104.82491,21.33263],[-104.82133,21.33263],[-104.81673,21.33262],[-104.81674,21.32452],[-104.79944,21.3245],[-104.79945,21.31639],[-104.8081,21.3164],[-104.80811,21.3083],[-104.79081,21.30828],[-104.79082,21.30017],[-104.79947,21.30018],[-104.79948,21.29208],[-104.78219,21.29206],[-104.78227,21.23533],[-104.79091,21.23534],[-104.7909,21.24344],[-104.79955,21.24345],[-104.79956,21.23535],[-104.82549,21.23538],[-104.82548,21.24348],[-104.84277,21.2435],[-104.84276,21.2516],[-104.8687,21.25163],[-104.86869,21.25973],[-104.87734,21.25974],[-104.87733,21.26784],[-104.88597,21.26785],[-104.88598,21.25974],[-104.89463,21.25975],[-104.89462,21.26785],[-104.90327,21.26786],[-104.90326,21.27596],[-104.91191,21.27597],[-104.91192,21.25165],[-104.92057,21.25166],[-104.92059,21.20303],[-104.91195,21.20303],[-104.91196,21.19492],[-104.93788,21.19493],[-104.93788,21.18683],[-104.95517,21.18684],[-104.95517,21.17063],[-104.94653,21.17062],[-104.94654,21.15442],[-104.95518,21.15442],[-104.95518,21.13821],[-104.97246,21.13821],[-104.97246,21.122],[-104.95519,21.122],[-104.95519,21.09769],[-104.92929,21.09768],[-104.92929,21.08957],[-104.97247,21.08959],[-104.97247,21.09769],[-104.9811,21.09769],[-104.9811,21.08959],[-104.98974,21.08959],[-104.98974,21.1058],[-104.9811,21.1058],[-104.9811,21.1139],[-104.98974,21.1139],[-104.98974,21.13821],[-105.00701,21.13821],[-105.00701,21.13011],[-105.01565,21.13011],[-105.01565,21.13821],[-105.05021,21.13821],[-105.05021,21.14631],[-105.04157,21.14631],[-105.04158,21.17063],[-105.03294,21.17063],[-105.03293,21.15442],[-105.02429,21.15442],[-105.0243,21.17874],[-105.01566,21.17874],[-105.01566,21.18684],[-104.99837,21.18684],[-104.99837,21.17874],[-104.98973,21.17874],[-104.98973,21.17063],[-104.98109,21.17063],[-104.98109,21.18684],[-104.97245,21.18684],[-104.97245,21.19494],[-104.96381,21.19494],[-104.9638,21.20305],[-104.95516,21.20304],[-104.95516,21.19494],[-104.94652,21.19494],[-104.94652,21.20304],[-104.93788,21.20304],[-104.93787,21.21114],[-104.92923,21.21114],[-104.92921,21.25166],[-104.93786,21.25167],[-104.93785,21.25977],[-104.92921,21.25977],[-104.9292,21.26787],[-104.93785,21.26787],[-104.93784,21.28408],[-104.9292,21.28408],[-104.92919,21.29218],[-104.93784,21.29219],[-104.93784,21.30029],[-104.92054,21.30028],[-104.92919,21.30029],[-104.92919,21.30839],[-104.92054,21.30839],[-104.92053,21.31649],[-104.92918,21.3165],[-104.92918,21.3246],[-104.93783,21.3246],[-104.93782,21.34892],[-104.94647,21.34892],[-104.94646,21.36513],[-104.95511,21.36513],[-104.95511,21.37324],[-104.94646,21.37323],[-104.94646,21.38134],[-104.95511,21.38134],[-104.95511,21.38944],[-104.94645,21.38944],[-104.94645,21.39755],[-104.96376,21.39755],[-104.96375,21.40565],[-104.98106,21.40566],[-104.98106,21.41376],[-104.97241,21.41376],[-104.9724,21.42997],[-104.98106,21.42997],[-104.98106,21.43807],[-104.98971,21.43807],[-104.98971,21.4867],[-104.98105,21.4867],[-104.98105,21.50291],[-104.97239,21.50291],[-104.97239,21.51101],[-104.96373,21.51101],[-104.96373,21.5029],[-104.94641,21.5029],[-104.94641,21.511]],[[-104.88055,21.32457],[-104.88076,21.32446],[-104.88045,21.3242],[-104.88055,21.32457]],[[-104.82491,21.33263],[-104.82538,21.3324],[-104.82506,21.3324],[-104.82491,21.33263]],[[-104.81674,21.32452],[-104.81923,21.32482],[-104.81777,21.3246],[-104.81674,21.32452]],[[-104.97246,21.13821],[-104.97246,21.14632],[-104.9811,21.14632],[-104.9811,21.13821],[-104.97246,21.13821]],[[-104.99837,21.17874],[-105.00701,21.17874],[-105.00701,21.17063],[-104.99837,21.17063],[-104.99837,21.17874]],[[-104.98109,21.17063],[-104.98109,21.16253],[-104.97245,21.16253],[-104.97245,21.17063],[-104.98109,21.17063]],[[-104.96375,21.40565],[-104.94645,21.40565],[-104.94644,21.41375],[-104.9551,21.41376],[-104.9551,21.42186],[-104.96375,21.42186],[-104.96375,21.40565]],[[-104.94641,21.5029],[-104.94641,21.4948],[-104.93775,21.49479],[-104.93775,21.5029],[-104.94641,21.5029]],[[-104.79085,21.28396],[-104.79949,21.28397],[-104.7995,21.27587],[-104.79086,21.27586],[-104.79085,21.28396]],[[-104.82544,21.2759],[-104.82545,21.2678],[-104.81681,21.26779],[-104.8168,21.27589],[-104.82544,21.2759]],[[-104.81681,21.26779],[-104.81682,21.25968],[-104.80817,21.25967],[-104.80816,21.26778],[-104.81681,21.26779]],[[-104.81682,21.25968],[-104.82546,21.25969],[-104.82547,21.25159],[-104.81683,21.25158],[-104.81682,21.25968]],[[-104.8168,21.27589],[-104.80815,21.27588],[-104.80813,21.29209],[-104.82542,21.29211],[-104.82543,21.284],[-104.81679,21.28399],[-104.8168,21.27589]],[[-104.82017,21.32659],[-104.82041,21.32565],[-104.81945,21.32508],[-104.82017,21.32659]],[[-104.82084,21.32908],[-104.82042,21.32987],[-104.82093,21.33052],[-104.82084,21.32908]],[[-104.82129,21.33238],[-104.82093,21.33054],[-104.8209,21.33128],[-104.82129,21.33238]],[[-104.86004,21.26783],[-104.85139,21.26782],[-104.85138,21.27592],[-104.86003,21.27593],[-104.86004,21.26783]],[[-104.87832,21.31768],[-104.88168,21.3176],[-104.87984,21.31754],[-104.87832,21.31768]],[[-104.914,21.30574],[-104.91313,21.30479],[-104.91329,21.30555],[-104.914,21.30574]],[[-104.91843,21.30475],[-104.91767,21.3051],[-104.91982,21.30415],[-104.91843,21.30475]],[[-104.96374,21.47859],[-104.98105,21.47859],[-104.98105,21.47049],[-104.9724,21.47049],[-104.9724,21.46239],[-104.98106,21.46239],[-104.98106,21.44618],[-104.9724,21.44618],[-104.9724,21.43807],[-104.96375,21.43807],[-104.96374,21.45428],[-104.95509,21.45428],[-104.95509,21.43807],[-104.93778,21.43806],[-104.93776,21.48669],[-104.94642,21.48669],[-104.94642,21.47859],[-104.95508,21.47859],[-104.95508,21.48669],[-104.96373,21.4867],[-104.96374,21.47859]],[[-105.01565,21.15442],[-105.01565,21.14632],[-105.00701,21.14632],[-105.00701,21.15442],[-105.01565,21.15442]]],[[[-105.08502,21.58393],[-105.07635,21.58393],[-105.07635,21.57583],[-105.08501,21.57582],[-105.08502,21.58393]]],[[[-105.07635,21.57583],[-105.06768,21.57583],[-105.06768,21.56773],[-105.07634,21.56772],[-105.07635,21.57583]]],[[[-104.96372,21.52722],[-104.96373,21.51911],[-104.98105,21.51912],[-104.98105,21.52722],[-104.96372,21.52722]]],[[[-104.94652,21.20304],[-104.95516,21.20304],[-104.95516,21.21115],[-104.94652,21.21115],[-104.94652,21.20304]]],[[[-104.97245,21.19494],[-104.98109,21.19495],[-104.98109,21.20305],[-104.97245,21.20305],[-104.97245,21.19494]]],[[[-104.98109,21.18684],[-104.99837,21.18684],[-104.99837,21.19495],[-104.98109,21.19495],[-104.98109,21.18684]]],[[[-105.0243,21.17874],[-105.05022,21.17873],[-105.05022,21.18683],[-105.03294,21.18684],[-105.03294,21.19494],[-105.0243,21.19494],[-105.0243,21.17874]]],[[[-105.05021,21.14631],[-105.05885,21.14631],[-105.05885,21.15441],[-105.05021,21.15442],[-105.05021,21.14631]]],[[[-104.9811,21.08959],[-104.97247,21.08959],[-104.97247,21.08148],[-104.9811,21.08148],[-104.9811,21.08959]]],[[[-104.94653,21.17062],[-104.94653,21.17873],[-104.93789,21.17873],[-104.93789,21.17062],[-104.94653,21.17062]]],[[[-104.79956,21.23535],[-104.79091,21.23534],[-104.79093,21.22723],[-104.79957,21.22724],[-104.79956,21.23535]]],[[[-104.78219,21.29206],[-104.78218,21.30016],[-104.76488,21.30014],[-104.76489,21.29203],[-104.78219,21.29206]]],[[[-105.05885,21.15441],[-105.07613,21.15441],[-105.07614,21.17062],[-105.05886,21.17062],[-105.05885,21.15441]]],[[[-105.07614,21.17062],[-105.08478,21.17061],[-105.08478,21.17872],[-105.07614,21.17872],[-105.07614,21.17062]]],[[[-104.99837,21.19495],[-105.01566,21.19495],[-105.01566,21.20305],[-104.99837,21.20305],[-104.99837,21.19495]]],[[[-105.01566,21.20305],[-105.0243,21.20305],[-105.0243,21.21926],[-105.03295,21.21926],[-105.03295,21.22736],[-105.0243,21.22736],[-105.02431,21.24357],[-105.01566,21.24357],[-105.01566,21.20305]]],[[[-104.93773,21.55963],[-104.93772,21.56773],[-104.92906,21.56773],[-104.92906,21.55962],[-104.93773,21.55963]]],[[[-104.94639,21.56773],[-104.94639,21.55963],[-104.95505,21.55963],[-104.95505,21.56773],[-104.94639,21.56773]]],[[[-104.79915,21.5352],[-104.79049,21.53519],[-104.7905,21.52709],[-104.79916,21.5271],[-104.79915,21.5352]]],[[[-104.79914,21.54331],[-104.79913,21.55141],[-104.7818,21.55139],[-104.78181,21.54329],[-104.79914,21.54331]]],[[[-105.03304,21.64067],[-105.03304,21.64878],[-105.02437,21.64878],[-105.02438,21.65688],[-105.03304,21.65688],[-105.03305,21.66499],[-105.02438,21.66499],[-105.02438,21.6812],[-105.01571,21.6812],[-105.01571,21.67309],[-105.00704,21.67309],[-105.00704,21.66499],[-105.01571,21.66499],[-105.0157,21.64068],[-105.03304,21.64067]]],[[[-104.76497,21.24341],[-104.76498,21.2353],[-104.77363,21.23532],[-104.77361,21.24342],[-104.76497,21.24341]]],[[[-104.79021,21.72969],[-104.79888,21.7297],[-104.79887,21.7378],[-104.7902,21.73779],[-104.79021,21.72969]]],[[[-104.79021,21.72969],[-104.78153,21.72968],[-104.78155,21.72157],[-104.79022,21.72158],[-104.79021,21.72969]]],[[[-104.78155,21.72157],[-104.77287,21.72156],[-104.77289,21.71346],[-104.78156,21.71347],[-104.78155,21.72157]]],[[[-104.7902,21.73779],[-104.79017,21.754],[-104.7815,21.75399],[-104.78152,21.73778],[-104.7902,21.73779]]],[[[-104.77345,21.34878],[-104.77347,21.34067],[-104.78212,21.34068],[-104.7821,21.34879],[-104.77345,21.34878]]],[[[-104.7735,21.31636],[-104.7908,21.31638],[-104.79079,21.32449],[-104.77349,21.32446],[-104.7735,21.31636]]],[[[-104.85932,22.00529],[-104.86801,22.0053],[-104.86801,22.0134],[-104.85932,22.01339],[-104.85932,22.00529]]],[[[-104.85932,22.00529],[-104.84194,22.00527],[-104.84195,21.99717],[-104.83326,21.99716],[-104.83327,21.98906],[-104.84196,21.98906],[-104.84198,21.97286],[-104.83329,21.97285],[-104.83328,21.98095],[-104.83181,21.98095],[-104.82459,21.98094],[-104.8246,21.97284],[-104.81592,21.97283],[-104.81595,21.94852],[-104.82463,21.94853],[-104.82464,21.94043],[-104.81596,21.94042],[-104.81598,21.92421],[-104.82466,21.92422],[-104.82468,21.90801],[-104.83337,21.90802],[-104.83338,21.89992],[-104.81601,21.8999],[-104.81603,21.88369],[-104.80735,21.88368],[-104.80736,21.87558],[-104.79868,21.87557],[-104.79869,21.86746],[-104.81605,21.86748],[-104.81606,21.85938],[-104.82474,21.85939],[-104.82473,21.86749],[-104.83341,21.8675],[-104.83341,21.8756],[-104.84209,21.87561],[-104.84208,21.88372],[-104.85076,21.88373],[-104.85075,21.89183],[-104.84207,21.89182],[-104.84203,21.92424],[-104.85072,21.92424],[-104.85071,21.93235],[-104.84203,21.93234],[-104.84202,21.94044],[-104.8507,21.94045],[-104.85069,21.95666],[-104.83331,21.95664],[-104.8333,21.96475],[-104.85068,21.96476],[-104.85064,21.99718],[-104.85933,21.99718],[-104.85932,22.00529]]],[[[-104.79869,21.86746],[-104.78758,21.8634],[-104.7987,21.85936],[-104.79869,21.86746]]],[[[-104.85932,22.01339],[-104.85496,22.02377],[-104.85063,22.01338],[-104.85932,22.01339]]],[[[-104.79028,21.68106],[-104.79895,21.68107],[-104.79894,21.68918],[-104.80761,21.68919],[-104.8076,21.69729],[-104.79893,21.69728],[-104.79891,21.70539],[-104.79024,21.70538],[-104.79028,21.68106]]],[[[-104.81143,22.084],[-104.81576,22.09438],[-104.80706,22.09437],[-104.81143,22.084]]],[[[-104.81769,22.07285],[-104.81006,22.07995],[-104.8071,22.07006],[-104.81196,22.07134],[-104.81769,22.07285]]],[[[-104.80776,21.57573],[-104.80777,21.56763],[-104.81643,21.56764],[-104.81642,21.57574],[-104.80776,21.57573]]],[[[-104.81639,21.60006],[-104.8164,21.59195],[-104.82507,21.59196],[-104.82506,21.60007],[-104.81639,21.60006]]],[[[-104.92011,22.08636],[-104.9201,22.10257],[-104.93749,22.10258],[-104.93747,22.1431],[-104.92878,22.14309],[-104.92877,22.1512],[-104.88528,22.15117],[-104.88528,22.14307],[-104.87658,22.14306],[-104.87659,22.13496],[-104.8505,22.13494],[-104.85049,22.14304],[-104.84179,22.14303],[-104.84185,22.09441],[-104.85054,22.09442],[-104.85056,22.07821],[-104.85925,22.07822],[-104.85924,22.09443],[-104.86793,22.09443],[-104.86792,22.10254],[-104.87662,22.10254],[-104.87661,22.11065],[-104.89401,22.11066],[-104.89402,22.09445],[-104.90271,22.09446],[-104.90272,22.08636],[-104.92011,22.08636]],[[-104.89401,22.11066],[-104.894,22.11876],[-104.87661,22.11875],[-104.8766,22.12685],[-104.91139,22.12688],[-104.9114,22.11067],[-104.89401,22.11066]],[[-104.92879,22.11878],[-104.92009,22.11878],[-104.92009,22.12688],[-104.92878,22.12689],[-104.92879,22.11878]]],[[[-104.84179,22.14303],[-104.84178,22.15114],[-104.83308,22.15113],[-104.83309,22.14302],[-104.84179,22.14303]]],[[[-104.85925,22.07822],[-104.85926,22.07012],[-104.85057,22.07011],[-104.85057,22.06201],[-104.85493,22.05163],[-104.85927,22.06201],[-104.86796,22.06202],[-104.86795,22.07823],[-104.85925,22.07822]]],[[[-104.86795,22.07823],[-104.87664,22.07823],[-104.87666,22.06203],[-104.88535,22.06203],[-104.88534,22.07824],[-104.89403,22.07825],[-104.89402,22.09445],[-104.87663,22.09444],[-104.87663,22.08634],[-104.86794,22.08633],[-104.86795,22.07823]]],[[[-104.85945,21.87563],[-104.86813,21.87564],[-104.86813,21.88374],[-104.85944,21.88373],[-104.85945,21.87563]]],[[[-104.85945,21.87563],[-104.85077,21.87562],[-104.85078,21.86752],[-104.85946,21.86753],[-104.85945,21.87563]]],[[[-104.85078,21.86752],[-104.8421,21.86751],[-104.84211,21.85941],[-104.85079,21.85941],[-104.85078,21.86752]]],[[[-104.84211,21.85941],[-104.83342,21.8594],[-104.83343,21.85129],[-104.84211,21.8513],[-104.84211,21.85941]]],[[[-104.84237,21.61629],[-104.8337,21.61628],[-104.83371,21.60818],[-104.84238,21.60819],[-104.84237,21.61629]]],[[[-104.83515,21.48831],[-104.83385,21.4894],[-104.834,21.48873],[-104.83515,21.48831]]],[[[-104.85916,22.16736],[-104.85915,22.18357],[-104.85045,22.18356],[-104.85046,22.16735],[-104.85916,22.16736]]],[[[-104.85046,22.16735],[-104.84176,22.16734],[-104.84177,22.15924],[-104.85047,22.15925],[-104.85046,22.16735]]],[[[-104.84452,21.48668],[-104.84437,21.48663],[-104.84456,21.48663],[-104.84452,21.48668]]],[[[-104.84931,21.48808],[-104.84946,21.48801],[-104.84893,21.48895],[-104.84931,21.48808]]],[[[-104.9029,21.82704],[-104.88554,21.82703],[-104.88554,21.81892],[-104.87686,21.81892],[-104.87685,21.83512],[-104.86817,21.83512],[-104.86816,21.84322],[-104.87684,21.84323],[-104.87684,21.85133],[-104.85079,21.85131],[-104.8508,21.84321],[-104.85948,21.84321],[-104.8595,21.82701],[-104.86818,21.82701],[-104.86821,21.7946],[-104.87689,21.79461],[-104.87688,21.80271],[-104.89423,21.80272],[-104.89423,21.81082],[-104.92026,21.81084],[-104.92027,21.80274],[-104.92894,21.80274],[-104.92894,21.81895],[-104.9029,21.81893],[-104.9029,21.82704]]],[[[-104.85982,21.49475],[-104.85982,21.49124],[-104.86718,21.49469],[-104.85982,21.49475]]],[[[-104.93753,22.01344],[-104.91146,22.01343],[-104.91146,22.00532],[-104.92884,22.00533],[-104.92885,21.99723],[-104.94623,21.99724],[-104.94622,22.00534],[-104.93753,22.00534],[-104.93753,22.01344]]],[[[-104.91146,22.00532],[-104.88539,22.00531],[-104.88541,21.9891],[-104.8941,21.98911],[-104.89409,21.99721],[-104.91147,21.99722],[-104.91146,22.00532]]],[[[-104.90281,21.94859],[-104.89413,21.94859],[-104.89413,21.94048],[-104.90282,21.94049],[-104.90281,21.94859]]],[[[-104.90302,21.64065],[-104.89435,21.64064],[-104.89436,21.63254],[-104.90303,21.63254],[-104.90302,21.64065]]],[[[-104.97248,21.00854],[-104.90343,21.00852],[-104.90344,21.00041],[-104.9207,21.00042],[-104.92071,20.99231],[-104.93797,20.99232],[-104.93797,20.98422],[-104.9466,20.98422],[-104.9466,20.99232],[-104.95523,20.99233],[-104.95522,21.00043],[-104.96385,21.00043],[-104.96386,20.99233],[-104.97249,20.99233],[-104.97248,21.00854]]],[[[-104.90344,21.00041],[-104.89481,21.00041],[-104.89482,20.9923],[-104.90345,20.99231],[-104.90344,21.00041]]],[[[-104.92071,20.99231],[-104.91208,20.99231],[-104.91208,20.98421],[-104.92071,20.98421],[-104.92071,20.99231]]],[[[-104.9466,20.98422],[-104.9466,20.96801],[-104.95523,20.96801],[-104.95523,20.98422],[-104.9466,20.98422]]],[[[-104.90293,21.77842],[-104.90293,21.77031],[-104.91161,21.77032],[-104.9116,21.77842],[-104.90293,21.77842]]],[[[-104.91071,21.49493],[-104.91054,21.49478],[-104.91076,21.49478],[-104.91071,21.49493]]],[[[-104.9203,21.74601],[-104.9203,21.73791],[-104.92898,21.73791],[-104.92897,21.74601],[-104.9203,21.74601]]],[[[-104.92032,21.71359],[-104.92032,21.70549],[-104.92899,21.70549],[-104.92899,21.7136],[-104.92032,21.71359]]],[[[-104.9288,22.08637],[-104.9375,22.08637],[-104.9375,22.09448],[-104.9288,22.09447],[-104.9288,22.08637]]],[[[-104.93754,21.98913],[-104.92885,21.98913],[-104.92886,21.98102],[-104.93755,21.98103],[-104.93754,21.98913]]],[[[-104.95493,21.95672],[-104.94624,21.95672],[-104.94625,21.94861],[-104.95493,21.94862],[-104.95493,21.95672]]],[[[-104.94625,21.94861],[-104.92887,21.94861],[-104.92888,21.9405],[-104.94625,21.94051],[-104.94625,21.94861]]],[[[-104.94624,21.95672],[-104.94624,21.96482],[-104.93755,21.96482],[-104.93756,21.95671],[-104.94624,21.95672]]],[[[-104.94624,21.96482],[-104.95493,21.96482],[-104.95492,21.97293],[-104.94624,21.97292],[-104.94624,21.96482]]],[[[-104.9376,21.85137],[-104.93761,21.84326],[-104.95497,21.84327],[-104.95496,21.85137],[-104.94628,21.85137],[-104.94628,21.85947],[-104.9376,21.85947],[-104.93759,21.86757],[-104.92891,21.86757],[-104.92892,21.85136],[-104.9376,21.85137]]],[[[-105.0847,21.04094],[-105.05017,21.04095],[-105.05017,21.03285],[-105.03291,21.03285],[-105.03291,21.04096],[-105.02427,21.04096],[-105.02428,21.04906],[-105.01564,21.04906],[-105.01564,21.05717],[-104.99838,21.05717],[-104.99838,21.06527],[-104.98974,21.06527],[-104.98974,21.05717],[-104.98111,21.05717],[-104.98111,21.07338],[-104.96384,21.07338],[-104.96384,21.06527],[-104.9552,21.06527],[-104.95521,21.05716],[-104.94657,21.05716],[-104.94657,21.06527],[-104.9293,21.06526],[-104.9293,21.05716],[-104.93794,21.05716],[-104.93794,21.04905],[-104.92931,21.04905],[-104.92932,21.01663],[-104.97248,21.01664],[-104.97248,21.02475],[-104.98111,21.02475],[-104.98111,21.00854],[-104.99838,21.00854],[-104.99838,21.01665],[-105.00701,21.01665],[-105.00701,21.03286],[-105.01564,21.03286],[-105.01564,21.02475],[-105.02427,21.02475],[-105.02427,21.01665],[-105.0329,21.01664],[-105.0329,21.00854],[-105.04153,21.00854],[-105.04153,21.01664],[-105.0588,21.01664],[-105.0588,21.03285],[-105.0847,21.03284],[-105.0847,21.04094]],[[-104.96384,21.06527],[-104.97247,21.06527],[-104.97247,21.05717],[-104.96384,21.05717],[-104.96384,21.06527]],[[-104.94658,21.03285],[-104.94658,21.02474],[-104.93795,21.02474],[-104.93795,21.03284],[-104.94658,21.03285]],[[-104.95521,21.04906],[-104.96384,21.04906],[-104.96384,21.04096],[-104.95521,21.04095],[-104.95521,21.04906]]],[[[-105.03291,21.04096],[-105.04154,21.04096],[-105.04154,21.04906],[-105.03291,21.04906],[-105.03291,21.04096]]],[[[-104.93797,20.97611],[-104.92934,20.97611],[-104.92935,20.968],[-104.93798,20.96801],[-104.93797,20.97611]]],[[[-104.93763,21.77843],[-104.93764,21.77033],[-104.94631,21.77033],[-104.94631,21.77843],[-104.93763,21.77843]]],[[[-104.94651,21.24356],[-104.93786,21.24356],[-104.93786,21.23546],[-104.95515,21.23546],[-104.95515,21.25167],[-104.9465,21.25167],[-104.94651,21.24356]]],[[[-104.97233,21.83517],[-104.94629,21.83516],[-104.94629,21.82706],[-104.97233,21.82706],[-104.97233,21.83517]]],[[[-104.97234,21.76223],[-104.96367,21.76223],[-104.96367,21.74602],[-104.97234,21.74603],[-104.97234,21.76223]]],[[[-104.96367,21.74602],[-104.955,21.74602],[-104.955,21.73792],[-104.96367,21.73792],[-104.96367,21.74602]]],[[[-104.955,21.74602],[-104.95499,21.76223],[-104.94632,21.76223],[-104.94632,21.74602],[-104.955,21.74602]]],[[[-104.94642,21.47048],[-104.94643,21.46238],[-104.95508,21.46238],[-104.95508,21.47049],[-104.94642,21.47048]]],[[[-104.95512,21.34082],[-104.94647,21.34082],[-104.94647,21.33271],[-104.95512,21.33271],[-104.95512,21.34082]]],[[[-105.08533,22.11878],[-105.08534,22.12688],[-105.06794,22.12689],[-105.06795,22.13499],[-105.05055,22.135],[-105.05056,22.1512],[-105.03316,22.15121],[-105.03316,22.17552],[-105.02446,22.17552],[-105.02447,22.19173],[-105.01577,22.19173],[-105.01576,22.16742],[-105.00706,22.16742],[-105.00706,22.15932],[-104.99836,22.15932],[-104.99836,22.15121],[-104.98097,22.15121],[-104.98097,22.14311],[-104.98966,22.14311],[-104.98967,22.135],[-104.97227,22.135],[-104.97227,22.1188],[-104.96358,22.11879],[-104.96358,22.11069],[-104.95488,22.11069],[-104.9549,22.05396],[-104.97229,22.05397],[-104.97229,22.03776],[-104.98098,22.03776],[-104.98097,22.10259],[-104.98967,22.10259],[-104.98967,22.1188],[-104.99836,22.1188],[-104.99836,22.1269],[-105.00706,22.1269],[-105.00706,22.135],[-105.02446,22.135],[-105.02446,22.1269],[-105.03315,22.1269],[-105.03315,22.11879],[-105.02445,22.1188],[-105.02445,22.11069],[-105.04185,22.11069],[-105.04185,22.11879],[-105.05055,22.11879],[-105.05054,22.11069],[-105.06794,22.11068],[-105.06793,22.10258],[-105.07663,22.10257],[-105.07662,22.08637],[-105.09401,22.08636],[-105.09403,22.11877],[-105.08533,22.11878]],[[-104.98097,22.10259],[-104.97228,22.10259],[-104.97227,22.11069],[-104.98097,22.11069],[-104.98097,22.10259]],[[-104.96358,22.08638],[-104.97228,22.08638],[-104.97228,22.07828],[-104.96359,22.07828],[-104.96358,22.08638]],[[-105.01576,22.15121],[-105.02446,22.15121],[-105.02446,22.14311],[-105.01576,22.14311],[-105.01576,22.15121]]],[[[-105.05054,22.11069],[-105.04185,22.11069],[-105.04184,22.10259],[-105.05054,22.10258],[-105.05054,22.11069]]],[[[-105.02445,22.1188],[-105.02446,22.1269],[-105.00706,22.1269],[-105.00706,22.1188],[-104.99836,22.1188],[-104.99836,22.10259],[-105.00706,22.10259],[-105.00706,22.11069],[-105.01576,22.11069],[-105.01576,22.1188],[-105.02445,22.1188]]],[[[-104.99836,22.10259],[-104.98967,22.10259],[-104.98967,22.09449],[-104.99836,22.09449],[-104.99836,22.10259]]],[[[-104.98098,22.03776],[-104.98098,22.02966],[-104.97229,22.02966],[-104.97229,22.02155],[-104.98098,22.02155],[-104.98098,22.01345],[-104.98967,22.01345],[-104.98967,22.00535],[-104.99836,22.00535],[-104.99836,22.01345],[-105.00706,22.01345],[-105.00706,22.02156],[-104.99836,22.02156],[-104.99836,22.02966],[-105.00706,22.02966],[-105.00706,22.03776],[-104.98098,22.03776]]],[[[-105.01577,22.19173],[-105.01577,22.19983],[-105.00706,22.19983],[-105.00706,22.19173],[-105.01577,22.19173]]],[[[-105.02447,22.19173],[-105.03317,22.19173],[-105.03317,22.19983],[-105.04187,22.19983],[-105.04187,22.20793],[-105.05058,22.20793],[-105.05058,22.21603],[-105.02447,22.21604],[-105.02447,22.19173]]],[[[-104.98099,21.97293],[-104.98099,21.98104],[-104.96361,21.98103],[-104.96361,21.96483],[-104.9723,21.96483],[-104.9723,21.97293],[-104.98099,21.97293]]],[[[-104.98099,21.97293],[-104.98099,21.96483],[-104.9723,21.96483],[-104.9723,21.95672],[-104.98968,21.95673],[-104.98968,21.97293],[-104.98099,21.97293]]],[[[-104.96361,21.98103],[-104.96361,21.99724],[-104.95492,21.99724],[-104.95492,21.98103],[-104.96361,21.98103]]],[[[-104.98099,21.98104],[-104.98968,21.98104],[-104.98968,21.98914],[-104.98099,21.98914],[-104.98099,21.98104]]],[[[-104.98968,21.87569],[-104.98968,21.8919],[-104.981,21.8919],[-104.981,21.9081],[-104.97231,21.9081],[-104.97231,21.9],[-104.96363,21.9],[-104.96364,21.88379],[-104.97232,21.88379],[-104.97232,21.87569],[-104.96364,21.87569],[-104.96364,21.86758],[-104.981,21.86758],[-104.981,21.87569],[-104.98968,21.87569]]],[[[-104.98968,21.8919],[-104.99837,21.8919],[-104.99837,21.9],[-104.98968,21.9],[-104.98968,21.8919]]],[[[-104.981,21.9081],[-104.99837,21.9081],[-104.99837,21.91621],[-104.981,21.91621],[-104.981,21.9081]]],[[[-104.97232,21.85948],[-104.97232,21.85138],[-104.98101,21.85138],[-104.981,21.85948],[-104.97232,21.85948]]],[[[-104.98101,21.78655],[-104.98101,21.79465],[-104.97234,21.79465],[-104.97234,21.78655],[-104.98101,21.78655]]],[[[-104.98101,21.78655],[-104.98101,21.77844],[-104.98969,21.77844],[-104.98969,21.78655],[-104.98101,21.78655]]],[[[-104.98101,21.79465],[-104.98969,21.79465],[-104.98969,21.80275],[-104.98101,21.80275],[-104.98101,21.79465]]],[[[-104.98101,21.83517],[-104.98101,21.82707],[-104.98969,21.82707],[-104.98969,21.83517],[-104.98101,21.83517]]],[[[-105.03314,22.07017],[-105.01575,22.07018],[-105.01575,22.07828],[-105.00706,22.07828],[-105.00706,22.07018],[-104.98967,22.07018],[-104.98967,22.05397],[-104.99836,22.05397],[-104.99836,22.06207],[-105.00706,22.06207],[-105.00706,22.05397],[-105.01575,22.05397],[-105.01575,22.03776],[-105.02444,22.03776],[-105.02444,22.05397],[-105.05052,22.05396],[-105.05052,22.06207],[-105.03314,22.06207],[-105.03314,22.07017]]],[[[-105.00706,22.07828],[-105.00706,22.08638],[-104.99836,22.08638],[-104.99836,22.07828],[-105.00706,22.07828]]],[[[-104.9897,21.66499],[-104.9897,21.64878],[-104.99837,21.64878],[-104.99837,21.66499],[-104.9897,21.66499]]],[[[-104.99837,21.52722],[-104.98971,21.52722],[-104.98971,21.51912],[-104.99837,21.51912],[-104.99837,21.52722]]],[[[-104.99836,21.99724],[-104.99836,21.98104],[-105.02443,21.98104],[-105.02443,21.99724],[-105.01574,21.99724],[-105.01574,21.98914],[-105.00705,21.98914],[-105.00705,21.99724],[-104.99836,21.99724]]],[[[-105.01566,21.26788],[-104.99837,21.26789],[-104.99837,21.25978],[-105.00702,21.25978],[-105.00702,21.25168],[-105.01566,21.25168],[-105.01566,21.26788]]],[[[-105.01564,21.00854],[-105.01564,21.00044],[-105.02427,21.00044],[-105.02427,21.00854],[-105.01564,21.00854]]],[[[-105.03296,21.25978],[-105.02431,21.25978],[-105.02431,21.25168],[-105.03295,21.25167],[-105.03296,21.25978]]],[[[-105.05892,21.32461],[-105.05892,21.34081],[-105.05027,21.34082],[-105.05027,21.33271],[-105.04162,21.33271],[-105.04162,21.31651],[-105.05027,21.3165],[-105.05027,21.32461],[-105.05892,21.32461]]],[[[-105.05892,21.32461],[-105.05891,21.3165],[-105.06756,21.3165],[-105.06757,21.3246],[-105.05892,21.32461]]],[[[-105.05027,21.34082],[-105.05028,21.34892],[-105.04163,21.34892],[-105.04162,21.34082],[-105.04867,21.34082],[-105.05027,21.34082]]],[[[-105.05038,21.65688],[-105.04171,21.65688],[-105.04171,21.64878],[-105.05038,21.64877],[-105.05038,21.65688]]],[[[-105.04188,22.23224],[-105.04188,22.22414],[-105.05058,22.22414],[-105.05059,22.23224],[-105.04188,22.23224]]],[[[-105.0589,21.26788],[-105.05025,21.26788],[-105.05025,21.25977],[-105.05889,21.25977],[-105.0589,21.26788]]],[[[-105.0589,21.26788],[-105.06754,21.26787],[-105.06754,21.27598],[-105.0589,21.27598],[-105.0589,21.26788]]],[[[-105.05891,21.3084],[-105.05026,21.3084],[-105.05026,21.3003],[-105.05891,21.30029],[-105.05891,21.3084]]],[[[-105.05057,22.19982],[-105.05057,22.19172],[-105.05927,22.19172],[-105.05928,22.19982],[-105.05057,22.19982]]],[[[-105.21622,22.40227],[-105.19008,22.4023],[-105.19007,22.3942],[-105.19878,22.39419],[-105.19876,22.37798],[-105.18133,22.378],[-105.18132,22.3699],[-105.19003,22.36989],[-105.19001,22.35369],[-105.17259,22.3537],[-105.17261,22.36991],[-105.1639,22.36992],[-105.16388,22.35371],[-105.15517,22.35372],[-105.15518,22.36183],[-105.14646,22.36183],[-105.14646,22.35373],[-105.12903,22.35375],[-105.129,22.32133],[-105.11158,22.32134],[-105.11155,22.27273],[-105.09413,22.27274],[-105.09413,22.26463],[-105.08542,22.26464],[-105.08542,22.25653],[-105.07671,22.25654],[-105.07671,22.24844],[-105.0593,22.24844],[-105.05929,22.24034],[-105.068,22.24034],[-105.06799,22.23223],[-105.0767,22.23223],[-105.07669,22.22413],[-105.06799,22.22413],[-105.06799,22.21603],[-105.05928,22.21603],[-105.05928,22.20793],[-105.06798,22.20792],[-105.06797,22.18361],[-105.05057,22.18362],[-105.05057,22.17551],[-105.05927,22.17551],[-105.05926,22.16741],[-105.07666,22.1674],[-105.07667,22.1755],[-105.10277,22.17549],[-105.10276,22.16739],[-105.11146,22.16738],[-105.11146,22.15928],[-105.12885,22.15926],[-105.12886,22.16737],[-105.15496,22.16735],[-105.15497,22.17545],[-105.14627,22.17546],[-105.14628,22.18356],[-105.13758,22.18357],[-105.13759,22.19977],[-105.1463,22.19977],[-105.14629,22.19166],[-105.15499,22.19166],[-105.15501,22.21597],[-105.14631,22.21597],[-105.14632,22.22408],[-105.15502,22.22407],[-105.15503,22.23217],[-105.13762,22.23219],[-105.13763,22.24029],[-105.14634,22.24028],[-105.14635,22.24839],[-105.15505,22.24838],[-105.15506,22.25648],[-105.16376,22.25647],[-105.16379,22.28078],[-105.15509,22.28079],[-105.1551,22.2889],[-105.1638,22.28889],[-105.16381,22.29699],[-105.18994,22.29696],[-105.18995,22.30507],[-105.18124,22.30508],[-105.18125,22.31318],[-105.18996,22.31317],[-105.18997,22.32127],[-105.19868,22.32126],[-105.1987,22.33747],[-105.20741,22.33746],[-105.2074,22.32935],[-105.21611,22.32934],[-105.21613,22.34555],[-105.20742,22.34556],[-105.20745,22.36177],[-105.21616,22.36176],[-105.21618,22.37796],[-105.20747,22.37797],[-105.20748,22.38608],[-105.2162,22.38607],[-105.21622,22.40227]],[[-105.09413,22.26463],[-105.10283,22.26463],[-105.10283,22.25652],[-105.09412,22.25653],[-105.09413,22.26463]],[[-105.13758,22.18357],[-105.13757,22.17546],[-105.12887,22.17547],[-105.12888,22.18357],[-105.13758,22.18357]],[[-105.13762,22.23219],[-105.13762,22.22408],[-105.12891,22.22409],[-105.12892,22.2322],[-105.13762,22.23219]],[[-105.12892,22.2322],[-105.12022,22.2322],[-105.12022,22.24031],[-105.12893,22.2403],[-105.12892,22.2322]],[[-105.10279,22.2079],[-105.09409,22.20791],[-105.09409,22.21601],[-105.1028,22.21601],[-105.10279,22.2079]],[[-105.10281,22.23221],[-105.11151,22.23221],[-105.11151,22.2241],[-105.1028,22.22411],[-105.10281,22.23221]],[[-105.11149,22.2079],[-105.1115,22.216],[-105.1202,22.216],[-105.1202,22.20789],[-105.11149,22.2079]],[[-105.12894,22.25651],[-105.13765,22.2565],[-105.13764,22.24839],[-105.12023,22.24841],[-105.12024,22.26462],[-105.12895,22.26461],[-105.12894,22.25651]],[[-105.13769,22.29702],[-105.1377,22.30512],[-105.15511,22.3051],[-105.1551,22.297],[-105.13769,22.29702]],[[-105.13769,22.29702],[-105.13768,22.28891],[-105.12897,22.28892],[-105.12898,22.29702],[-105.13769,22.29702]],[[-105.15514,22.32941],[-105.14643,22.32942],[-105.14645,22.34563],[-105.15516,22.34562],[-105.15514,22.32941]]],[[[-105.22496,22.41847],[-105.23368,22.41845],[-105.23369,22.42656],[-105.22498,22.42657],[-105.22499,22.43467],[-105.19884,22.43471],[-105.19883,22.4266],[-105.1814,22.42662],[-105.18139,22.41852],[-105.1901,22.41851],[-105.19009,22.41041],[-105.1988,22.4104],[-105.19882,22.4185],[-105.20753,22.41849],[-105.20752,22.41039],[-105.21623,22.41037],[-105.21622,22.40227],[-105.22494,22.40226],[-105.22496,22.41847]]],[[[-105.21613,22.34555],[-105.23356,22.34552],[-105.23357,22.35363],[-105.21615,22.35365],[-105.21613,22.34555]]],[[[-105.1638,22.28889],[-105.16379,22.28078],[-105.1725,22.28078],[-105.17251,22.28888],[-105.1638,22.28889]]],[[[-105.19884,22.43471],[-105.19885,22.44281],[-105.19013,22.44282],[-105.19012,22.43472],[-105.19884,22.43471]]],[[[-105.13683,21.3975],[-105.10221,21.39752],[-105.10221,21.38942],[-105.11952,21.38941],[-105.11951,21.3813],[-105.13681,21.38129],[-105.13683,21.3975]]],[[[-105.13681,21.38129],[-105.13681,21.37319],[-105.15411,21.37317],[-105.15414,21.39748],[-105.14548,21.39749],[-105.14547,21.38128],[-105.13681,21.38129]]],[[[-105.11951,21.3813],[-105.11086,21.38131],[-105.11085,21.3732],[-105.1195,21.3732],[-105.11951,21.3813]]],[[[-105.10221,21.39752],[-105.10222,21.40563],[-105.09357,21.40563],[-105.09356,21.39753],[-105.10221,21.39752]]],[[[-105.09356,21.39753],[-105.08491,21.39753],[-105.0849,21.38943],[-105.09356,21.38942],[-105.09356,21.39753]]],[[[-105.0849,21.38943],[-105.05894,21.38944],[-105.05894,21.38134],[-105.06759,21.38133],[-105.06758,21.35702],[-105.07623,21.35702],[-105.07623,21.34891],[-105.06758,21.34891],[-105.06757,21.34081],[-105.08488,21.3408],[-105.08488,21.35701],[-105.09354,21.35701],[-105.09354,21.36511],[-105.07624,21.36512],[-105.07625,21.38133],[-105.0849,21.38132],[-105.0849,21.38943]]],[[[-105.0849,21.38132],[-105.08489,21.37322],[-105.09355,21.37322],[-105.09355,21.38132],[-105.0849,21.38132]]],[[[-105.06758,21.34891],[-105.06758,21.35702],[-105.05893,21.35702],[-105.05893,21.34892],[-105.06758,21.34891]]],[[[-105.08476,21.13819],[-105.08475,21.13009],[-105.09339,21.13008],[-105.0934,21.13819],[-105.08476,21.13819]]],[[[-105.08475,21.13009],[-105.07612,21.13009],[-105.07611,21.12199],[-105.08475,21.12198],[-105.08475,21.13009]]],[[[-105.07611,21.12199],[-105.06747,21.12199],[-105.06747,21.11389],[-105.07611,21.11388],[-105.07611,21.12199]]],[[[-105.10201,21.10577],[-105.0761,21.10578],[-105.0761,21.09768],[-105.10201,21.09766],[-105.10201,21.10577]]],[[[-105.10198,21.04903],[-105.10199,21.07335],[-105.09336,21.07335],[-105.09335,21.05714],[-105.08471,21.05715],[-105.08471,21.04904],[-105.10198,21.04903]]],[[[-105.09352,21.33269],[-105.09351,21.31649],[-105.10216,21.31648],[-105.10217,21.33269],[-105.09352,21.33269]]],[[[-105.09353,21.3489],[-105.09353,21.3408],[-105.10218,21.34079],[-105.10218,21.3489],[-105.09353,21.3489]]],[[[-105.12789,21.06523],[-105.12791,21.08954],[-105.11927,21.08955],[-105.11927,21.08144],[-105.11063,21.08145],[-105.11063,21.07334],[-105.11926,21.07334],[-105.11925,21.06523],[-105.12789,21.06523]]],[[[-105.12789,21.06523],[-105.12788,21.05712],[-105.14515,21.05711],[-105.14516,21.06521],[-105.12789,21.06523]]],[[[-105.11063,21.08145],[-105.11064,21.08955],[-105.102,21.08956],[-105.102,21.08145],[-105.11063,21.08145]]],[[[-105.11925,21.06523],[-105.11062,21.06524],[-105.11061,21.04903],[-105.11924,21.04902],[-105.11925,21.06523]]],[[[-105.11924,21.04902],[-105.11924,21.04092],[-105.1365,21.04091],[-105.13651,21.04901],[-105.11924,21.04902]]],[[[-105.17161,21.54334],[-105.14563,21.54337],[-105.14564,21.55147],[-105.13697,21.55148],[-105.13697,21.54337],[-105.1283,21.54338],[-105.12831,21.55148],[-105.11965,21.55149],[-105.11965,21.55959],[-105.11099,21.5596],[-105.11097,21.53529],[-105.11281,21.53529],[-105.11817,21.54078],[-105.12186,21.5415],[-105.12336,21.53991],[-105.12595,21.54032],[-105.1265,21.53726],[-105.12445,21.53621],[-105.12479,21.53528],[-105.1716,21.53524],[-105.17161,21.54334]]],[[[-105.12818,21.40561],[-105.1282,21.42992],[-105.11955,21.42993],[-105.11953,21.40562],[-105.12818,21.40561]]],[[[-105.13687,21.44612],[-105.13689,21.46233],[-105.12823,21.46234],[-105.12822,21.44613],[-105.13687,21.44612]]],[[[-105.17963,21.00845],[-105.171,21.00846],[-105.17099,21.00035],[-105.17962,21.00034],[-105.17963,21.00845]]],[[[-105.17963,21.00845],[-105.18826,21.00844],[-105.18828,21.02465],[-105.16238,21.02467],[-105.16239,21.03278],[-105.15376,21.03279],[-105.15374,21.01658],[-105.17964,21.01655],[-105.17963,21.00845]]],[[[-105.15376,21.03279],[-105.15378,21.049],[-105.14514,21.049],[-105.14513,21.03279],[-105.15376,21.03279]]],[[[-105.15373,21.00847],[-105.15373,21.00037],[-105.16236,21.00036],[-105.16236,21.00847],[-105.15373,21.00847]]],[[[-105.1542,21.46232],[-105.15419,21.44611],[-105.16284,21.4461],[-105.16286,21.46231],[-105.1542,21.46232]]],[[[-105.15422,21.47852],[-105.15421,21.47042],[-105.16287,21.47041],[-105.16288,21.47852],[-105.15422,21.47852]]],[[[-105.15427,21.52715],[-105.15426,21.51905],[-105.16293,21.51904],[-105.16293,21.52714],[-105.15427,21.52715]]],[[[-105.17164,21.56765],[-105.16298,21.56766],[-105.16297,21.55956],[-105.17163,21.55955],[-105.17164,21.56765]]],[[[-105.16297,21.55956],[-105.15431,21.55957],[-105.1543,21.55146],[-105.16296,21.55145],[-105.16297,21.55956]]],[[[-105.16394,22.40233],[-105.16394,22.41044],[-105.17266,22.41043],[-105.17267,22.41853],[-105.15524,22.41855],[-105.15521,22.39424],[-105.16393,22.39423],[-105.16391,22.37802],[-105.17262,22.37801],[-105.17264,22.39422],[-105.18135,22.39421],[-105.18136,22.40231],[-105.16394,22.40233]]],[[[-105.20766,22.50762],[-105.20769,22.52383],[-105.19024,22.52385],[-105.19023,22.51575],[-105.16407,22.51578],[-105.16406,22.50767],[-105.15534,22.50768],[-105.15532,22.49148],[-105.17276,22.49146],[-105.17277,22.49956],[-105.18149,22.49955],[-105.1815,22.50766],[-105.19022,22.50765],[-105.19021,22.49954],[-105.19893,22.49953],[-105.19894,22.50763],[-105.20766,22.50762]]],[[[-105.19024,22.52385],[-105.19026,22.53195],[-105.18153,22.53196],[-105.18152,22.52386],[-105.19024,22.52385]]],[[[-105.1709,20.92741],[-105.17091,20.93552],[-105.16229,20.93552],[-105.16228,20.92742],[-105.1709,20.92741]]],[[[-105.1709,20.92741],[-105.17089,20.91931],[-105.17952,20.9193],[-105.17953,20.9274],[-105.1709,20.92741]]],[[[-105.17089,20.91931],[-105.16227,20.91931],[-105.16226,20.91121],[-105.17088,20.9112],[-105.17089,20.91931]]],[[[-105.17088,20.9031],[-105.17087,20.89499],[-105.17949,20.89498],[-105.1795,20.90309],[-105.17088,20.9031]]],[[[-105.18825,21.00033],[-105.18824,20.99223],[-105.19687,20.99222],[-105.19688,21.00032],[-105.18825,21.00033]]],[[[-105.18824,20.99223],[-105.17961,20.99224],[-105.1796,20.98413],[-105.18823,20.98412],[-105.18824,20.99223]]],[[[-105.18823,20.98412],[-105.18822,20.97602],[-105.19685,20.97601],[-105.19686,20.98411],[-105.18823,20.98412]]],[[[-105.1796,20.98413],[-105.17097,20.98414],[-105.17095,20.96793],[-105.17958,20.96792],[-105.1796,20.98413]]],[[[-105.17957,20.95982],[-105.17956,20.95172],[-105.19681,20.9517],[-105.19684,20.96791],[-105.18821,20.96792],[-105.1882,20.95981],[-105.17957,20.95982]]],[[[-105.18159,22.57248],[-105.18156,22.55627],[-105.19029,22.55626],[-105.19031,22.57247],[-105.18159,22.57248]]],[[[-105.36049,20.84607],[-105.36054,20.87038],[-105.3433,20.87042],[-105.34332,20.87852],[-105.32607,20.87856],[-105.32611,20.89477],[-105.30023,20.89481],[-105.30025,20.90292],[-105.29162,20.90293],[-105.29161,20.89483],[-105.28298,20.89484],[-105.28301,20.91105],[-105.29164,20.91104],[-105.2917,20.94346],[-105.28308,20.94347],[-105.28309,20.95158],[-105.26584,20.9516],[-105.26582,20.9435],[-105.24857,20.94352],[-105.24858,20.95163],[-105.23995,20.95164],[-105.23997,20.95975],[-105.23134,20.95976],[-105.23131,20.94355],[-105.23994,20.94354],[-105.23993,20.93543],[-105.2313,20.93544],[-105.23126,20.91113],[-105.22264,20.91114],[-105.22263,20.90304],[-105.214,20.90305],[-105.21401,20.91115],[-105.19676,20.91117],[-105.19674,20.89496],[-105.18812,20.89497],[-105.1881,20.87876],[-105.20534,20.87874],[-105.20533,20.87064],[-105.21395,20.87063],[-105.21397,20.87873],[-105.22259,20.87872],[-105.2226,20.88683],[-105.23985,20.8868],[-105.23986,20.89491],[-105.24849,20.8949],[-105.24846,20.87869],[-105.25708,20.87867],[-105.25707,20.87057],[-105.26569,20.87056],[-105.26566,20.85435],[-105.28291,20.85432],[-105.28289,20.84622],[-105.29151,20.8462],[-105.29153,20.85431],[-105.30015,20.85429],[-105.30018,20.8705],[-105.30881,20.87048],[-105.30876,20.84617],[-105.326,20.84614],[-105.32597,20.82993],[-105.33459,20.82991],[-105.3346,20.83802],[-105.34323,20.838],[-105.34321,20.8299],[-105.36907,20.82984],[-105.36911,20.84605],[-105.36049,20.84607]],[[-105.2226,20.88683],[-105.21398,20.88684],[-105.21399,20.89494],[-105.22261,20.89493],[-105.2226,20.88683]],[[-105.23986,20.89491],[-105.23124,20.89492],[-105.23125,20.90303],[-105.23987,20.90301],[-105.23986,20.89491]],[[-105.25711,20.89488],[-105.25712,20.90299],[-105.26575,20.90298],[-105.26574,20.89487],[-105.25711,20.89488]],[[-105.30022,20.88671],[-105.3002,20.8786],[-105.29158,20.87862],[-105.29159,20.88672],[-105.30022,20.88671]]],[[[-105.23997,20.95975],[-105.24859,20.95973],[-105.24861,20.96784],[-105.23998,20.96785],[-105.23997,20.95975]]],[[[-105.199,22.54815],[-105.20772,22.54814],[-105.2077,22.53193],[-105.21642,22.53192],[-105.21646,22.55623],[-105.19901,22.55625],[-105.199,22.54815]]],[[[-105.20682,21.93229],[-105.20681,21.92418],[-105.21549,21.92417],[-105.2155,21.93227],[-105.20682,21.93229]]],[[[-105.22271,20.95977],[-105.21408,20.95978],[-105.21407,20.95168],[-105.2227,20.95166],[-105.22271,20.95977]]],[[[-105.21641,22.52382],[-105.2164,22.51572],[-105.22512,22.5157],[-105.22513,22.52381],[-105.21641,22.52382]]],[[[-105.23375,22.45897],[-105.23373,22.45087],[-105.24245,22.45085],[-105.24246,22.45896],[-105.23375,22.45897]]],[[[-105.25114,22.43463],[-105.24242,22.43465],[-105.24241,22.42654],[-105.25112,22.42653],[-105.25114,22.43463]]],[[[-105.25988,22.45083],[-105.2599,22.45893],[-105.25118,22.45894],[-105.25117,22.45084],[-105.25988,22.45083]]],[[[-105.25988,22.45083],[-105.25987,22.44272],[-105.26859,22.44271],[-105.2686,22.45081],[-105.25988,22.45083]]],[[[-105.38639,20.86222],[-105.38635,20.84601],[-105.37773,20.84603],[-105.37771,20.83793],[-105.39495,20.83789],[-105.39502,20.8622],[-105.38639,20.86222]]],[[[-105.41211,20.80543],[-105.41206,20.78922],[-105.42068,20.7892],[-105.42072,20.80541],[-105.41211,20.80543]]]]}},{"type":"Feature","properties":{"Nivel":"Media","Supha":62837.0},"geometry":{"type":"MultiPolygon","coordinates":[[[[-104.74684,21.72963],[-104.75551,21.72964],[-104.7555,21.73774],[-104.76417,21.73776],[-104.76413,21.76207],[-104.77281,21.76208],[-104.77282,21.75398],[-104.79885,21.75401],[-104.79884,21.76211],[-104.80751,21.76212],[-104.80748,21.78644],[-104.7988,21.78642],[-104.79879,21.79453],[-104.79011,21.79452],[-104.79013,21.78641],[-104.77277,21.78639],[-104.77276,21.79449],[-104.76408,21.79448],[-104.76412,21.77017],[-104.74677,21.77015],[-104.7468,21.75394],[-104.73812,21.75392],[-104.73814,21.74582],[-104.74681,21.74583],[-104.74684,21.72963]],[[-104.77281,21.76208],[-104.7728,21.77018],[-104.79015,21.77021],[-104.79016,21.7621],[-104.77281,21.76208]]],[[[-104.80762,21.68109],[-104.79028,21.68106],[-104.7903,21.66486],[-104.80764,21.66488],[-104.80762,21.68109]]],[[[-104.79028,21.68106],[-104.79027,21.68917],[-104.7816,21.68916],[-104.78161,21.68105],[-104.79028,21.68106]]],[[[-104.7903,21.66486],[-104.77296,21.66483],[-104.77298,21.65673],[-104.78164,21.65674],[-104.78166,21.64864],[-104.79032,21.64865],[-104.7903,21.66486]]],[[[-104.78166,21.64864],[-104.76432,21.64861],[-104.76433,21.64051],[-104.773,21.64052],[-104.77301,21.63242],[-104.78168,21.63243],[-104.78166,21.64864]]],[[[-104.77301,21.63242],[-104.75568,21.63239],[-104.75566,21.6405],[-104.747,21.64048],[-104.74698,21.64859],[-104.73831,21.64857],[-104.73824,21.68909],[-104.75558,21.68912],[-104.75557,21.69722],[-104.72956,21.69718],[-104.72954,21.70529],[-104.72087,21.70527],[-104.72092,21.68096],[-104.72959,21.68098],[-104.7296,21.67287],[-104.72093,21.67286],[-104.72095,21.66475],[-104.72962,21.66477],[-104.72966,21.64046],[-104.73833,21.64047],[-104.73836,21.62426],[-104.75569,21.62429],[-104.75572,21.60808],[-104.76439,21.60809],[-104.76437,21.6162],[-104.77304,21.61621],[-104.77301,21.63242]]],[[[-104.74698,21.64859],[-104.75565,21.6486],[-104.75564,21.65671],[-104.74697,21.65669],[-104.74698,21.64859]]],[[[-104.72954,21.70529],[-104.73821,21.7053],[-104.7382,21.71341],[-104.72952,21.71339],[-104.72954,21.70529]]],[[[-104.7382,21.71341],[-104.74687,21.71342],[-104.74684,21.72963],[-104.73817,21.72961],[-104.73815,21.73772],[-104.72948,21.7377],[-104.72951,21.7215],[-104.73818,21.72151],[-104.7382,21.71341]]],[[[-104.72952,21.71339],[-104.72951,21.7215],[-104.72084,21.72148],[-104.72085,21.71338],[-104.72952,21.71339]]],[[[-104.80758,21.7135],[-104.77289,21.71346],[-104.7729,21.70535],[-104.78157,21.70536],[-104.78158,21.69726],[-104.79025,21.69727],[-104.79024,21.70538],[-104.80759,21.7054],[-104.80758,21.7135]]],[[[-104.77289,21.71346],[-104.77287,21.72156],[-104.7642,21.72155],[-104.76421,21.71344],[-104.77289,21.71346]]],[[[-104.77287,21.72156],[-104.78155,21.72157],[-104.78153,21.72968],[-104.79021,21.72969],[-104.7902,21.73779],[-104.77285,21.73777],[-104.77287,21.72156]]],[[[-104.80737,21.86747],[-104.79869,21.86746],[-104.7987,21.85936],[-104.80738,21.85937],[-104.80737,21.86747]]],[[[-104.82544,21.2759],[-104.8168,21.27589],[-104.81681,21.26779],[-104.82545,21.2678],[-104.82544,21.2759]]],[[[-104.81681,21.26779],[-104.80816,21.26778],[-104.80817,21.25967],[-104.81682,21.25968],[-104.81681,21.26779]]],[[[-104.8941,21.98911],[-104.88541,21.9891],[-104.88539,22.00531],[-104.85932,22.00529],[-104.85933,21.99718],[-104.85064,21.99718],[-104.85068,21.96476],[-104.8333,21.96475],[-104.83331,21.95664],[-104.85069,21.95666],[-104.8507,21.94045],[-104.84202,21.94044],[-104.84203,21.93234],[-104.85071,21.93235],[-104.85072,21.92424],[-104.84203,21.92424],[-104.84207,21.89182],[-104.85075,21.89183],[-104.85076,21.88373],[-104.84208,21.88372],[-104.84209,21.87561],[-104.83341,21.8756],[-104.83341,21.8675],[-104.82473,21.86749],[-104.82476,21.84318],[-104.83344,21.84319],[-104.83342,21.8594],[-104.84211,21.85941],[-104.8421,21.86751],[-104.85078,21.86752],[-104.85077,21.87562],[-104.85945,21.87563],[-104.85944,21.88373],[-104.86813,21.88374],[-104.86813,21.87564],[-104.87682,21.87564],[-104.87679,21.90806],[-104.8681,21.90805],[-104.86808,21.93236],[-104.88545,21.93238],[-104.88545,21.94048],[-104.89413,21.94048],[-104.89413,21.94859],[-104.90281,21.94859],[-104.90282,21.94049],[-104.9115,21.9405],[-104.91151,21.93239],[-104.93757,21.9324],[-104.93756,21.94051],[-104.92888,21.9405],[-104.92887,21.94861],[-104.9115,21.9486],[-104.91149,21.96481],[-104.9028,21.9648],[-104.90281,21.9567],[-104.88543,21.95669],[-104.88543,21.96479],[-104.89411,21.9648],[-104.89411,21.9729],[-104.87673,21.97289],[-104.87673,21.98099],[-104.8941,21.981],[-104.8941,21.98911]],[[-104.85072,21.92424],[-104.8594,21.92425],[-104.85941,21.91615],[-104.85073,21.91614],[-104.85072,21.92424]],[[-104.86808,21.93236],[-104.8594,21.93236],[-104.85939,21.94046],[-104.86807,21.94047],[-104.86808,21.93236]],[[-104.88545,21.94048],[-104.87676,21.94047],[-104.87675,21.94858],[-104.88544,21.94858],[-104.88545,21.94048]]],[[[-104.92884,22.00533],[-104.91146,22.00532],[-104.91147,21.99722],[-104.92016,21.99723],[-104.92017,21.97291],[-104.93755,21.97292],[-104.93755,21.98103],[-104.92886,21.98102],[-104.92885,21.98913],[-104.93754,21.98913],[-104.93754,21.99723],[-104.92885,21.99723],[-104.92884,22.00533]]],[[[-104.91147,21.99722],[-104.89409,21.99721],[-104.8941,21.98911],[-104.91147,21.98912],[-104.91147,21.99722]]],[[[-104.85932,22.00529],[-104.85932,22.01339],[-104.85063,22.01338],[-104.85063,22.00528],[-104.85932,22.00529]]],[[[-104.85945,21.87563],[-104.85948,21.85132],[-104.86292,21.85132],[-104.87684,21.85133],[-104.87683,21.85944],[-104.86815,21.85943],[-104.86813,21.87564],[-104.85945,21.87563]]],[[[-104.89413,21.94048],[-104.89414,21.93238],[-104.90282,21.93239],[-104.90282,21.94049],[-104.89413,21.94048]]],[[[-104.90282,21.93239],[-104.90283,21.92428],[-104.91151,21.92429],[-104.91151,21.93239],[-104.90282,21.93239]]],[[[-104.96372,21.55153],[-104.95506,21.55153],[-104.95506,21.54342],[-104.96372,21.54342],[-104.96372,21.55153]]],[[[-104.95506,21.55153],[-104.95505,21.55963],[-104.94639,21.55963],[-104.94639,21.55152],[-104.95506,21.55153]]],[[[-104.94639,21.55963],[-104.94639,21.56773],[-104.93772,21.56773],[-104.93773,21.55963],[-104.94639,21.55963]]],[[[-104.95505,21.55963],[-104.96372,21.55963],[-104.96371,21.56774],[-104.95505,21.56773],[-104.95505,21.55963]]],[[[-104.95505,21.56773],[-104.95505,21.58394],[-104.94638,21.58394],[-104.94639,21.56773],[-104.95505,21.56773]]],[[[-104.93772,21.56773],[-104.93772,21.57583],[-104.90306,21.57582],[-104.90306,21.58392],[-104.89439,21.58392],[-104.8944,21.57581],[-104.88574,21.57581],[-104.88575,21.5596],[-104.86842,21.55958],[-104.86843,21.55148],[-104.84244,21.55146],[-104.84246,21.53525],[-104.85112,21.53526],[-104.85114,21.51905],[-104.84248,21.51904],[-104.8425,21.49473],[-104.85116,21.49474],[-104.85116,21.49396],[-104.85765,21.49602],[-104.85982,21.49269],[-104.85982,21.49475],[-104.86567,21.49475],[-104.86524,21.49641],[-104.86835,21.4976],[-104.86541,21.50363],[-104.86815,21.50457],[-104.86714,21.50761],[-104.86847,21.50832],[-104.8661,21.51322],[-104.86846,21.51672],[-104.86682,21.51732],[-104.86677,21.51979],[-104.86837,21.52056],[-104.86948,21.51911],[-104.87163,21.52032],[-104.871,21.52164],[-104.87256,21.52255],[-104.8731,21.52615],[-104.87211,21.5279],[-104.86597,21.52669],[-104.8636,21.53733],[-104.86594,21.53835],[-104.86427,21.54096],[-104.86277,21.54128],[-104.86213,21.54491],[-104.86341,21.54591],[-104.86522,21.54492],[-104.86719,21.54157],[-104.87117,21.54122],[-104.87321,21.543],[-104.87589,21.5432],[-104.87719,21.54099],[-104.87472,21.53918],[-104.88031,21.54051],[-104.88238,21.53636],[-104.87812,21.53455],[-104.87837,21.53366],[-104.88173,21.53346],[-104.88067,21.52935],[-104.88173,21.52902],[-104.88687,21.53529],[-104.88577,21.53529],[-104.88576,21.54339],[-104.8771,21.54338],[-104.87709,21.55149],[-104.91174,21.55151],[-104.91174,21.55961],[-104.9204,21.55962],[-104.92041,21.55151],[-104.92907,21.55152],[-104.92908,21.53531],[-104.92041,21.53531],[-104.91175,21.5353],[-104.91176,21.53027],[-104.91407,21.53063],[-104.91357,21.53267],[-104.91548,21.53382],[-104.92042,21.53278],[-104.92507,21.53251],[-104.92522,21.52833],[-104.92582,21.52685],[-104.92821,21.52819],[-104.92911,21.52731],[-104.93287,21.53188],[-104.93394,21.53085],[-104.93204,21.52738],[-104.93774,21.52721],[-104.93773,21.55963],[-104.92906,21.55962],[-104.92906,21.56773],[-104.93772,21.56773]]],[[[-104.86847,21.50832],[-104.87119,21.50981],[-104.87466,21.51121],[-104.86847,21.50985],[-104.86847,21.50832]]],[[[-104.91139,22.12688],[-104.8766,22.12685],[-104.87661,22.11875],[-104.894,22.11876],[-104.89401,22.11066],[-104.9114,22.11067],[-104.91139,22.12688]]],[[[-104.89401,22.11066],[-104.87661,22.11065],[-104.87662,22.10254],[-104.86792,22.10254],[-104.86793,22.09443],[-104.85924,22.09443],[-104.85925,22.07822],[-104.86795,22.07823],[-104.86794,22.08633],[-104.87663,22.08634],[-104.87663,22.09444],[-104.89402,22.09445],[-104.89401,22.11066]]],[[[-104.85925,22.07822],[-104.85056,22.07821],[-104.85057,22.07011],[-104.85926,22.07012],[-104.85925,22.07822]]],[[[-104.86795,22.07823],[-104.86796,22.06202],[-104.87666,22.06203],[-104.87664,22.07823],[-104.86795,22.07823]]],[[[-104.89402,22.09445],[-104.89402,22.08635],[-104.90272,22.08636],[-104.90271,22.09446],[-104.89402,22.09445]]],[[[-104.86003,21.27593],[-104.85138,21.27592],[-104.85139,21.26782],[-104.86004,21.26783],[-104.86003,21.27593]]],[[[-104.85248,21.48774],[-104.85534,21.48908],[-104.85206,21.48813],[-104.85248,21.48774]]],[[[-104.85809,21.4906],[-104.85982,21.49124],[-104.85982,21.49145],[-104.85809,21.4906]]],[[[-104.86744,21.49481],[-104.87285,21.49742],[-104.87464,21.50286],[-104.87271,21.49821],[-104.86744,21.49481]]],[[[-104.98969,21.78655],[-104.98969,21.79465],[-104.98101,21.79465],[-104.98101,21.78655],[-104.98969,21.78655]]],[[[-104.98101,21.79465],[-104.98101,21.80275],[-104.98969,21.80275],[-104.98969,21.81086],[-104.98101,21.81086],[-104.98101,21.81896],[-104.98969,21.81896],[-104.98969,21.82707],[-104.98101,21.82707],[-104.98101,21.83517],[-104.97233,21.83517],[-104.97233,21.82706],[-104.94629,21.82706],[-104.94629,21.84327],[-104.93761,21.84326],[-104.93761,21.82705],[-104.92025,21.82705],[-104.92025,21.83515],[-104.91157,21.83515],[-104.91156,21.84325],[-104.90288,21.84325],[-104.90288,21.85135],[-104.88552,21.85134],[-104.88553,21.83513],[-104.87685,21.83512],[-104.87686,21.81892],[-104.88554,21.81892],[-104.88554,21.82703],[-104.9029,21.82704],[-104.9029,21.81893],[-104.93762,21.81895],[-104.93762,21.80274],[-104.9463,21.80275],[-104.9463,21.81085],[-104.95498,21.81085],[-104.95498,21.79465],[-104.9463,21.79464],[-104.94631,21.78654],[-104.93763,21.78654],[-104.93763,21.77843],[-104.94631,21.77843],[-104.94631,21.77033],[-104.93764,21.77033],[-104.93765,21.74602],[-104.94632,21.74602],[-104.94632,21.76223],[-104.95499,21.76223],[-104.955,21.74602],[-104.96367,21.74602],[-104.96367,21.76223],[-104.97234,21.76223],[-104.97234,21.77844],[-104.98101,21.77844],[-104.98101,21.78655],[-104.97234,21.78655],[-104.97234,21.79465],[-104.98101,21.79465]]],[[[-104.87685,21.83512],[-104.87684,21.84323],[-104.86816,21.84322],[-104.86817,21.83512],[-104.87685,21.83512]]],[[[-104.86847,21.51674],[-104.86849,21.51694],[-104.86846,21.51694],[-104.86847,21.51674]]],[[[-104.87444,21.50286],[-104.87573,21.50673],[-104.87639,21.50853],[-104.87604,21.50831],[-104.87444,21.50286]]],[[[-104.90429,21.49083],[-104.90569,21.49214],[-104.90679,21.49148],[-104.90652,21.49401],[-104.90429,21.49083]]],[[[-104.91312,21.48984],[-104.9121,21.48668],[-104.92044,21.48668],[-104.92043,21.4981],[-104.91939,21.49536],[-104.9167,21.49493],[-104.91561,21.49597],[-104.9128,21.49465],[-104.91223,21.49307],[-104.91054,21.49478],[-104.91003,21.49266],[-104.9075,21.49086],[-104.90924,21.48933],[-104.91178,21.48999],[-104.91312,21.48984]]],[[[-104.91436,21.53038],[-104.91442,21.5302],[-104.91451,21.53025],[-104.91436,21.53038]]],[[[-104.92878,22.12689],[-104.92009,22.12688],[-104.92009,22.11878],[-104.92879,22.11878],[-104.92878,22.12689]]],[[[-104.9289,21.88378],[-104.92022,21.88377],[-104.92023,21.87567],[-104.92891,21.87567],[-104.9289,21.88378]]],[[[-105.00702,21.21926],[-104.99837,21.21926],[-104.99837,21.21115],[-104.97245,21.21115],[-104.97245,21.20305],[-104.98109,21.20305],[-104.98109,21.19495],[-104.99837,21.19495],[-104.99837,21.20305],[-105.01566,21.20305],[-105.01566,21.22736],[-105.00702,21.22736],[-105.00702,21.21926]]],[[[-104.98109,21.19495],[-104.97245,21.19494],[-104.97245,21.18684],[-104.98109,21.18684],[-104.98109,21.19495]]],[[[-104.97245,21.19494],[-104.97245,21.20305],[-104.9638,21.20305],[-104.96381,21.19494],[-104.97245,21.19494]]],[[[-104.98109,21.18684],[-104.98109,21.17063],[-104.98973,21.17063],[-104.98973,21.17874],[-104.99837,21.17874],[-104.99837,21.18684],[-104.98109,21.18684]]],[[[-104.98109,21.17063],[-104.97245,21.17063],[-104.97245,21.16253],[-104.98109,21.16253],[-104.98109,21.17063]]],[[[-104.99837,21.17874],[-104.99837,21.17063],[-105.00701,21.17063],[-105.00701,21.17874],[-104.99837,21.17874]]],[[[-104.9638,21.20305],[-104.9638,21.21926],[-104.95516,21.21925],[-104.95516,21.22736],[-104.9638,21.22736],[-104.9638,21.23546],[-104.93786,21.23546],[-104.93786,21.24356],[-104.94651,21.24356],[-104.9465,21.25167],[-104.95515,21.25167],[-104.95515,21.24357],[-104.96379,21.24357],[-104.96379,21.25978],[-104.9465,21.25977],[-104.9465,21.26788],[-104.95514,21.26788],[-104.95514,21.27598],[-104.96379,21.27599],[-104.96378,21.29219],[-104.95514,21.29219],[-104.95513,21.3003],[-104.96378,21.3003],[-104.96378,21.3084],[-104.97243,21.3084],[-104.97243,21.31651],[-104.98107,21.31651],[-104.98107,21.31992],[-104.98107,21.32461],[-104.98972,21.32462],[-104.98972,21.33272],[-105.01567,21.33272],[-105.01567,21.34082],[-104.98107,21.34082],[-104.98107,21.33272],[-104.96377,21.33272],[-104.96376,21.36513],[-104.98107,21.36514],[-104.98107,21.37324],[-104.97242,21.37324],[-104.97241,21.38945],[-104.98107,21.38945],[-104.98106,21.39755],[-104.97241,21.39755],[-104.97241,21.40566],[-104.96375,21.40565],[-104.96376,21.39755],[-104.94645,21.39755],[-104.94645,21.38944],[-104.95511,21.38944],[-104.95511,21.38134],[-104.94646,21.38134],[-104.94646,21.37323],[-104.95511,21.37324],[-104.95511,21.36513],[-104.94646,21.36513],[-104.94647,21.34892],[-104.93782,21.34892],[-104.93783,21.3246],[-104.92918,21.3246],[-104.92918,21.3165],[-104.92053,21.31649],[-104.92054,21.30839],[-104.92919,21.30839],[-104.92919,21.30029],[-104.93784,21.30029],[-104.93784,21.29219],[-104.92919,21.29218],[-104.9292,21.28408],[-104.93784,21.28408],[-104.93785,21.26787],[-104.9292,21.26787],[-104.92921,21.25977],[-104.93785,21.25977],[-104.93786,21.25167],[-104.92921,21.25166],[-104.92923,21.21114],[-104.93787,21.21114],[-104.93788,21.20304],[-104.94652,21.20304],[-104.94652,21.21115],[-104.95516,21.21115],[-104.95516,21.20304],[-104.9638,21.20305]],[[-104.97855,21.32052],[-104.97779,21.32131],[-104.97779,21.32138],[-104.97855,21.32052]],[[-104.94647,21.34082],[-104.95512,21.34082],[-104.95512,21.33271],[-104.94647,21.33271],[-104.94647,21.34082]],[[-104.94715,21.3084],[-104.94648,21.3084],[-104.94706,21.30848],[-104.94715,21.3084]],[[-104.972,21.31651],[-104.96378,21.31651],[-104.96377,21.32461],[-104.97242,21.32461],[-104.972,21.31651]]],[[[-104.95516,21.20304],[-104.94652,21.20304],[-104.94652,21.19494],[-104.95516,21.19494],[-104.95516,21.20304]]],[[[-104.96375,21.40565],[-104.96375,21.42186],[-104.9551,21.42186],[-104.9551,21.40565],[-104.96375,21.40565]]],[[[-104.96378,21.3003],[-104.96378,21.29219],[-104.97243,21.2922],[-104.97243,21.3003],[-104.96378,21.3003]]],[[[-104.92692,21.52242],[-104.92594,21.52221],[-104.92622,21.52184],[-104.92692,21.52242]]],[[[-104.94658,21.02474],[-104.94658,21.03285],[-104.93795,21.03284],[-104.93795,21.02474],[-104.94658,21.02474]]],[[[-104.95493,21.94051],[-104.95494,21.93241],[-104.96362,21.93241],[-104.96362,21.94862],[-104.94625,21.94861],[-104.94625,21.94051],[-104.95493,21.94051]]],[[[-104.97232,21.85948],[-104.97232,21.86758],[-104.96364,21.86758],[-104.96364,21.87569],[-104.97232,21.87569],[-104.97232,21.88379],[-104.94627,21.88378],[-104.94627,21.87568],[-104.95496,21.87568],[-104.95496,21.85948],[-104.94628,21.85947],[-104.94628,21.85137],[-104.96364,21.85137],[-104.96364,21.85948],[-104.97232,21.85948]]],[[[-104.98968,21.9],[-104.98968,21.9081],[-104.981,21.9081],[-104.981,21.9],[-104.98968,21.9]]],[[[-104.981,21.9081],[-104.981,21.92431],[-104.96363,21.92431],[-104.96363,21.9162],[-104.97231,21.91621],[-104.97231,21.9081],[-104.981,21.9081]]],[[[-104.981,21.92431],[-104.98968,21.92431],[-104.98968,21.93241],[-104.98099,21.93241],[-104.981,21.92431]]],[[[-104.97231,21.9081],[-104.95495,21.9081],[-104.95495,21.89999],[-104.97231,21.9],[-104.97231,21.9081]]],[[[-104.97228,22.08638],[-104.96358,22.08638],[-104.96359,22.07828],[-104.97228,22.07828],[-104.97228,22.08638]]],[[[-104.98967,22.00535],[-104.98967,22.01345],[-104.98098,22.01345],[-104.98099,21.99724],[-104.96361,21.99724],[-104.96361,21.98103],[-104.98099,21.98104],[-104.98099,21.97293],[-104.99836,21.97293],[-104.99836,22.00535],[-104.98967,22.00535]],[[-104.98099,21.98104],[-104.98099,21.98914],[-104.98968,21.98914],[-104.98968,21.98104],[-104.98099,21.98104]]],[[[-104.98099,21.97293],[-104.9723,21.97293],[-104.9723,21.96483],[-104.98099,21.96483],[-104.98099,21.97293]]],[[[-104.97247,21.06527],[-104.96384,21.06527],[-104.96384,21.05717],[-104.97247,21.05717],[-104.97247,21.06527]]],[[[-105.03315,22.1269],[-105.02446,22.1269],[-105.02445,22.1188],[-105.03315,22.11879],[-105.03315,22.1269]]],[[[-105.02445,22.1188],[-105.01576,22.1188],[-105.01576,22.11069],[-105.02445,22.11069],[-105.02445,22.1188]]],[[[-105.02446,22.1269],[-105.02446,22.135],[-105.00706,22.135],[-105.00706,22.1269],[-105.02446,22.1269]]],[[[-105.00706,22.1269],[-104.99836,22.1269],[-104.99836,22.1188],[-105.00706,22.1188],[-105.00706,22.1269]]],[[[-104.99836,22.1188],[-104.98967,22.1188],[-104.98967,22.10259],[-104.99836,22.10259],[-104.99836,22.1188]]],[[[-104.98967,22.10259],[-104.98097,22.10259],[-104.98098,22.03776],[-104.98967,22.03776],[-104.98967,22.07018],[-105.00706,22.07018],[-105.00706,22.07828],[-104.99836,22.07828],[-104.99836,22.09449],[-104.98967,22.09449],[-104.98967,22.10259]]],[[[-104.98097,22.10259],[-104.98097,22.11069],[-104.97227,22.11069],[-104.97228,22.10259],[-104.98097,22.10259]]],[[[-104.98108,21.26788],[-104.97243,21.26788],[-104.97244,21.25978],[-104.98108,21.25978],[-104.98108,21.26788]]],[[[-105.14515,21.05711],[-105.12788,21.05712],[-105.12789,21.06523],[-105.11925,21.06523],[-105.11924,21.04902],[-105.13651,21.04901],[-105.1365,21.04091],[-105.14513,21.0409],[-105.14515,21.05711]]],[[[-105.11925,21.06523],[-105.11926,21.07334],[-105.11063,21.07334],[-105.11063,21.08145],[-105.102,21.08145],[-105.10201,21.09766],[-105.09337,21.09767],[-105.09336,21.07335],[-105.10199,21.07335],[-105.10198,21.05714],[-105.11061,21.05713],[-105.11062,21.06524],[-105.11925,21.06523]]],[[[-105.09336,21.07335],[-105.08472,21.07336],[-105.08471,21.05715],[-105.09335,21.05714],[-105.09336,21.07335]]],[[[-105.08471,21.05715],[-105.07608,21.05715],[-105.07608,21.04905],[-105.04154,21.04906],[-105.04154,21.04096],[-105.03291,21.04096],[-105.03291,21.03285],[-105.05017,21.03285],[-105.05017,21.04095],[-105.09334,21.04094],[-105.09334,21.04904],[-105.08471,21.04904],[-105.08471,21.05715]]],[[[-105.03291,21.04096],[-105.03291,21.05717],[-105.01564,21.05717],[-105.01564,21.04906],[-105.02428,21.04906],[-105.02427,21.04096],[-105.03291,21.04096]]],[[[-105.01564,21.05717],[-105.01564,21.06527],[-105.00701,21.06527],[-105.00701,21.07338],[-104.99838,21.07338],[-104.99838,21.05717],[-105.01564,21.05717]]],[[[-105.00701,21.07338],[-105.02428,21.07338],[-105.02428,21.09769],[-105.01565,21.09769],[-105.01565,21.1058],[-105.00701,21.1058],[-105.00701,21.1139],[-105.01565,21.1139],[-105.01565,21.12201],[-105.02429,21.122],[-105.02429,21.13011],[-105.00701,21.13011],[-105.00701,21.13821],[-104.98974,21.13821],[-104.98974,21.1139],[-104.9811,21.1139],[-104.9811,21.1058],[-104.98974,21.1058],[-104.98974,21.09769],[-104.99837,21.09769],[-104.99837,21.08959],[-105.00701,21.08959],[-105.00701,21.07338]]],[[[-105.01565,21.1058],[-105.02428,21.1058],[-105.02429,21.1139],[-105.01565,21.1139],[-105.01565,21.1058]]],[[[-104.99838,21.07338],[-104.99837,21.08148],[-104.98974,21.08148],[-104.98974,21.08959],[-104.9811,21.08959],[-104.9811,21.08148],[-104.97247,21.08148],[-104.97247,21.07338],[-104.98111,21.07338],[-104.98111,21.05717],[-104.98974,21.05717],[-104.98974,21.07338],[-104.99838,21.07338]]],[[[-104.98969,21.85948],[-104.981,21.85948],[-104.98101,21.85138],[-104.98969,21.85138],[-104.98969,21.85948]]],[[[-104.98973,21.27599],[-104.98972,21.3003],[-104.98108,21.3003],[-104.98108,21.27599],[-104.98973,21.27599]]],[[[-105.01566,21.23547],[-105.01566,21.25168],[-105.00702,21.25168],[-105.00702,21.23547],[-105.01566,21.23547]]],[[[-105.00702,21.25168],[-105.00702,21.25978],[-104.99837,21.25978],[-104.99837,21.25168],[-105.00702,21.25168]]],[[[-104.99837,21.25978],[-104.99837,21.26789],[-104.98973,21.26789],[-104.98973,21.25978],[-104.99837,21.25978]]],[[[-105.00706,22.02156],[-105.00706,22.02966],[-104.99836,22.02966],[-104.99836,22.02156],[-105.00706,22.02156]]],[[[-105.01565,21.14632],[-105.01565,21.15442],[-105.00701,21.15442],[-105.00701,21.14632],[-105.01565,21.14632]]],[[[-105.03296,21.25978],[-105.03295,21.25167],[-105.0416,21.25167],[-105.0416,21.26788],[-105.01566,21.26788],[-105.01566,21.25978],[-105.03296,21.25978]]],[[[-105.02429,21.15442],[-105.03293,21.15442],[-105.03294,21.17063],[-105.04158,21.17063],[-105.04158,21.17873],[-105.0243,21.17874],[-105.02429,21.15442]]],[[[-105.07612,21.1382],[-105.07612,21.1463],[-105.06749,21.14631],[-105.06748,21.1382],[-105.05884,21.1382],[-105.05884,21.1301],[-105.06748,21.1301],[-105.06747,21.12199],[-105.07611,21.12199],[-105.07612,21.13009],[-105.08475,21.13009],[-105.08476,21.13819],[-105.07612,21.1382]]],[[[-105.06747,21.12199],[-105.05884,21.122],[-105.05883,21.11389],[-105.06747,21.11389],[-105.06747,21.12199]]],[[[-105.06747,21.11389],[-105.06746,21.09768],[-105.0761,21.09768],[-105.07611,21.11388],[-105.06747,21.11389]]],[[[-105.05884,21.122],[-105.05884,21.1301],[-105.0502,21.1301],[-105.0502,21.122],[-105.05884,21.122]]],[[[-105.05884,21.1382],[-105.05885,21.14631],[-105.05021,21.14631],[-105.05021,21.13821],[-105.05884,21.1382]]],[[[-105.06749,21.14631],[-105.06749,21.15441],[-105.05885,21.15441],[-105.05885,21.14631],[-105.06749,21.14631]]],[[[-105.05021,21.14631],[-105.05021,21.15442],[-105.04157,21.15442],[-105.04157,21.14631],[-105.05021,21.14631]]],[[[-105.05021,21.13821],[-105.03293,21.13821],[-105.03292,21.122],[-105.04156,21.122],[-105.04156,21.13011],[-105.0502,21.1301],[-105.05021,21.13821]]],[[[-105.07623,21.35702],[-105.06758,21.35702],[-105.06758,21.34891],[-105.07623,21.34891],[-105.07623,21.35702]]],[[[-105.06758,21.35702],[-105.06759,21.38133],[-105.05894,21.38134],[-105.05894,21.37323],[-105.05028,21.37323],[-105.05028,21.36513],[-105.05893,21.36513],[-105.05893,21.35702],[-105.06758,21.35702]]],[[[-105.05893,21.35702],[-105.04163,21.35703],[-105.04163,21.34892],[-105.05028,21.34892],[-105.05027,21.34082],[-105.05892,21.34081],[-105.05893,21.35702]]],[[[-105.05027,21.34082],[-105.04272,21.34079],[-105.04162,21.34082],[-105.04162,21.33271],[-105.05027,21.33271],[-105.05027,21.34082]]],[[[-105.04272,21.34079],[-105.04278,21.34082],[-105.04246,21.34082],[-105.04272,21.34079]]],[[[-105.04162,21.34082],[-105.04163,21.34892],[-105.03298,21.34893],[-105.03297,21.34082],[-105.04162,21.34082]]],[[[-105.05882,21.08958],[-105.05019,21.08958],[-105.05019,21.08148],[-105.05882,21.08147],[-105.05882,21.08958]]],[[[-105.05019,21.08148],[-105.04155,21.08148],[-105.04155,21.07337],[-105.05018,21.07337],[-105.05019,21.08148]]],[[[-105.05054,22.11069],[-105.05055,22.11879],[-105.04185,22.11879],[-105.04185,22.11069],[-105.05054,22.11069]]],[[[-105.05891,21.30029],[-105.05026,21.3003],[-105.05026,21.29219],[-105.0589,21.29219],[-105.05891,21.30029]]],[[[-105.0676,21.39754],[-105.05895,21.39754],[-105.05894,21.38944],[-105.0676,21.38944],[-105.0676,21.39754]]],[[[-105.1028,22.21601],[-105.09409,22.21601],[-105.09409,22.20791],[-105.10279,22.2079],[-105.1028,22.21601]]],[[[-105.11151,22.23221],[-105.10281,22.23221],[-105.1028,22.22411],[-105.11151,22.2241],[-105.11151,22.23221]]],[[[-105.1202,22.20789],[-105.1202,22.216],[-105.1115,22.216],[-105.11149,22.2079],[-105.1202,22.20789]]],[[[-105.13762,22.23219],[-105.12892,22.2322],[-105.12891,22.22409],[-105.13762,22.22408],[-105.13762,22.23219]]],[[[-105.12892,22.2322],[-105.12893,22.2403],[-105.12022,22.24031],[-105.12022,22.2322],[-105.12892,22.2322]]],[[[-105.12894,22.25651],[-105.12895,22.26461],[-105.12024,22.26462],[-105.12023,22.24841],[-105.13764,22.24839],[-105.13765,22.2565],[-105.12894,22.25651]]],[[[-105.13768,22.28891],[-105.13769,22.29702],[-105.12898,22.29702],[-105.12897,22.28892],[-105.13768,22.28891]]],[[[-105.14547,21.38128],[-105.14548,21.39749],[-105.13683,21.3975],[-105.13681,21.38129],[-105.14547,21.38128]]],[[[-105.18824,20.99223],[-105.18826,21.00844],[-105.17963,21.00845],[-105.17961,20.99224],[-105.18824,20.99223]]],[[[-105.17963,21.00845],[-105.17964,21.01655],[-105.16237,21.01657],[-105.16236,21.00036],[-105.17099,21.00035],[-105.171,21.00846],[-105.17963,21.00845]]],[[[-105.22263,20.90304],[-105.22264,20.91114],[-105.23126,20.91113],[-105.2313,20.93544],[-105.23993,20.93543],[-105.23994,20.94354],[-105.23131,20.94355],[-105.23134,20.95976],[-105.22271,20.95977],[-105.2227,20.95166],[-105.21407,20.95168],[-105.21408,20.95978],[-105.20545,20.95979],[-105.20544,20.95169],[-105.17956,20.95172],[-105.17955,20.94361],[-105.17092,20.94362],[-105.1709,20.92741],[-105.17953,20.9274],[-105.17952,20.9193],[-105.17089,20.91931],[-105.17088,20.9031],[-105.1795,20.90309],[-105.17948,20.88688],[-105.18811,20.88687],[-105.18812,20.89497],[-105.19674,20.89496],[-105.19676,20.91117],[-105.21401,20.91115],[-105.214,20.90305],[-105.22263,20.90304]]],[[[-105.1882,20.95981],[-105.18823,20.98412],[-105.1796,20.98413],[-105.17957,20.95982],[-105.1882,20.95981]]],[[[-105.23987,20.90301],[-105.23125,20.90303],[-105.23124,20.89492],[-105.23986,20.89491],[-105.23987,20.90301]]],[[[-105.26575,20.90298],[-105.25712,20.90299],[-105.25711,20.89488],[-105.26574,20.89487],[-105.26575,20.90298]]]]}},{"type":"Feature","properties":{"Nivel":"Muy Baja","Supha":160099.1},"geometry":{"type":"MultiPolygon","coordinates":[[[[-104.45217,21.67219],[-104.43483,21.67213],[-104.43486,21.66403],[-104.4522,21.66409],[-104.45217,21.67219]]],[[[-104.4693,21.72897],[-104.46936,21.71276],[-104.47803,21.71279],[-104.47797,21.729],[-104.4693,21.72897]]],[[[-104.46945,21.68845],[-104.46948,21.68035],[-104.47815,21.68038],[-104.47812,21.68848],[-104.46945,21.68845]]],[[[-104.5661,21.25922],[-104.56612,21.25112],[-104.57477,21.25114],[-104.57475,21.25924],[-104.5661,21.25922]]],[[[-104.6353,21.24318],[-104.62666,21.24316],[-104.62668,21.23506],[-104.63532,21.23507],[-104.6353,21.24318]]],[[[-104.62666,21.24316],[-104.62662,21.25937],[-104.61797,21.25935],[-104.61799,21.25124],[-104.60935,21.25122],[-104.60937,21.24312],[-104.59208,21.24308],[-104.5921,21.23498],[-104.58346,21.23495],[-104.58348,21.22685],[-104.60941,21.22691],[-104.60939,21.23502],[-104.61803,21.23504],[-104.61801,21.24314],[-104.62666,21.24316]]],[[[-104.61803,21.23504],[-104.61806,21.22693],[-104.6267,21.22695],[-104.62668,21.23506],[-104.61803,21.23504]]],[[[-104.60941,21.22691],[-104.60943,21.21881],[-104.61808,21.21883],[-104.61806,21.22693],[-104.60941,21.22691]]],[[[-104.6267,21.22695],[-104.62672,21.21885],[-104.63536,21.21887],[-104.63534,21.22697],[-104.6267,21.22695]]],[[[-104.59892,21.89951],[-104.59895,21.89141],[-104.62499,21.89147],[-104.62936,21.8811],[-104.63368,21.89149],[-104.63366,21.89959],[-104.62497,21.89957],[-104.62058,21.9184],[-104.61629,21.89955],[-104.59892,21.89951]]],[[[-104.8857,21.61633],[-104.87704,21.61632],[-104.87703,21.62442],[-104.8597,21.62441],[-104.85968,21.64062],[-104.85101,21.64061],[-104.851,21.64871],[-104.83367,21.6487],[-104.83368,21.64059],[-104.82501,21.64058],[-104.82496,21.6811],[-104.81629,21.6811],[-104.81632,21.65678],[-104.80765,21.65677],[-104.80767,21.64057],[-104.799,21.64056],[-104.79903,21.62435],[-104.81636,21.62437],[-104.81637,21.61626],[-104.8077,21.61625],[-104.80773,21.60005],[-104.80774,21.59194],[-104.79907,21.59193],[-104.79908,21.58383],[-104.78175,21.58381],[-104.78174,21.59191],[-104.75575,21.59187],[-104.75576,21.58377],[-104.7471,21.58376],[-104.74707,21.59996],[-104.7384,21.59995],[-104.73842,21.59185],[-104.72109,21.59182],[-104.72107,21.59992],[-104.72974,21.59994],[-104.72972,21.60804],[-104.72106,21.60803],[-104.72104,21.61613],[-104.71237,21.61612],[-104.71233,21.64043],[-104.72099,21.64044],[-104.72098,21.64855],[-104.70364,21.64852],[-104.70362,21.65662],[-104.71229,21.65664],[-104.71228,21.66474],[-104.72095,21.66475],[-104.72093,21.67286],[-104.69492,21.67281],[-104.69499,21.6404],[-104.70366,21.64041],[-104.70369,21.6242],[-104.69502,21.62419],[-104.69504,21.61609],[-104.68637,21.61607],[-104.68643,21.59176],[-104.69509,21.59177],[-104.69506,21.60798],[-104.70372,21.608],[-104.70374,21.59989],[-104.71241,21.59991],[-104.71247,21.56749],[-104.69514,21.56746],[-104.69516,21.55936],[-104.67783,21.55933],[-104.67781,21.56743],[-104.66915,21.56741],[-104.66917,21.55931],[-104.65184,21.55927],[-104.65186,21.55117],[-104.6432,21.55115],[-104.64322,21.54305],[-104.65188,21.54307],[-104.6519,21.53496],[-104.66922,21.535],[-104.66924,21.52689],[-104.6779,21.52691],[-104.67792,21.51881],[-104.68658,21.51882],[-104.6866,21.51072],[-104.70392,21.51075],[-104.7039,21.51885],[-104.71256,21.51887],[-104.71258,21.51076],[-104.72124,21.51078],[-104.72123,21.51888],[-104.72989,21.5189],[-104.7299,21.51079],[-104.75588,21.51083],[-104.75587,21.51894],[-104.76453,21.51895],[-104.76456,21.50274],[-104.77321,21.50275],[-104.7732,21.51086],[-104.78186,21.51087],[-104.78187,21.50277],[-104.79053,21.50278],[-104.79052,21.51088],[-104.79918,21.51089],[-104.79921,21.49468],[-104.81652,21.4947],[-104.81905,21.48788],[-104.81944,21.49011],[-104.82329,21.49034],[-104.82518,21.49383],[-104.82517,21.50282],[-104.81651,21.50281],[-104.8165,21.51091],[-104.82516,21.51092],[-104.82515,21.51902],[-104.81649,21.51902],[-104.81647,21.53522],[-104.79915,21.5352],[-104.79914,21.54331],[-104.81646,21.54333],[-104.81645,21.55143],[-104.82512,21.55144],[-104.82511,21.55955],[-104.83377,21.55955],[-104.83376,21.56766],[-104.84242,21.56767],[-104.84241,21.57577],[-104.83375,21.57576],[-104.83374,21.58132],[-104.83244,21.58351],[-104.83073,21.58386],[-104.82695,21.57887],[-104.8305,21.57757],[-104.83052,21.57655],[-104.82602,21.57688],[-104.82518,21.5783],[-104.82252,21.57677],[-104.82077,21.57739],[-104.81733,21.57997],[-104.81376,21.58077],[-104.81208,21.58384],[-104.80775,21.58384],[-104.81237,21.58434],[-104.80997,21.58446],[-104.80774,21.58688],[-104.80638,21.58794],[-104.80774,21.58955],[-104.8101,21.58716],[-104.81217,21.58713],[-104.81104,21.58944],[-104.81366,21.59141],[-104.81713,21.58549],[-104.81984,21.58514],[-104.82239,21.58759],[-104.82523,21.58721],[-104.82731,21.58534],[-104.82932,21.58768],[-104.83374,21.5866],[-104.83702,21.58731],[-104.83605,21.58994],[-104.83962,21.58992],[-104.84047,21.58662],[-104.8382,21.58572],[-104.83842,21.58387],[-104.85107,21.58388],[-104.85106,21.59199],[-104.8424,21.59198],[-104.84239,21.60008],[-104.85972,21.6001],[-104.85971,21.6082],[-104.88571,21.60822],[-104.8857,21.61633]],[[-104.71247,21.56749],[-104.72113,21.56751],[-104.72115,21.5594],[-104.71249,21.55939],[-104.71247,21.56749]],[[-104.72989,21.5189],[-104.72987,21.527],[-104.73853,21.52702],[-104.73855,21.51891],[-104.72989,21.5189]],[[-104.79915,21.5352],[-104.79916,21.5271],[-104.7905,21.52709],[-104.79049,21.53519],[-104.79915,21.5352]],[[-104.79914,21.54331],[-104.78181,21.54329],[-104.7818,21.55139],[-104.79913,21.55141],[-104.79914,21.54331]],[[-104.71255,21.52697],[-104.71253,21.53508],[-104.70387,21.53506],[-104.70389,21.52696],[-104.69523,21.52694],[-104.69519,21.54315],[-104.72118,21.5432],[-104.72121,21.52699],[-104.71255,21.52697]],[[-104.73847,21.55943],[-104.73849,21.55133],[-104.72983,21.55131],[-104.72978,21.57563],[-104.73845,21.57564],[-104.73846,21.56754],[-104.75579,21.56756],[-104.7558,21.55946],[-104.73847,21.55943]],[[-104.73852,21.53512],[-104.72986,21.53511],[-104.72984,21.54321],[-104.7385,21.54322],[-104.73852,21.53512]],[[-104.81643,21.56764],[-104.80777,21.56763],[-104.80776,21.57573],[-104.81642,21.57574],[-104.81643,21.56764]],[[-104.82507,21.59196],[-104.8164,21.59195],[-104.81639,21.60006],[-104.82506,21.60007],[-104.82507,21.59196]],[[-104.8337,21.61628],[-104.84237,21.61629],[-104.84238,21.60819],[-104.83371,21.60818],[-104.8337,21.61628]]],[[[-105.06771,21.64066],[-105.05904,21.64067],[-105.05905,21.65687],[-105.05038,21.65688],[-105.05038,21.64877],[-105.04171,21.64878],[-105.04171,21.65688],[-105.02438,21.65688],[-105.02437,21.64878],[-105.03304,21.64878],[-105.03304,21.64067],[-105.04171,21.64067],[-105.0417,21.61636],[-105.05037,21.61636],[-105.05036,21.60015],[-105.05903,21.60015],[-105.05904,21.61635],[-105.0677,21.61635],[-105.06771,21.64066]]],[[[-105.0677,21.61635],[-105.0677,21.60825],[-105.07636,21.60824],[-105.07636,21.60014],[-105.10236,21.60013],[-105.10236,21.60823],[-105.08503,21.60824],[-105.08503,21.61634],[-105.0677,21.61635]]],[[[-105.03304,21.64067],[-105.0157,21.64068],[-105.01571,21.66499],[-105.00704,21.66499],[-105.00704,21.67309],[-105.01571,21.67309],[-105.01571,21.6812],[-104.9897,21.6812],[-104.9897,21.67309],[-104.98103,21.67309],[-104.98103,21.66499],[-104.96369,21.66498],[-104.96369,21.65688],[-104.95502,21.65688],[-104.95503,21.64877],[-104.94636,21.64877],[-104.94636,21.64067],[-104.95503,21.64067],[-104.95503,21.63257],[-104.97237,21.63257],[-104.97236,21.64067],[-104.98103,21.64068],[-104.98103,21.62447],[-104.9897,21.62447],[-104.9897,21.60826],[-104.99837,21.60826],[-104.99837,21.60016],[-105.00703,21.60016],[-105.00704,21.63257],[-105.0157,21.63257],[-105.0157,21.62447],[-105.02437,21.62447],[-105.02437,21.63257],[-105.03304,21.63257],[-105.03304,21.64067]],[[-104.99837,21.64878],[-104.9897,21.64878],[-104.9897,21.66499],[-104.99837,21.66499],[-104.99837,21.64878]]],[[[-104.94636,21.64067],[-104.93769,21.64067],[-104.93769,21.64877],[-104.94636,21.64877],[-104.94635,21.66498],[-104.93768,21.66498],[-104.93768,21.67308],[-104.92901,21.67308],[-104.92901,21.66497],[-104.92034,21.66497],[-104.92035,21.65687],[-104.90301,21.65686],[-104.903,21.66496],[-104.89433,21.66496],[-104.89435,21.64875],[-104.88568,21.64874],[-104.8857,21.61633],[-104.89437,21.61633],[-104.89436,21.62444],[-104.9117,21.62445],[-104.91171,21.60824],[-104.92904,21.60825],[-104.92904,21.61635],[-104.95504,21.61636],[-104.95503,21.62446],[-104.94637,21.62446],[-104.94636,21.64067]],[[-104.89435,21.64064],[-104.90302,21.64065],[-104.90303,21.63254],[-104.89436,21.63254],[-104.89435,21.64064]]],[[[-104.64322,21.54305],[-104.63267,21.54025],[-104.64028,21.53316],[-104.64322,21.54305]]],[[[-104.76456,21.50274],[-104.74724,21.50272],[-104.74725,21.49461],[-104.73859,21.4946],[-104.73862,21.47839],[-104.7213,21.47836],[-104.72132,21.47026],[-104.704,21.47023],[-104.70402,21.46213],[-104.6867,21.46209],[-104.68676,21.43778],[-104.69541,21.4378],[-104.69538,21.45401],[-104.70404,21.45402],[-104.70412,21.4135],[-104.72143,21.41353],[-104.72141,21.42163],[-104.71276,21.42162],[-104.71272,21.43783],[-104.72138,21.43784],[-104.72133,21.46216],[-104.73865,21.46218],[-104.73863,21.47029],[-104.74729,21.4703],[-104.74733,21.44599],[-104.75599,21.446],[-104.756,21.4379],[-104.74735,21.43788],[-104.74736,21.42978],[-104.73871,21.42977],[-104.73875,21.40545],[-104.75606,21.40548],[-104.75604,21.41358],[-104.7647,21.4136],[-104.76469,21.4217],[-104.77334,21.42171],[-104.77333,21.42982],[-104.78198,21.42983],[-104.78194,21.46225],[-104.79059,21.46226],[-104.79056,21.48657],[-104.76458,21.48653],[-104.76456,21.50274]],[[-104.73967,21.40608],[-104.73979,21.40552],[-104.73913,21.40659],[-104.73967,21.40608]]],[[[-104.72143,21.41353],[-104.72144,21.40543],[-104.7301,21.40544],[-104.73008,21.41355],[-104.72143,21.41353]]],[[[-104.72144,21.40543],[-104.71279,21.40541],[-104.7128,21.39731],[-104.72146,21.39732],[-104.72144,21.40543]]],[[[-104.82518,21.49383],[-104.82565,21.49471],[-104.82518,21.49471],[-104.82518,21.49383]]],[[[-104.92034,21.66497],[-104.92033,21.68928],[-104.929,21.68929],[-104.929,21.69739],[-104.93767,21.69739],[-104.93767,21.68929],[-104.94634,21.68929],[-104.94634,21.6974],[-104.95501,21.6974],[-104.95501,21.71361],[-104.94633,21.7136],[-104.94634,21.7055],[-104.93766,21.7055],[-104.93766,21.7217],[-104.92898,21.7217],[-104.92898,21.73791],[-104.9203,21.73791],[-104.92031,21.7298],[-104.91163,21.7298],[-104.91164,21.72169],[-104.92031,21.7217],[-104.92032,21.71359],[-104.92899,21.7136],[-104.92899,21.70549],[-104.91165,21.70549],[-104.91167,21.66497],[-104.92034,21.66497]]],[[[-104.93766,21.7217],[-104.955,21.72171],[-104.955,21.72981],[-104.93765,21.72981],[-104.93766,21.7217]]],[[[-104.65295,21.88876],[-104.64236,21.89151],[-104.64536,21.88163],[-104.65295,21.88876]]],[[[-104.6495,21.5228],[-104.6606,21.51877],[-104.66058,21.52688],[-104.6495,21.5228]]],[[[-105.26859,22.44271],[-105.25987,22.44272],[-105.25988,22.45083],[-105.2686,22.45081],[-105.26862,22.45891],[-105.27734,22.4589],[-105.27737,22.47511],[-105.25121,22.47515],[-105.25127,22.50756],[-105.24255,22.50757],[-105.24251,22.48327],[-105.23379,22.48328],[-105.23377,22.47518],[-105.22505,22.47519],[-105.22504,22.46708],[-105.21632,22.4671],[-105.21633,22.4752],[-105.20762,22.47521],[-105.20764,22.49142],[-105.22508,22.49139],[-105.22512,22.5157],[-105.23384,22.51569],[-105.23388,22.54],[-105.2426,22.53999],[-105.24263,22.55619],[-105.25136,22.55618],[-105.2514,22.58049],[-105.24268,22.5805],[-105.24266,22.5724],[-105.22521,22.57242],[-105.22522,22.58053],[-105.2165,22.58054],[-105.21651,22.58864],[-105.20779,22.58865],[-105.20776,22.57245],[-105.19904,22.57246],[-105.19902,22.56436],[-105.1903,22.56437],[-105.19029,22.55626],[-105.18156,22.55627],[-105.18153,22.53196],[-105.19026,22.53195],[-105.19024,22.52385],[-105.20769,22.52383],[-105.20766,22.50762],[-105.19894,22.50763],[-105.19893,22.49953],[-105.19021,22.49954],[-105.19022,22.50765],[-105.1815,22.50766],[-105.18149,22.49955],[-105.17277,22.49956],[-105.17276,22.49146],[-105.18148,22.49145],[-105.18142,22.44283],[-105.19885,22.44281],[-105.19884,22.43471],[-105.22499,22.43467],[-105.22498,22.42657],[-105.23369,22.42656],[-105.23368,22.41845],[-105.24239,22.41844],[-105.24238,22.41034],[-105.25109,22.41032],[-105.25112,22.42653],[-105.25984,22.42652],[-105.25985,22.43462],[-105.26857,22.43461],[-105.26859,22.44271]],[[-105.25988,22.45083],[-105.25117,22.45084],[-105.25118,22.45894],[-105.2599,22.45893],[-105.25988,22.45083]],[[-105.22504,22.46708],[-105.23376,22.46707],[-105.23375,22.45897],[-105.22503,22.45898],[-105.22504,22.46708]],[[-105.23375,22.45897],[-105.24246,22.45896],[-105.24245,22.45085],[-105.23373,22.45087],[-105.23375,22.45897]],[[-105.22512,22.5157],[-105.2164,22.51572],[-105.21641,22.52382],[-105.22513,22.52381],[-105.22512,22.5157]],[[-105.25112,22.42653],[-105.24241,22.42654],[-105.24242,22.43465],[-105.25114,22.43463],[-105.25112,22.42653]],[[-105.2077,22.53193],[-105.20772,22.54814],[-105.199,22.54815],[-105.19901,22.55625],[-105.21646,22.55623],[-105.21642,22.53192],[-105.2077,22.53193]],[[-105.199,22.54815],[-105.19899,22.54005],[-105.19027,22.54006],[-105.19028,22.54816],[-105.199,22.54815]]],[[[-105.21622,22.40227],[-105.21623,22.41037],[-105.20752,22.41039],[-105.20753,22.41849],[-105.19882,22.4185],[-105.1988,22.4104],[-105.19009,22.41041],[-105.1901,22.41851],[-105.18139,22.41852],[-105.1814,22.42662],[-105.19883,22.4266],[-105.19884,22.43471],[-105.18141,22.43473],[-105.18142,22.44283],[-105.1727,22.44284],[-105.17271,22.45094],[-105.15527,22.45096],[-105.15525,22.42665],[-105.13782,22.42667],[-105.13781,22.41856],[-105.12909,22.41857],[-105.12908,22.41047],[-105.14651,22.41045],[-105.14651,22.40235],[-105.15522,22.40234],[-105.15524,22.41855],[-105.17267,22.41853],[-105.17266,22.41043],[-105.16394,22.41044],[-105.16394,22.40233],[-105.18136,22.40231],[-105.18135,22.39421],[-105.17264,22.39422],[-105.17262,22.37801],[-105.16391,22.37802],[-105.16393,22.39423],[-105.1465,22.39425],[-105.14649,22.38614],[-105.1552,22.38614],[-105.15519,22.37803],[-105.12905,22.37805],[-105.12904,22.36185],[-105.12033,22.36186],[-105.12031,22.34565],[-105.10289,22.34566],[-105.10288,22.32945],[-105.11159,22.32945],[-105.11158,22.32134],[-105.129,22.32133],[-105.12903,22.35375],[-105.14646,22.35373],[-105.14646,22.36183],[-105.15518,22.36183],[-105.15517,22.35372],[-105.16388,22.35371],[-105.1639,22.36992],[-105.17261,22.36991],[-105.17259,22.3537],[-105.19001,22.35369],[-105.19003,22.36989],[-105.18132,22.3699],[-105.18133,22.378],[-105.19876,22.37798],[-105.19878,22.39419],[-105.19007,22.3942],[-105.19008,22.4023],[-105.21622,22.40227]],[[-105.1727,22.44284],[-105.17269,22.43474],[-105.16397,22.43475],[-105.16398,22.44285],[-105.1727,22.44284]]],[[[-105.0593,22.24844],[-105.05059,22.24845],[-105.05059,22.25655],[-105.04189,22.25655],[-105.04188,22.23224],[-105.03318,22.23224],[-105.03318,22.22414],[-105.02447,22.22414],[-105.02447,22.21604],[-105.05058,22.21603],[-105.05058,22.20793],[-105.04187,22.20793],[-105.04187,22.19983],[-105.03317,22.19983],[-105.03317,22.19173],[-105.02447,22.19173],[-105.02446,22.17552],[-105.03316,22.17552],[-105.03316,22.15121],[-105.04186,22.15121],[-105.04186,22.15931],[-105.05056,22.15931],[-105.05055,22.135],[-105.06795,22.13499],[-105.06795,22.14309],[-105.05925,22.1431],[-105.05926,22.1593],[-105.07666,22.1593],[-105.07666,22.1674],[-105.05926,22.16741],[-105.05927,22.17551],[-105.05057,22.17551],[-105.05057,22.18362],[-105.06797,22.18361],[-105.06798,22.20792],[-105.05928,22.20793],[-105.05928,22.21603],[-105.06799,22.21603],[-105.06799,22.22413],[-105.07669,22.22413],[-105.0767,22.23223],[-105.06799,22.23223],[-105.068,22.24034],[-105.05929,22.24034],[-105.0593,22.24844]],[[-105.04188,22.23224],[-105.05059,22.23224],[-105.05058,22.22414],[-105.04188,22.22414],[-105.04188,22.23224]],[[-105.05057,22.17551],[-105.05056,22.16741],[-105.04186,22.16741],[-105.04186,22.17552],[-105.05057,22.17551]],[[-105.05928,22.19982],[-105.05927,22.19172],[-105.05057,22.19172],[-105.05057,22.19982],[-105.05928,22.19982]]],[[[-104.95487,22.135],[-104.95487,22.15931],[-104.93747,22.1593],[-104.93746,22.16741],[-104.90266,22.16739],[-104.90266,22.17549],[-104.88526,22.17548],[-104.88526,22.16738],[-104.87656,22.16737],[-104.87657,22.15927],[-104.86787,22.15926],[-104.86788,22.15116],[-104.85918,22.15115],[-104.85916,22.16736],[-104.85046,22.16735],[-104.85045,22.18356],[-104.83304,22.18354],[-104.83305,22.17544],[-104.80695,22.17541],[-104.80691,22.20782],[-104.7895,22.2078],[-104.78952,22.1997],[-104.78081,22.19969],[-104.7808,22.20779],[-104.7721,22.20778],[-104.77211,22.19967],[-104.76341,22.19966],[-104.76342,22.19156],[-104.77213,22.19157],[-104.77214,22.18347],[-104.78084,22.18348],[-104.78083,22.19158],[-104.78953,22.19159],[-104.78956,22.16728],[-104.77216,22.16726],[-104.77218,22.15916],[-104.76348,22.15914],[-104.76345,22.17535],[-104.75475,22.17534],[-104.75474,22.18344],[-104.74604,22.18343],[-104.74607,22.16722],[-104.75477,22.16723],[-104.75478,22.15913],[-104.73738,22.1591],[-104.73741,22.1429],[-104.74611,22.14291],[-104.74612,22.13481],[-104.75482,22.13482],[-104.75481,22.14292],[-104.76351,22.14294],[-104.76353,22.12673],[-104.78093,22.12675],[-104.78091,22.13486],[-104.78961,22.13487],[-104.7896,22.14297],[-104.7983,22.14298],[-104.79832,22.12678],[-104.80269,22.1164],[-104.80702,22.12679],[-104.81572,22.1268],[-104.81571,22.1349],[-104.8244,22.13491],[-104.82439,22.14301],[-104.83309,22.14302],[-104.83308,22.15113],[-104.84178,22.15114],[-104.84179,22.14303],[-104.85049,22.14304],[-104.8505,22.13494],[-104.87659,22.13496],[-104.87658,22.14306],[-104.88528,22.14307],[-104.88528,22.15117],[-104.92877,22.1512],[-104.92878,22.14309],[-104.93747,22.1431],[-104.93748,22.11879],[-104.94618,22.11879],[-104.94618,22.135],[-104.95487,22.135]],[[-104.85046,22.16735],[-104.85047,22.15925],[-104.84177,22.15924],[-104.84176,22.16734],[-104.85046,22.16735]],[[-104.78091,22.13486],[-104.77222,22.13485],[-104.7722,22.14295],[-104.7809,22.14296],[-104.78091,22.13486]],[[-104.7983,22.14298],[-104.79829,22.15109],[-104.80699,22.1511],[-104.807,22.14299],[-104.7983,22.14298]],[[-104.93747,22.1431],[-104.93747,22.1511],[-104.94617,22.1512],[-104.94617,22.1431],[-104.93747,22.1431]],[[-104.80696,22.1673],[-104.80698,22.1592],[-104.79828,22.15919],[-104.79826,22.16729],[-104.80696,22.1673]]],[[[-104.74612,22.13481],[-104.72873,22.13478],[-104.72876,22.11857],[-104.72006,22.11856],[-104.72005,22.12666],[-104.71135,22.12665],[-104.71138,22.11044],[-104.70269,22.11042],[-104.70274,22.08611],[-104.68535,22.08608],[-104.68538,22.06987],[-104.69408,22.06989],[-104.69409,22.06179],[-104.6854,22.06177],[-104.68542,22.05367],[-104.67673,22.05365],[-104.67674,22.04555],[-104.66805,22.04553],[-104.66809,22.02932],[-104.67678,22.02934],[-104.6768,22.02124],[-104.66568,22.01716],[-104.67682,22.01313],[-104.67684,22.00503],[-104.69422,22.00506],[-104.6942,22.01317],[-104.70289,22.01318],[-104.70291,22.00508],[-104.72029,22.00511],[-104.72025,22.02132],[-104.72894,22.02133],[-104.72893,22.02943],[-104.72024,22.02942],[-104.72021,22.04563],[-104.71151,22.04561],[-104.7115,22.05372],[-104.72019,22.05373],[-104.72016,22.06994],[-104.72885,22.06995],[-104.72887,22.06185],[-104.74625,22.06188],[-104.74622,22.07808],[-104.75492,22.0781],[-104.75491,22.0862],[-104.74621,22.08619],[-104.7462,22.09429],[-104.75733,22.09836],[-104.74618,22.10239],[-104.74617,22.1105],[-104.75486,22.11051],[-104.75484,22.12672],[-104.74614,22.1267],[-104.74612,22.13481]],[[-104.74617,22.1105],[-104.73747,22.11048],[-104.73746,22.11859],[-104.74615,22.1186],[-104.74617,22.1105]],[[-104.70282,22.0456],[-104.70285,22.02939],[-104.69416,22.02937],[-104.69413,22.04558],[-104.70282,22.0456]],[[-104.72884,22.07806],[-104.72882,22.08616],[-104.73752,22.08617],[-104.73753,22.07807],[-104.72884,22.07806]]],[[[-105.24238,22.41034],[-105.23366,22.41035],[-105.23368,22.41845],[-105.22496,22.41847],[-105.22494,22.40226],[-105.21622,22.40227],[-105.2162,22.38607],[-105.20748,22.38608],[-105.20747,22.37797],[-105.21618,22.37796],[-105.21616,22.36176],[-105.20745,22.36177],[-105.20742,22.34556],[-105.21613,22.34555],[-105.21615,22.35365],[-105.23357,22.35363],[-105.23358,22.36173],[-105.2423,22.36172],[-105.24234,22.38603],[-105.23362,22.38604],[-105.23365,22.40225],[-105.24237,22.40223],[-105.24238,22.41034]]],[[[-105.19024,22.52385],[-105.16408,22.52388],[-105.16407,22.51578],[-105.19023,22.51575],[-105.19024,22.52385]]],[[[-105.18156,22.55627],[-105.18158,22.56438],[-105.16413,22.5644],[-105.16412,22.55629],[-105.18156,22.55627]]],[[[-105.21633,22.4752],[-105.22505,22.47519],[-105.22507,22.48329],[-105.21635,22.4833],[-105.21633,22.4752]]],[[[-105.11158,22.32134],[-105.09416,22.32136],[-105.09416,22.31325],[-105.10287,22.31325],[-105.10286,22.29704],[-105.09415,22.29705],[-105.09413,22.27274],[-105.11155,22.27273],[-105.11158,22.32134]]],[[[-105.09413,22.27274],[-105.08543,22.27274],[-105.08543,22.28084],[-105.07672,22.28085],[-105.07672,22.26464],[-105.0593,22.26465],[-105.0593,22.24844],[-105.07671,22.24844],[-105.07671,22.25654],[-105.08542,22.25653],[-105.08542,22.26464],[-105.09413,22.26463],[-105.09413,22.27274]]],[[[-105.09413,22.26463],[-105.09412,22.25653],[-105.10283,22.25652],[-105.10283,22.26463],[-105.09413,22.26463]]],[[[-105.07666,22.1674],[-105.09406,22.16739],[-105.09406,22.15929],[-105.11146,22.15928],[-105.11146,22.16738],[-105.10276,22.16739],[-105.10277,22.17549],[-105.07667,22.1755],[-105.07666,22.1674]]],[[[-105.07666,22.1593],[-105.07665,22.15119],[-105.08535,22.15119],[-105.08536,22.15929],[-105.07666,22.1593]]],[[[-105.06795,22.13499],[-105.06794,22.12689],[-105.07664,22.12688],[-105.07664,22.13499],[-105.06795,22.13499]]],[[[-105.02447,22.19173],[-105.02447,22.21604],[-105.00707,22.21604],[-105.00706,22.20794],[-105.01577,22.20794],[-105.01577,22.19173],[-105.02447,22.19173]]],[[[-105.01577,22.19173],[-105.00706,22.19173],[-105.00706,22.19983],[-104.99836,22.19983],[-104.99836,22.19173],[-104.98966,22.19173],[-104.98966,22.18363],[-104.99836,22.18363],[-104.99836,22.17552],[-104.98966,22.17552],[-104.98966,22.15932],[-104.98096,22.15931],[-104.98097,22.15121],[-104.99836,22.15121],[-104.99836,22.15932],[-105.00706,22.15932],[-105.00706,22.16742],[-105.01576,22.16742],[-105.01577,22.19173]]],[[[-104.98097,22.15121],[-104.97227,22.15121],[-104.97227,22.135],[-104.98967,22.135],[-104.98966,22.14311],[-104.98097,22.14311],[-104.98097,22.15121]]],[[[-104.97227,22.135],[-104.95487,22.135],[-104.95549,22.1269],[-104.96357,22.1269],[-104.96358,22.11879],[-104.97227,22.1188],[-104.97227,22.135]]],[[[-104.96358,22.11879],[-104.95488,22.11879],[-104.95488,22.11069],[-104.96358,22.11069],[-104.96358,22.11879]]],[[[-104.95488,22.11069],[-104.94618,22.11069],[-104.94619,22.09448],[-104.95489,22.09448],[-104.95488,22.11069]]],[[[-104.85045,22.18356],[-104.85915,22.18357],[-104.85914,22.19167],[-104.85044,22.19166],[-104.85045,22.18356]]],[[[-104.7895,22.2078],[-104.78948,22.22401],[-104.79818,22.22402],[-104.79819,22.21591],[-104.8069,22.21593],[-104.80685,22.24834],[-104.79815,22.24833],[-104.79814,22.25643],[-104.80684,22.25644],[-104.80682,22.27265],[-104.79811,22.27264],[-104.79813,22.26453],[-104.78942,22.26452],[-104.78941,22.27263],[-104.7807,22.27262],[-104.78073,22.25641],[-104.78943,22.25642],[-104.78944,22.24832],[-104.78074,22.24831],[-104.7808,22.20779],[-104.7895,22.2078]]],[[[-104.77214,22.18347],[-104.76344,22.18345],[-104.76345,22.17535],[-104.77215,22.17536],[-104.77214,22.18347]]],[[[-104.72894,22.02133],[-104.72896,22.01323],[-104.74634,22.01326],[-104.74633,22.02136],[-104.72894,22.02133]]],[[[-104.72893,22.02943],[-104.74631,22.02946],[-104.74628,22.04567],[-104.73759,22.04566],[-104.73758,22.05376],[-104.72888,22.05375],[-104.72893,22.02943]]],[[[-104.83309,22.14302],[-104.8331,22.13492],[-104.8418,22.13493],[-104.84179,22.14303],[-104.83309,22.14302]]],[[[-104.85915,22.18357],[-104.85916,22.17546],[-104.8703,22.17952],[-104.85915,22.18357]]],[[[-104.99836,22.19983],[-104.99836,22.20794],[-104.98966,22.20794],[-104.98966,22.19983],[-104.99836,22.19983]]],[[[-104.97246,21.13821],[-104.95518,21.13821],[-104.95518,21.15442],[-104.94654,21.15442],[-104.94654,21.14631],[-104.9379,21.14631],[-104.9379,21.1382],[-104.94654,21.13821],[-104.94655,21.1301],[-104.92927,21.1301],[-104.92927,21.12199],[-104.92064,21.12199],[-104.92065,21.10578],[-104.91201,21.10577],[-104.91202,21.08957],[-104.92065,21.08957],[-104.92065,21.09767],[-104.95519,21.09769],[-104.95519,21.122],[-104.97246,21.122],[-104.97246,21.13821]],[[-104.92927,21.12199],[-104.93791,21.12199],[-104.93792,21.11389],[-104.92928,21.11389],[-104.92927,21.12199]]],[[[-104.9379,21.14631],[-104.9379,21.15441],[-104.94654,21.15442],[-104.94653,21.17062],[-104.95517,21.17063],[-104.95517,21.18684],[-104.93788,21.18683],[-104.93788,21.19493],[-104.91196,21.19492],[-104.91195,21.20303],[-104.92059,21.20303],[-104.92058,21.22734],[-104.92057,21.25166],[-104.91192,21.25165],[-104.91191,21.27597],[-104.90326,21.27596],[-104.90327,21.26786],[-104.89462,21.26785],[-104.89463,21.25975],[-104.88598,21.25974],[-104.88597,21.26785],[-104.87733,21.26784],[-104.87734,21.25974],[-104.86869,21.25973],[-104.8687,21.25163],[-104.84276,21.2516],[-104.84277,21.2435],[-104.82548,21.24348],[-104.82549,21.23538],[-104.79956,21.23535],[-104.79957,21.22724],[-104.79093,21.22723],[-104.79091,21.23534],[-104.78227,21.23533],[-104.78219,21.29206],[-104.79948,21.29208],[-104.79947,21.30018],[-104.79082,21.30017],[-104.79081,21.30828],[-104.80811,21.3083],[-104.8081,21.3164],[-104.79945,21.31639],[-104.79944,21.3245],[-104.81674,21.32452],[-104.81673,21.33262],[-104.83403,21.33264],[-104.83403,21.32453],[-104.88054158451551,21.324574808848283],[-104.88593,21.32458],[-104.88592,21.33268],[-104.90322,21.33269],[-104.90321,21.3489],[-104.91186,21.34891],[-104.91187,21.3327],[-104.92052,21.3327],[-104.92051,21.35701],[-104.92916,21.35702],[-104.92915,21.38943],[-104.92049,21.38943],[-104.92049,21.39754],[-104.92914,21.39754],[-104.92911,21.47048],[-104.91179,21.47047],[-104.9118,21.46236],[-104.90389,21.46236],[-104.90408,21.46109],[-104.90718,21.46123],[-104.90715,21.45733],[-104.90875,21.4572],[-104.9108,21.4528],[-104.91124,21.44898],[-104.9101,21.4476],[-104.91181,21.44492],[-104.91181,21.44616],[-104.92046,21.44616],[-104.92047,21.43806],[-104.91181,21.43805],[-104.91181,21.44424],[-104.91039,21.44335],[-104.90836,21.43888],[-104.90622,21.44022],[-104.90633,21.44136],[-104.9052,21.44117],[-104.90443,21.43878],[-104.9014,21.43562],[-104.90113,21.43285],[-104.90245,21.43244],[-104.90261,21.43119],[-104.90072,21.43108],[-104.9,21.42964],[-104.89873,21.43031],[-104.89929,21.43532],[-104.89709,21.43491],[-104.89692,21.43804],[-104.88584,21.43804],[-104.88586,21.41372],[-104.89452,21.41373],[-104.89455,21.37321],[-104.88589,21.3732],[-104.88591,21.35699],[-104.87725,21.35699],[-104.87726,21.34888],[-104.85996,21.34887],[-104.85997,21.34077],[-104.84267,21.34075],[-104.84266,21.34885],[-104.80806,21.34882],[-104.80803,21.36503],[-104.79938,21.36502],[-104.79937,21.37312],[-104.79072,21.37311],[-104.79071,21.38122],[-104.7734,21.38119],[-104.77342,21.37309],[-104.75611,21.37306],[-104.75612,21.36496],[-104.73882,21.36493],[-104.73884,21.35683],[-104.73018,21.35682],[-104.7302,21.34871],[-104.7475,21.34874],[-104.74753,21.33253],[-104.76483,21.33256],[-104.76484,21.32445],[-104.75619,21.32444],[-104.75624,21.29202],[-104.73895,21.292],[-104.73896,21.28389],[-104.73032,21.28388],[-104.73033,21.27577],[-104.73898,21.27579],[-104.73902,21.25147],[-104.71309,21.25143],[-104.7131,21.24333],[-104.70446,21.24331],[-104.70443,21.25952],[-104.69578,21.25951],[-104.69583,21.23519],[-104.68379,21.22707],[-104.69586,21.21899],[-104.69588,21.21088],[-104.70452,21.2109],[-104.70454,21.20279],[-104.71318,21.20281],[-104.71315,21.21902],[-104.73908,21.21906],[-104.74352,21.21906],[-104.74381,21.22029],[-104.74673,21.22133],[-104.74625,21.22413],[-104.74419,21.22585],[-104.74789,21.22867],[-104.7502,21.22602],[-104.75345,21.2265],[-104.75479,21.22445],[-104.75448,21.22206],[-104.76006,21.21624],[-104.75894,21.21501],[-104.76053,21.21099],[-104.76502,21.21099],[-104.79959,21.21104],[-104.79958,21.21914],[-104.80822,21.21915],[-104.80824,21.20294],[-104.82553,21.20296],[-104.82554,21.19486],[-104.80826,21.19484],[-104.80827,21.18673],[-104.82555,21.18675],[-104.82557,21.17054],[-104.81693,21.17053],[-104.81695,21.15432],[-104.80831,21.15432],[-104.80832,21.14621],[-104.79968,21.1462],[-104.79969,21.1381],[-104.80833,21.13811],[-104.80834,21.13],[-104.81698,21.13001],[-104.81697,21.13812],[-104.8256,21.13813],[-104.8256,21.14623],[-104.84287,21.14625],[-104.84286,21.15435],[-104.83423,21.15434],[-104.8342,21.17866],[-104.85148,21.17867],[-104.85146,21.19488],[-104.84282,21.19487],[-104.84281,21.20298],[-104.8601,21.20299],[-104.86009,21.2111],[-104.85145,21.21109],[-104.85144,21.21919],[-104.85142,21.2354],[-104.86871,21.23542],[-104.86872,21.2294],[-104.86872,21.22731],[-104.87736,21.22732],[-104.87736,21.23016],[-104.87734,21.25163],[-104.87735,21.24353],[-104.88599,21.24353],[-104.88942,21.24198],[-104.89622,21.24755],[-104.89832,21.24598],[-104.89879,21.24693],[-104.89633,21.24913],[-104.90064,21.24937],[-104.8989,21.25541],[-104.90167,21.25651],[-104.90414,21.2549],[-104.90552,21.24875],[-104.90481,21.24782],[-104.90784,21.24646],[-104.90781,21.24531],[-104.91023,21.24608],[-104.91098,21.24391],[-104.90972,21.2405],[-104.90519,21.23825],[-104.9073,21.23683],[-104.90568,21.234],[-104.90786,21.23481],[-104.91225,21.23191],[-104.91307,21.23619],[-104.91619,21.23715],[-104.91761,21.23625],[-104.91461,21.23172],[-104.91448,21.22951],[-104.9115,21.22888],[-104.90616,21.2309],[-104.9074,21.22932],[-104.90541,21.22832],[-104.90623,21.22734],[-104.90329,21.22511],[-104.9033,21.21923],[-104.91194,21.21924],[-104.91195,21.21113],[-104.9033,21.21113],[-104.90332,21.17871],[-104.89468,21.1787],[-104.89471,21.14629],[-104.91198,21.1463],[-104.91199,21.13819],[-104.92063,21.1382],[-104.92062,21.1463],[-104.9379,21.14631]],[[-104.94653,21.17062],[-104.93789,21.17062],[-104.93789,21.17873],[-104.94653,21.17873],[-104.94653,21.17062]],[[-104.78219,21.29206],[-104.76489,21.29203],[-104.76488,21.30014],[-104.78218,21.30016],[-104.78219,21.29206]],[[-104.79938,21.36502],[-104.79939,21.35691],[-104.79074,21.3569],[-104.79073,21.36501],[-104.79938,21.36502]],[[-104.87434,21.23102],[-104.87352,21.2303],[-104.87348,21.23029],[-104.87396,21.23113],[-104.87434,21.23102]],[[-104.79079,21.32449],[-104.7908,21.31638],[-104.7735,21.31636],[-104.77349,21.32446],[-104.79079,21.32449]],[[-104.7735,21.31636],[-104.77351,21.30825],[-104.76487,21.30824],[-104.76485,21.31635],[-104.7735,21.31636]],[[-104.76498,21.2353],[-104.76497,21.24341],[-104.77361,21.24342],[-104.77363,21.23532],[-104.76498,21.2353]],[[-104.77347,21.34067],[-104.77345,21.34878],[-104.7821,21.34879],[-104.78212,21.34068],[-104.77347,21.34067]],[[-104.83594,21.22344],[-104.83589,21.2238],[-104.83662,21.22356],[-104.83594,21.22344]],[[-104.8716,21.33203],[-104.87027,21.33233],[-104.86992,21.33248],[-104.86973,21.3326],[-104.8716,21.33203]],[[-104.88591,21.34889],[-104.89456,21.3489],[-104.89457,21.34079],[-104.88592,21.34079],[-104.88591,21.34889]],[[-104.91131,21.23867],[-104.9122,21.24002],[-104.9162,21.23902],[-104.91455,21.23706],[-104.91193,21.23823],[-104.91193,21.23545],[-104.91131,21.23867]],[[-104.92924,21.18683],[-104.92925,21.17872],[-104.91197,21.17871],[-104.91196,21.18682],[-104.92924,21.18683]]],[[[-104.97246,21.13821],[-104.9811,21.13821],[-104.9811,21.14632],[-104.97246,21.14632],[-104.97246,21.13821]]],[[[-104.91202,21.08957],[-104.90338,21.08956],[-104.90339,21.08146],[-104.91202,21.08146],[-104.91202,21.08957]]],[[[-104.91201,21.10577],[-104.912,21.12198],[-104.90336,21.12198],[-104.90337,21.10577],[-104.91201,21.10577]]],[[[-104.89471,21.14629],[-104.88607,21.14628],[-104.88607,21.13818],[-104.87744,21.13817],[-104.87743,21.14628],[-104.86879,21.14627],[-104.8688,21.13006],[-104.88608,21.13007],[-104.88609,21.12197],[-104.89472,21.12197],[-104.89471,21.14629]]],[[[-104.9033,21.21113],[-104.9033,21.21923],[-104.89466,21.21923],[-104.89466,21.21112],[-104.9033,21.21113]]],[[[-104.79956,21.23535],[-104.79955,21.24345],[-104.7909,21.24344],[-104.79091,21.23534],[-104.79956,21.23535]]],[[[-104.80834,21.13],[-104.7997,21.12999],[-104.79971,21.12189],[-104.80404,21.11151],[-104.80835,21.1219],[-104.80834,21.13]]],[[[-104.68526,22.1266],[-104.68527,22.11849],[-104.69397,22.11851],[-104.69395,22.12661],[-104.68526,22.1266]]],[[[-104.69241,21.70928],[-104.70352,21.70524],[-104.70351,21.71335],[-104.69241,21.70928]]],[[[-104.72087,21.70527],[-104.72084,21.72148],[-104.71216,21.72147],[-104.7122,21.70526],[-104.72087,21.70527]]],[[[-104.71216,21.72147],[-104.71213,21.73767],[-104.70346,21.73766],[-104.70349,21.72145],[-104.71216,21.72147]]],[[[-104.70354,21.69714],[-104.70356,21.68904],[-104.71223,21.68905],[-104.71221,21.69715],[-104.70354,21.69714]]],[[[-104.74676,21.77825],[-104.75543,21.77826],[-104.75542,21.78637],[-104.74674,21.78635],[-104.74676,21.77825]]],[[[-104.74676,21.77825],[-104.73808,21.77824],[-104.73809,21.77013],[-104.74677,21.77015],[-104.74676,21.77825]]],[[[-104.73809,21.77013],[-104.72942,21.77012],[-104.72943,21.76201],[-104.73811,21.76203],[-104.73809,21.77013]]],[[[-104.72942,21.77012],[-104.7294,21.77822],[-104.72073,21.77821],[-104.72074,21.7701],[-104.72942,21.77012]]],[[[-104.74674,21.78635],[-104.74673,21.79446],[-104.73805,21.79444],[-104.73806,21.78634],[-104.74674,21.78635]]],[[[-104.73928,21.1056],[-104.73925,21.12181],[-104.73061,21.12179],[-104.73064,21.10558],[-104.73928,21.1056]]],[[[-104.73061,21.12179],[-104.7306,21.1299],[-104.72196,21.12988],[-104.72197,21.12178],[-104.73061,21.12179]]],[[[-104.73802,21.81065],[-104.73804,21.80255],[-104.74671,21.80256],[-104.7467,21.81066],[-104.73802,21.81065]]],[[[-104.74704,21.21907],[-104.74677,21.21933],[-104.74634,21.21907],[-104.74704,21.21907]]],[[[-104.74772,21.2174],[-104.74773,21.21697],[-104.74782,21.21707],[-104.74772,21.2174]]],[[[-104.75095,21.21097],[-104.75169,21.21305],[-104.75013,21.21477],[-104.7488,21.21426],[-104.74773,21.21617],[-104.74774,21.21097],[-104.75095,21.21097]]],[[[-104.7479,21.11371],[-104.74791,21.10561],[-104.75655,21.10562],[-104.75654,21.11373],[-104.7479,21.11371]]],[[[-104.75539,21.80257],[-104.77275,21.8026],[-104.77273,21.8107],[-104.78141,21.81071],[-104.7814,21.81882],[-104.76404,21.81879],[-104.76406,21.81069],[-104.75538,21.81068],[-104.75539,21.80257]]],[[[-104.75716,21.21134],[-104.75702,21.21098],[-104.75748,21.21098],[-104.75716,21.21134]]],[[[-104.78246,21.10566],[-104.78241,21.13808],[-104.77377,21.13806],[-104.77381,21.11375],[-104.76517,21.11374],[-104.7652,21.09753],[-104.77384,21.09754],[-104.77382,21.10565],[-104.78246,21.10566]]],[[[-104.80761,21.68919],[-104.81628,21.6892],[-104.81627,21.6973],[-104.8076,21.69729],[-104.80761,21.68919]]],[[[-104.80761,21.68919],[-104.79894,21.68918],[-104.79895,21.68107],[-104.80762,21.68109],[-104.80761,21.68919]]],[[[-104.8076,21.69729],[-104.80759,21.7054],[-104.79891,21.70539],[-104.79893,21.69728],[-104.8076,21.69729]]],[[[-104.80759,21.7054],[-104.81626,21.70541],[-104.81624,21.72161],[-104.79889,21.72159],[-104.79888,21.7297],[-104.79021,21.72969],[-104.79022,21.72158],[-104.78155,21.72157],[-104.78156,21.71347],[-104.80758,21.7135],[-104.80759,21.7054]]],[[[-104.82489,21.73783],[-104.82487,21.75404],[-104.80752,21.75402],[-104.80751,21.76212],[-104.79884,21.76211],[-104.79885,21.75401],[-104.79017,21.754],[-104.7902,21.73779],[-104.82489,21.73783]]],[[[-104.79085,21.28396],[-104.79086,21.27586],[-104.7995,21.27587],[-104.79949,21.28397],[-104.79085,21.28396]]],[[[-104.79096,21.20292],[-104.79097,21.19482],[-104.79961,21.19483],[-104.7996,21.20293],[-104.79096,21.20292]]],[[[-104.8114,22.10476],[-104.80706,22.09437],[-104.81576,22.09438],[-104.8114,22.10476]]],[[[-104.81592,21.97283],[-104.80723,21.97282],[-104.80725,21.95661],[-104.81594,21.95662],[-104.81592,21.97283]]],[[[-104.83337,21.90802],[-104.82468,21.90801],[-104.82466,21.92422],[-104.81598,21.92421],[-104.81601,21.8999],[-104.83338,21.89992],[-104.83337,21.90802]]],[[[-104.81601,21.8999],[-104.80733,21.89989],[-104.80735,21.88368],[-104.81603,21.88369],[-104.81601,21.8999]]],[[[-104.80747,21.79454],[-104.80748,21.78644],[-104.81616,21.78645],[-104.81614,21.79455],[-104.80747,21.79454]]],[[[-104.82542,21.29211],[-104.80813,21.29209],[-104.80815,21.27588],[-104.8168,21.27589],[-104.81679,21.28399],[-104.82543,21.284],[-104.82542,21.29211]]],[[[-104.84113,21.46366],[-104.83891,21.46749],[-104.84253,21.46887],[-104.84253,21.47042],[-104.84553,21.47042],[-104.8444,21.47209],[-104.84256,21.47125],[-104.84012,21.47278],[-104.83969,21.4757],[-104.83645,21.4754],[-104.83632,21.47891],[-104.83788,21.48019],[-104.83579,21.48276],[-104.82619,21.48212],[-104.81654,21.48581],[-104.81655,21.47039],[-104.83387,21.47041],[-104.83388,21.4623],[-104.84254,21.46231],[-104.84253,21.46421],[-104.84113,21.46366]]],[[[-104.81682,21.25968],[-104.81683,21.25158],[-104.82547,21.25159],[-104.82546,21.25969],[-104.81682,21.25968]]],[[[-104.83353,21.77026],[-104.83352,21.77836],[-104.82484,21.77835],[-104.82485,21.77025],[-104.83353,21.77026]]],[[[-104.83353,21.77026],[-104.83356,21.73784],[-104.84224,21.73785],[-104.84799,21.74868],[-104.85089,21.76217],[-104.84221,21.76216],[-104.8422,21.77026],[-104.83353,21.77026]]],[[[-104.83427,21.11382],[-104.82563,21.11381],[-104.82564,21.10571],[-104.83428,21.10572],[-104.83427,21.11382]]],[[[-104.83023,21.58386],[-104.83074,21.58424],[-104.83071,21.58441],[-104.83023,21.58386]]],[[[-104.83124,21.49472],[-104.83384,21.49452],[-104.83384,21.49472],[-104.83124,21.49472]]],[[[-104.83385,21.49239],[-104.83184,21.49143],[-104.83385,21.4885],[-104.83385,21.49239]]],[[[-104.83325,22.00526],[-104.83326,21.99716],[-104.84195,21.99717],[-104.84194,22.00527],[-104.83325,22.00526]]],[[[-104.83328,21.98095],[-104.83329,21.97285],[-104.84198,21.97286],[-104.84197,21.98096],[-104.83328,21.98095]]],[[[-104.84212,21.8432],[-104.84214,21.82699],[-104.85082,21.827],[-104.85081,21.8351],[-104.85949,21.83511],[-104.85948,21.84321],[-104.84212,21.8432]]],[[[-104.84379,21.48595],[-104.84437,21.48663],[-104.84359,21.48637],[-104.84379,21.48595]]],[[[-104.85032,22.30511],[-104.85033,22.297],[-104.85903,22.29701],[-104.85903,22.30512],[-104.85032,22.30511]]],[[[-104.85948,21.85132],[-104.85946,21.86753],[-104.85078,21.86752],[-104.85079,21.85131],[-104.85948,21.85132]]],[[[-104.85905,22.28081],[-104.85908,22.24839],[-104.86779,22.2484],[-104.86776,22.28081],[-104.85905,22.28081]]],[[[-104.8595,21.82701],[-104.85952,21.8027],[-104.8682,21.8027],[-104.86818,21.82701],[-104.8595,21.82701]]],[[[-104.89408,22.01342],[-104.86801,22.0134],[-104.86801,22.0053],[-104.89408,22.00531],[-104.89408,22.01342]]],[[[-104.87688,21.80271],[-104.87689,21.79461],[-104.86821,21.7946],[-104.86822,21.78649],[-104.89425,21.78651],[-104.89424,21.79462],[-104.90292,21.79462],[-104.90291,21.81083],[-104.89423,21.81082],[-104.89423,21.80272],[-104.87688,21.80271]]],[[[-104.86836,21.63252],[-104.87702,21.63253],[-104.87702,21.64063],[-104.86835,21.64062],[-104.86836,21.63252]]],[[[-104.88342,21.45748],[-104.88475,21.45938],[-104.88371,21.46216],[-104.87717,21.46326],[-104.87717,21.45424],[-104.88395,21.45424],[-104.88342,21.45748]]],[[[-104.87717,21.45424],[-104.86908,21.45423],[-104.86852,21.44613],[-104.87718,21.44613],[-104.87717,21.45424]]],[[[-104.86908,21.45423],[-104.86852,21.45365],[-104.86879,21.45359],[-104.86908,21.45423]]],[[[-105.05015,20.97612],[-105.05016,20.99233],[-105.04153,20.99233],[-105.04153,21.00043],[-105.05016,21.00043],[-105.05016,21.00854],[-105.06742,21.00853],[-105.06743,21.03284],[-105.0588,21.03285],[-105.0588,21.01664],[-105.04153,21.01664],[-105.04153,21.00854],[-105.0329,21.00854],[-105.0329,21.01664],[-105.02427,21.01665],[-105.02427,21.02475],[-105.01564,21.02475],[-105.01564,21.03286],[-105.00701,21.03286],[-105.00701,21.01665],[-104.99838,21.01665],[-104.99838,21.00854],[-104.98111,21.00854],[-104.98111,21.02475],[-104.97248,21.02475],[-104.97248,21.01664],[-104.92932,21.01663],[-104.92931,21.04095],[-104.92068,21.04094],[-104.92068,21.03284],[-104.90342,21.03283],[-104.90342,21.02472],[-104.89479,21.02472],[-104.8948,21.01661],[-104.88617,21.01661],[-104.88619,20.9923],[-104.87756,20.99229],[-104.87755,21.00039],[-104.86892,21.00039],[-104.86893,20.9909],[-104.87249,20.98418],[-104.87756,20.98418],[-104.87756,20.98143],[-104.88081,20.98091],[-104.88233,20.97891],[-104.88095,20.97601],[-104.88275,20.97366],[-104.88954,20.97376],[-104.89123,20.97242],[-104.89113,20.96994],[-104.89264,20.96799],[-104.91209,20.968],[-104.91208,20.9761],[-104.92071,20.97611],[-104.92073,20.95179],[-104.92935,20.9518],[-104.92936,20.94369],[-104.94661,20.9437],[-104.94662,20.93559],[-104.95524,20.9356],[-104.95524,20.9437],[-104.96387,20.9437],[-104.96387,20.9356],[-104.98112,20.9356],[-104.98112,20.95991],[-104.97249,20.95991],[-104.97249,20.98423],[-104.98112,20.98423],[-104.98112,20.96802],[-104.98975,20.96802],[-104.98975,20.95991],[-104.99838,20.95991],[-104.99838,20.95181],[-105.007,20.95181],[-105.007,20.95991],[-105.01563,20.95991],[-105.01563,20.96802],[-105.02426,20.96802],[-105.02426,20.95991],[-105.03289,20.95991],[-105.03289,20.96802],[-105.04152,20.96801],[-105.04152,20.97612],[-105.05015,20.97612]],[[-104.88619,20.9923],[-104.89482,20.9923],[-104.89482,20.9842],[-104.88619,20.98419],[-104.88619,20.9923]],[[-104.89482,20.9923],[-104.89481,21.00041],[-104.90344,21.00041],[-104.90345,20.99231],[-104.89482,20.9923]],[[-104.90344,21.00041],[-104.90343,21.00852],[-104.97248,21.00854],[-104.97249,20.99233],[-104.96386,20.99233],[-104.96385,21.00043],[-104.95522,21.00043],[-104.95523,20.99233],[-104.9466,20.99232],[-104.9466,20.98422],[-104.93797,20.98422],[-104.93797,20.99232],[-104.92071,20.99231],[-104.9207,21.00042],[-104.90344,21.00041]],[[-104.9466,20.98422],[-104.95523,20.98422],[-104.95523,20.96801],[-104.9466,20.96801],[-104.9466,20.98422]],[[-104.95523,20.96801],[-104.96386,20.96802],[-104.96386,20.95991],[-104.95524,20.95991],[-104.95523,20.96801]],[[-104.93797,20.98422],[-104.93798,20.96801],[-104.92935,20.968],[-104.92934,20.98421],[-104.93797,20.98422]],[[-104.92071,20.99231],[-104.92071,20.98421],[-104.91208,20.98421],[-104.91208,20.99231],[-104.92071,20.99231]],[[-104.98975,20.96802],[-104.98975,20.97612],[-104.99838,20.97612],[-104.99838,20.96802],[-104.98975,20.96802]],[[-105.01563,20.97612],[-105.01564,20.98423],[-105.02426,20.98423],[-105.02426,20.97612],[-105.01563,20.97612]],[[-105.01564,21.00854],[-105.02427,21.00854],[-105.02427,21.00044],[-105.01564,21.00044],[-105.01564,21.00854]]],[[[-105.007,20.95181],[-105.007,20.94371],[-105.01563,20.9437],[-105.01563,20.95181],[-105.007,20.95181]]],[[[-104.88513,22.32945],[-104.88512,22.34565],[-104.87641,22.34565],[-104.87642,22.32944],[-104.88513,22.32945]]],[[[-104.88513,22.32945],[-104.88514,22.32134],[-104.89385,22.32135],[-104.89384,22.32945],[-104.88513,22.32945]]],[[[-104.92896,21.77032],[-104.92896,21.77843],[-104.9116,21.77842],[-104.91161,21.77032],[-104.90293,21.77031],[-104.90293,21.77842],[-104.88558,21.7784],[-104.88558,21.7703],[-104.89426,21.77031],[-104.89428,21.74599],[-104.8856,21.74599],[-104.88561,21.72978],[-104.89429,21.72979],[-104.89428,21.73789],[-104.90296,21.7379],[-104.90295,21.746],[-104.91162,21.746],[-104.91161,21.76221],[-104.92029,21.76222],[-104.92029,21.77032],[-104.92896,21.77032]]],[[[-104.886,21.24137],[-104.886,21.24129],[-104.88603,21.24128],[-104.886,21.24137]]],[[[-104.88611,21.08955],[-104.88612,21.08145],[-104.89475,21.08145],[-104.89475,21.08956],[-104.88611,21.08955]]],[[[-104.90314,21.46738],[-104.90313,21.47046],[-104.89799,21.47046],[-104.88841,21.47025],[-104.88858,21.46802],[-104.88991,21.46677],[-104.89357,21.46724],[-104.89448,21.46593],[-104.89448,21.4677],[-104.89541,21.46329],[-104.89699,21.46489],[-104.89996,21.46437],[-104.90314,21.46551],[-104.90314,21.46738]],[[-104.89799,21.47046],[-104.89828,21.47031],[-104.89871,21.46999],[-104.89918,21.46934],[-104.89799,21.47046]],[[-104.89918,21.46934],[-104.89984,21.46913],[-104.89965,21.46912],[-104.89918,21.46934]],[[-104.90314,21.46738],[-104.90255,21.46707],[-104.90172,21.46675],[-104.90314,21.46738]],[[-104.89486,21.46801],[-104.89464,21.46775],[-104.89448,21.46771],[-104.89486,21.46801]],[[-104.89801,21.469],[-104.89723,21.46915],[-104.89761,21.46915],[-104.89801,21.469]]],[[[-104.88903,21.47045],[-104.88887,21.47066],[-104.88869,21.47045],[-104.88903,21.47045]]],[[[-104.88953,21.47218],[-104.88944,21.47194],[-104.88968,21.47213],[-104.88953,21.47218]]],[[[-104.89448,21.47046],[-104.89189,21.47097],[-104.89072,21.47046],[-104.89448,21.47046]]],[[[-104.89319,21.46465],[-104.89343,21.46489],[-104.89321,21.4648],[-104.89319,21.46465]]],[[[-104.89402,22.08635],[-104.89403,22.07825],[-104.90272,22.07825],[-104.90272,22.08636],[-104.89402,22.08635]]],[[[-104.90257,22.30515],[-104.90257,22.29704],[-104.91128,22.29705],[-104.91128,22.30515],[-104.90257,22.30515]]],[[[-104.90277,22.01342],[-104.90277,22.00532],[-104.91146,22.00532],[-104.91146,22.01343],[-104.90277,22.01342]]],[[[-104.90519,21.2339],[-104.90538,21.23337],[-104.90565,21.23397],[-104.90519,21.2339]]],[[[-104.9068,21.24515],[-104.90699,21.24514],[-104.90706,21.24521],[-104.9068,21.24515]]],[[[-104.92196,22.18638],[-104.91433,22.19348],[-104.91135,22.1836],[-104.92196,22.18638]]],[[[-104.91158,21.81084],[-104.91159,21.80273],[-104.92027,21.80274],[-104.92026,21.81084],[-104.91158,21.81084]]],[[[-104.9288,22.10258],[-104.9288,22.09447],[-104.9375,22.09448],[-104.93749,22.10258],[-104.9288,22.10258]]],[[[-104.93762,21.81895],[-104.92894,21.81895],[-104.92895,21.79464],[-104.93763,21.79464],[-104.93762,21.81895]]],[[[-104.9552,21.07337],[-104.9293,21.07336],[-104.9293,21.06526],[-104.9552,21.06527],[-104.9552,21.07337]]],[[[-104.9293,21.05716],[-104.92931,21.04905],[-104.93794,21.04905],[-104.93794,21.05716],[-104.9293,21.05716]]],[[[-104.93753,22.01344],[-104.93753,22.00534],[-104.94622,22.00534],[-104.94622,22.01344],[-104.93753,22.01344]]],[[[-104.96361,21.98103],[-104.93755,21.98103],[-104.93755,21.97292],[-104.96361,21.97293],[-104.96361,21.98103]]],[[[-104.9724,21.44618],[-104.98106,21.44618],[-104.98106,21.46239],[-104.9724,21.46239],[-104.9724,21.47049],[-104.98105,21.47049],[-104.98105,21.47859],[-104.96374,21.47859],[-104.96373,21.4867],[-104.95508,21.48669],[-104.95508,21.47859],[-104.94642,21.47859],[-104.94642,21.48669],[-104.93776,21.48669],[-104.93778,21.43806],[-104.95509,21.43807],[-104.95509,21.45428],[-104.96374,21.45428],[-104.96375,21.43807],[-104.9724,21.43807],[-104.9724,21.44618]],[[-104.95508,21.47049],[-104.95508,21.46238],[-104.94643,21.46238],[-104.94642,21.47048],[-104.95508,21.47049]]],[[[-104.97229,22.02966],[-104.98098,22.02966],[-104.98098,22.03776],[-104.97229,22.03776],[-104.97229,22.02966]]],[[[-104.97229,22.02966],[-104.9636,22.02965],[-104.9636,22.01345],[-104.97229,22.01345],[-104.9723,21.99724],[-104.98099,21.99724],[-104.98098,22.02155],[-104.97229,22.02155],[-104.97229,22.02966]]],[[[-104.97229,22.03776],[-104.97229,22.05397],[-104.9549,22.05396],[-104.95489,22.08638],[-104.94619,22.08638],[-104.9462,22.07017],[-104.94621,22.03775],[-104.97229,22.03776]],[[-104.9462,22.07438],[-104.94813,22.07061],[-104.94769,22.07143],[-104.9462,22.07438]]],[[[-104.94623,21.99724],[-104.94623,21.98913],[-104.95492,21.98913],[-104.95492,21.99724],[-104.94623,21.99724]]],[[[-105.00705,21.96483],[-105.00705,21.97293],[-105.02443,21.97293],[-105.02443,21.98104],[-104.99836,21.98104],[-104.99836,21.97293],[-104.98968,21.97293],[-104.98968,21.95673],[-104.98099,21.95673],[-104.98099,21.94862],[-104.96362,21.94862],[-104.96362,21.94051],[-104.98968,21.94052],[-104.98968,21.94862],[-104.99837,21.94862],[-104.99837,21.96483],[-105.00705,21.96483]]],[[[-104.96362,21.94862],[-104.96362,21.95672],[-104.95493,21.95672],[-104.95493,21.94862],[-104.96362,21.94862]]],[[[-104.98968,21.94052],[-104.98968,21.92431],[-104.981,21.92431],[-104.981,21.91621],[-105.00705,21.91621],[-105.00705,21.92431],[-104.99837,21.92431],[-104.99837,21.94052],[-104.98968,21.94052]]],[[[-104.95493,21.95672],[-104.95493,21.96482],[-104.94624,21.96482],[-104.94624,21.95672],[-104.95493,21.95672]]],[[[-105.00705,21.85948],[-105.00705,21.86759],[-104.98968,21.86759],[-104.98968,21.87569],[-104.981,21.87569],[-104.981,21.86758],[-104.97232,21.86758],[-104.97232,21.85948],[-104.98969,21.85948],[-104.98969,21.85138],[-104.99837,21.85138],[-104.99837,21.85948],[-105.00705,21.85948]]],[[[-104.98968,21.87569],[-104.99837,21.87569],[-104.99837,21.8919],[-104.98968,21.8919],[-104.98968,21.87569]]],[[[-104.98968,21.8919],[-104.98968,21.9],[-104.981,21.9],[-104.981,21.8919],[-104.98968,21.8919]]],[[[-104.98968,21.9],[-104.99837,21.9],[-104.99837,21.9081],[-104.98968,21.9081],[-104.98968,21.9]]],[[[-104.97232,21.85948],[-104.96364,21.85948],[-104.96364,21.85137],[-104.97232,21.85138],[-104.97232,21.85948]]],[[[-104.96364,21.85137],[-104.95496,21.85137],[-104.95497,21.84327],[-104.94629,21.84327],[-104.94629,21.83516],[-104.98101,21.83517],[-104.98101,21.84327],[-104.96365,21.84327],[-104.96364,21.85137]]],[[[-104.94632,21.74602],[-104.94632,21.73792],[-104.955,21.73792],[-104.955,21.74602],[-104.94632,21.74602]]],[[[-104.9551,21.41376],[-104.94644,21.41375],[-104.94645,21.40565],[-104.9551,21.40565],[-104.9551,21.41376]]],[[[-104.97247,21.08959],[-104.9811,21.08959],[-104.9811,21.09769],[-104.97247,21.09769],[-104.97247,21.08959]]],[[[-104.97247,21.08959],[-104.94656,21.08958],[-104.94656,21.08148],[-104.96383,21.08148],[-104.96384,21.07338],[-104.97247,21.07338],[-104.97247,21.08959]]],[[[-104.95921,22.1859],[-104.95486,22.17552],[-104.96356,22.17552],[-104.95921,22.1859]]],[[[-104.95521,21.04906],[-104.95521,21.04095],[-104.96384,21.04096],[-104.96384,21.04906],[-104.95521,21.04906]]],[[[-104.97234,21.74603],[-104.98102,21.74603],[-104.98101,21.77844],[-104.97234,21.77844],[-104.97234,21.74603]]],[[[-104.97234,21.74603],[-104.96367,21.74602],[-104.96367,21.73792],[-104.97235,21.73792],[-104.97234,21.74603]]],[[[-104.97226,22.19983],[-104.97226,22.19173],[-104.98096,22.19173],[-104.98096,22.19983],[-104.97226,22.19983]]],[[[-104.97237,21.60826],[-104.97237,21.60015],[-104.98104,21.60016],[-104.98104,21.60826],[-104.97237,21.60826]]],[[[-104.98969,21.81086],[-104.98969,21.81896],[-104.98101,21.81896],[-104.98101,21.81086],[-104.98969,21.81086]]],[[[-104.98969,21.81086],[-104.98969,21.77844],[-105.00704,21.77844],[-105.00704,21.78655],[-104.99837,21.78655],[-104.99837,21.81086],[-104.98969,21.81086]]],[[[-105.00706,22.05397],[-105.00706,22.06207],[-104.99836,22.06207],[-104.99836,22.05397],[-105.00706,22.05397]]],[[[-105.00706,22.05397],[-105.00706,22.03776],[-105.01575,22.03776],[-105.01575,22.05397],[-105.00706,22.05397]]],[[[-104.99836,22.05397],[-104.98967,22.05397],[-104.98967,22.03776],[-104.99836,22.03776],[-104.99836,22.05397]]],[[[-104.98969,21.83517],[-104.98969,21.82707],[-104.99837,21.82707],[-104.99837,21.83517],[-104.98969,21.83517]]],[[[-105.06793,22.10258],[-105.06794,22.11068],[-105.05054,22.11069],[-105.05054,22.10258],[-105.04184,22.10259],[-105.04184,22.09448],[-105.05054,22.09448],[-105.05053,22.08638],[-105.06792,22.08637],[-105.06792,22.07827],[-105.07661,22.07826],[-105.07661,22.06206],[-105.0853,22.06205],[-105.08531,22.08636],[-105.07662,22.08637],[-105.07663,22.10257],[-105.06793,22.10258]]],[[[-105.04184,22.10259],[-105.04185,22.11069],[-105.00706,22.11069],[-105.00706,22.10259],[-104.99836,22.10259],[-104.99836,22.08638],[-105.00706,22.08638],[-105.00706,22.09449],[-105.01575,22.09449],[-105.01576,22.10259],[-105.04184,22.10259]]],[[[-105.00706,22.08638],[-105.00706,22.07828],[-105.01575,22.07828],[-105.01575,22.08638],[-105.00706,22.08638]]],[[[-105.02443,21.99724],[-105.02443,22.00535],[-105.01574,22.00535],[-105.01574,21.99724],[-105.02443,21.99724]]],[[[-105.02443,21.99724],[-105.02443,21.98914],[-105.03312,21.98914],[-105.03312,21.99724],[-105.02443,21.99724]]],[[[-105.01574,21.99724],[-105.00705,21.99724],[-105.00705,21.98914],[-105.01574,21.98914],[-105.01574,21.99724]]],[[[-105.00705,21.99724],[-105.00706,22.01345],[-104.99836,22.01345],[-104.99836,21.99724],[-105.00705,21.99724]]],[[[-105.00706,22.01345],[-105.01575,22.01345],[-105.01575,22.02966],[-105.00706,22.02966],[-105.00706,22.01345]]],[[[-104.99837,21.19495],[-104.99837,21.18684],[-105.00702,21.18684],[-105.00702,21.19495],[-104.99837,21.19495]]],[[[-105.00705,21.94052],[-105.00705,21.93242],[-105.01574,21.93241],[-105.01574,21.94052],[-105.00705,21.94052]]],[[[-105.01566,21.25978],[-105.01566,21.24357],[-105.02431,21.24357],[-105.02431,21.25978],[-105.01566,21.25978]]],[[[-105.0417,21.60826],[-105.0157,21.60826],[-105.0157,21.60016],[-105.0417,21.60015],[-105.0417,21.60826]]],[[[-105.01576,22.15121],[-105.01576,22.14311],[-105.02446,22.14311],[-105.02446,22.15121],[-105.01576,22.15121]]],[[[-105.03295,21.22736],[-105.03295,21.23546],[-105.02431,21.23547],[-105.0243,21.22736],[-105.03295,21.22736]]],[[[-105.03295,21.22736],[-105.03295,21.21926],[-105.0243,21.21926],[-105.0243,21.21115],[-105.04159,21.21115],[-105.04159,21.22736],[-105.03295,21.22736]]],[[[-105.04172,21.67309],[-105.05039,21.67309],[-105.0504,21.6974],[-105.04173,21.6974],[-105.04172,21.6893],[-105.02438,21.6893],[-105.02438,21.66499],[-105.04172,21.66498],[-105.04172,21.67309]]],[[[-105.03312,21.96483],[-105.02443,21.96483],[-105.02443,21.95672],[-105.03311,21.95672],[-105.03312,21.96483]]],[[[-105.05921,22.05396],[-105.05923,22.07827],[-105.05053,22.07827],[-105.05052,22.05396],[-105.05921,22.05396]]],[[[-105.05052,22.05396],[-105.02444,22.05397],[-105.02444,22.02966],[-105.03313,22.02966],[-105.03313,22.03776],[-105.04182,22.03776],[-105.04182,22.02155],[-105.05051,22.02155],[-105.05052,22.05396]]],[[[-105.03294,21.19494],[-105.03294,21.18684],[-105.04158,21.18684],[-105.04158,21.19494],[-105.03294,21.19494]]],[[[-105.04158,21.17873],[-105.04157,21.15442],[-105.05021,21.15442],[-105.05022,21.17873],[-105.04158,21.17873]]],[[[-105.0416,21.25978],[-105.0416,21.25167],[-105.05024,21.25167],[-105.05025,21.25977],[-105.0416,21.25978]]],[[[-105.08478,21.17061],[-105.07614,21.17062],[-105.07613,21.15441],[-105.08477,21.1544],[-105.08478,21.17061]]],[[[-105.08478,21.17061],[-105.09342,21.17061],[-105.09343,21.18682],[-105.07615,21.18682],[-105.07614,21.17872],[-105.08478,21.17872],[-105.08478,21.17061]]],[[[-105.07613,21.15441],[-105.06749,21.15441],[-105.06749,21.14631],[-105.07612,21.1463],[-105.07613,21.15441]]],[[[-105.07614,21.17062],[-105.07614,21.17872],[-105.05886,21.17873],[-105.05886,21.17062],[-105.07614,21.17062]]],[[[-105.06754,21.27598],[-105.06755,21.29218],[-105.0589,21.29219],[-105.0589,21.27598],[-105.06754,21.27598]]],[[[-105.06754,21.27598],[-105.06754,21.26787],[-105.07619,21.26787],[-105.07619,21.27597],[-105.06754,21.27598]]],[[[-105.06756,21.30029],[-105.0762,21.30029],[-105.07621,21.31649],[-105.05891,21.3165],[-105.05891,21.3084],[-105.06756,21.30839],[-105.06756,21.30029]]],[[[-105.05893,21.34892],[-105.05892,21.33271],[-105.06757,21.33271],[-105.06758,21.34891],[-105.05893,21.34892]]],[[[-105.11924,21.04092],[-105.11924,21.04902],[-105.11061,21.04903],[-105.1106,21.04092],[-105.11924,21.04092]]],[[[-105.11924,21.04092],[-105.11923,21.03281],[-105.12786,21.03281],[-105.12787,21.04091],[-105.11924,21.04092]]],[[[-105.11061,21.04903],[-105.11061,21.05713],[-105.10198,21.05714],[-105.10198,21.04903],[-105.11061,21.04903]]],[[[-105.10198,21.04903],[-105.09334,21.04904],[-105.09334,21.04094],[-105.0847,21.04094],[-105.0847,21.03284],[-105.10196,21.03283],[-105.10198,21.04903]]],[[[-105.0847,21.03284],[-105.07607,21.03284],[-105.07606,21.02473],[-105.08469,21.02473],[-105.0847,21.03284]]],[[[-105.08475,21.12198],[-105.07611,21.12199],[-105.07611,21.11388],[-105.08475,21.11388],[-105.08475,21.12198]]],[[[-105.07625,21.38133],[-105.07624,21.36512],[-105.08489,21.36512],[-105.0849,21.38132],[-105.07625,21.38133]]],[[[-105.08487,21.3327],[-105.08487,21.32459],[-105.09352,21.32459],[-105.09352,21.33269],[-105.08487,21.3327]]],[[[-105.08488,21.35701],[-105.08488,21.34891],[-105.09353,21.3489],[-105.09354,21.35701],[-105.08488,21.35701]]],[[[-105.09404,22.13498],[-105.08534,22.13498],[-105.08534,22.12688],[-105.09404,22.12687],[-105.09404,22.13498]]],[[[-105.0934,21.14629],[-105.09339,21.13008],[-105.10203,21.13008],[-105.10204,21.14629],[-105.0934,21.14629]]],[[[-105.11081,21.31647],[-105.11081,21.32458],[-105.10216,21.32458],[-105.10216,21.31648],[-105.11081,21.31647]]],[[[-105.10216,21.31648],[-105.09351,21.31649],[-105.09783,21.3061],[-105.10216,21.31648]]],[[[-105.11086,21.38131],[-105.1022,21.38131],[-105.1022,21.37321],[-105.11085,21.3732],[-105.11086,21.38131]]],[[[-105.11086,21.38131],[-105.11951,21.3813],[-105.11952,21.38941],[-105.11086,21.38941],[-105.11086,21.38131]]],[[[-105.1022,21.38131],[-105.10221,21.38942],[-105.09356,21.38942],[-105.09355,21.38132],[-105.1022,21.38131]]],[[[-105.09401,22.09446],[-105.09401,22.08636],[-105.1027,22.08635],[-105.10271,22.09446],[-105.09401,22.09446]]],[[[-105.17962,21.00034],[-105.15373,21.00037],[-105.15372,20.99226],[-105.17098,20.99225],[-105.17097,20.98414],[-105.1796,20.98413],[-105.17962,21.00034]]],[[[-105.15373,21.00037],[-105.15373,21.00847],[-105.16236,21.00847],[-105.16237,21.01657],[-105.15374,21.01658],[-105.15376,21.03279],[-105.14513,21.03279],[-105.14513,21.0409],[-105.1365,21.04091],[-105.13648,21.01659],[-105.14511,21.01659],[-105.14509,21.00038],[-105.15373,21.00037]]],[[[-105.15376,21.03279],[-105.16239,21.03278],[-105.1624,21.04088],[-105.15377,21.04089],[-105.15376,21.03279]]],[[[-105.13648,21.01659],[-105.10195,21.01662],[-105.10195,21.00851],[-105.13647,21.00849],[-105.13648,21.01659]]],[[[-105.10201,21.10577],[-105.102,21.08956],[-105.11064,21.08955],[-105.11065,21.10576],[-105.10201,21.10577]]],[[[-105.10235,21.59202],[-105.10235,21.58392],[-105.11967,21.58391],[-105.11968,21.59201],[-105.10235,21.59202]]],[[[-105.11953,21.40562],[-105.11087,21.40562],[-105.11087,21.39752],[-105.11952,21.39751],[-105.11953,21.40562]]],[[[-105.11956,21.44614],[-105.11956,21.43803],[-105.12821,21.43803],[-105.12822,21.44613],[-105.11956,21.44614]]],[[[-105.1199,21.85944],[-105.1199,21.85133],[-105.12858,21.85133],[-105.12858,21.85943],[-105.1199,21.85944]]],[[[-105.1538,21.07331],[-105.15381,21.08141],[-105.14517,21.08142],[-105.14518,21.08953],[-105.12791,21.08954],[-105.12789,21.06523],[-105.13652,21.06522],[-105.13653,21.07332],[-105.1538,21.07331]]],[[[-105.12818,21.3975],[-105.14548,21.39749],[-105.14549,21.4056],[-105.12818,21.40561],[-105.12818,21.3975]]],[[[-105.12819,21.41371],[-105.13684,21.41371],[-105.13685,21.42181],[-105.14551,21.4218],[-105.14552,21.42991],[-105.1282,21.42992],[-105.12819,21.41371]]],[[[-105.12831,21.55148],[-105.1283,21.54338],[-105.13697,21.54337],[-105.13697,21.55148],[-105.12831,21.55148]]],[[[-105.12886,22.16737],[-105.12884,22.14306],[-105.14624,22.14304],[-105.14624,22.15115],[-105.13755,22.15115],[-105.13755,22.15926],[-105.15495,22.15924],[-105.15496,22.16735],[-105.12886,22.16737]]],[[[-105.13758,22.18357],[-105.12888,22.18357],[-105.12887,22.17547],[-105.13757,22.17546],[-105.13758,22.18357]]],[[[-105.13758,22.18357],[-105.16368,22.18354],[-105.1637,22.19975],[-105.155,22.19976],[-105.15499,22.19166],[-105.14629,22.19166],[-105.1463,22.19977],[-105.13759,22.19977],[-105.13758,22.18357]]],[[[-105.13763,22.24029],[-105.13762,22.23219],[-105.15503,22.23217],[-105.15505,22.24838],[-105.14635,22.24839],[-105.14634,22.24028],[-105.13763,22.24029]]],[[[-105.1377,22.30512],[-105.13769,22.29702],[-105.1551,22.297],[-105.15511,22.3051],[-105.1377,22.30512]]],[[[-105.13783,22.44287],[-105.13782,22.43477],[-105.14654,22.43476],[-105.14655,22.44287],[-105.13783,22.44287]]],[[[-105.15419,21.44611],[-105.1542,21.46232],[-105.14555,21.46232],[-105.14553,21.44612],[-105.15419,21.44611]]],[[[-105.14564,21.55957],[-105.14564,21.55147],[-105.1543,21.55146],[-105.15431,21.55957],[-105.14564,21.55957]]],[[[-105.15502,22.22407],[-105.14632,22.22408],[-105.14631,22.21597],[-105.15501,22.21597],[-105.15502,22.22407]]],[[[-105.15514,22.32941],[-105.15516,22.34562],[-105.14645,22.34563],[-105.14643,22.32942],[-105.15514,22.32941]]],[[[-105.14663,22.5239],[-105.14659,22.48338],[-105.16403,22.48336],[-105.16404,22.49147],[-105.15532,22.49148],[-105.15536,22.52389],[-105.14663,22.5239]]],[[[-105.14669,22.57252],[-105.14668,22.56441],[-105.1554,22.5644],[-105.15541,22.57251],[-105.14669,22.57252]]],[[[-105.16276,21.37316],[-105.16277,21.38127],[-105.15412,21.38127],[-105.15411,21.37317],[-105.16276,21.37316]]],[[[-105.16276,21.37316],[-105.16275,21.36506],[-105.17141,21.36505],[-105.17142,21.37315],[-105.16276,21.37316]]],[[[-105.15426,21.51905],[-105.15426,21.51094],[-105.16292,21.51093],[-105.16293,21.51904],[-105.15426,21.51905]]],[[[-105.16294,21.53524],[-105.15428,21.53525],[-105.15427,21.52715],[-105.16293,21.52714],[-105.16294,21.53524]]],[[[-105.19861,22.27264],[-105.1986,22.26454],[-105.18989,22.26455],[-105.18988,22.25645],[-105.20729,22.25642],[-105.20732,22.27263],[-105.19861,22.27264]]],[[[-105.18989,22.26455],[-105.18991,22.28076],[-105.20733,22.28073],[-105.20734,22.28884],[-105.19863,22.28885],[-105.19868,22.32126],[-105.18997,22.32127],[-105.18996,22.31317],[-105.18125,22.31318],[-105.18124,22.30508],[-105.18995,22.30507],[-105.18994,22.29696],[-105.16381,22.29699],[-105.1638,22.28889],[-105.17251,22.28888],[-105.1725,22.28078],[-105.16379,22.28078],[-105.16377,22.26458],[-105.17248,22.26457],[-105.17278,22.26457],[-105.17247,22.25647],[-105.18118,22.25646],[-105.18119,22.26385],[-105.1752,22.26286],[-105.18119,22.26456],[-105.18989,22.26455]],[[-105.17301,22.26457],[-105.17405,22.26395],[-105.17464,22.26339],[-105.17301,22.26457]]],[[[-105.1638,22.28889],[-105.1551,22.2889],[-105.15509,22.28079],[-105.16379,22.28078],[-105.1638,22.28889]]],[[[-105.17088,20.9112],[-105.16226,20.91121],[-105.16225,20.90311],[-105.17088,20.9031],[-105.17088,20.9112]]],[[[-105.16228,20.92742],[-105.16227,20.91931],[-105.17089,20.91931],[-105.1709,20.92741],[-105.16228,20.92742]]],[[[-105.163,21.58387],[-105.16299,21.57577],[-105.17165,21.57576],[-105.17166,21.58386],[-105.163,21.58387]]],[[[-105.1881,20.87876],[-105.18811,20.88687],[-105.17948,20.88688],[-105.17947,20.87877],[-105.1881,20.87876]]],[[[-105.1881,20.87876],[-105.18809,20.87066],[-105.20533,20.87064],[-105.20534,20.87874],[-105.1881,20.87876]]],[[[-105.17948,20.88688],[-105.17949,20.89498],[-105.17087,20.89499],[-105.17086,20.88689],[-105.17948,20.88688]]],[[[-105.17956,20.95172],[-105.17093,20.95172],[-105.17092,20.94362],[-105.17955,20.94361],[-105.17956,20.95172]],[[-105.17356,20.95121],[-105.17255,20.95068],[-105.17265,20.9508],[-105.17331,20.95112],[-105.17356,20.95121]],[[-105.1742,20.95154],[-105.1741,20.95149],[-105.17431,20.95169],[-105.1742,20.95154]],[[-105.17822,20.95033],[-105.17844,20.95023],[-105.17626,20.95117],[-105.17822,20.95033]]],[[[-105.17095,20.96793],[-105.17094,20.95983],[-105.17957,20.95982],[-105.17958,20.96792],[-105.17095,20.96793]]],[[[-105.18828,21.02465],[-105.18829,21.03275],[-105.17102,21.03277],[-105.17101,21.02467],[-105.18828,21.02465]]],[[[-105.18828,21.02465],[-105.18827,21.01654],[-105.1969,21.01653],[-105.19691,21.02464],[-105.18828,21.02465]]],[[[-105.17162,21.55144],[-105.17161,21.54334],[-105.18028,21.54333],[-105.18029,21.55144],[-105.17162,21.55144]]],[[[-105.17967,21.04897],[-105.17967,21.04087],[-105.1883,21.04086],[-105.18831,21.04896],[-105.17967,21.04897]]],[[[-105.18822,20.97602],[-105.18821,20.96792],[-105.19684,20.96791],[-105.19685,20.97601],[-105.18822,20.97602]]],[[[-105.18824,20.99223],[-105.18823,20.98412],[-105.19686,20.98411],[-105.19687,20.99222],[-105.18824,20.99223]]],[[[-105.19689,21.00843],[-105.18826,21.00844],[-105.18825,21.00033],[-105.19688,21.00032],[-105.19689,21.00843]]],[[[-105.1887,21.35693],[-105.18869,21.34882],[-105.19734,21.34881],[-105.19735,21.35692],[-105.1887,21.35693]]],[[[-105.20545,20.95979],[-105.19682,20.9598],[-105.19681,20.9517],[-105.20544,20.95169],[-105.20545,20.95979]]],[[[-105.20545,20.95979],[-105.22271,20.95977],[-105.22272,20.96787],[-105.20546,20.9679],[-105.20545,20.95979]]],[[[-105.19773,21.64056],[-105.19771,21.62435],[-105.20638,21.62434],[-105.2064,21.64055],[-105.19773,21.64056]]],[[[-105.19812,21.92419],[-105.19809,21.89988],[-105.20677,21.89987],[-105.2068,21.91608],[-105.21548,21.91607],[-105.21549,21.92417],[-105.19812,21.92419]]],[[[-105.21611,22.32934],[-105.2074,22.32935],[-105.20739,22.32125],[-105.2161,22.32124],[-105.21611,22.32934]]],[[[-105.2074,22.32935],[-105.20741,22.33746],[-105.1987,22.33747],[-105.19869,22.32936],[-105.2074,22.32935]]],[[[-105.23986,20.89491],[-105.23985,20.8868],[-105.24847,20.88679],[-105.24849,20.8949],[-105.23986,20.89491]]],[[[-105.23985,20.8868],[-105.2226,20.88683],[-105.22259,20.87872],[-105.21397,20.87873],[-105.21395,20.87063],[-105.2312,20.87061],[-105.23121,20.87871],[-105.23984,20.8787],[-105.23985,20.8868]]],[[[-105.2226,20.88683],[-105.22261,20.89493],[-105.21399,20.89494],[-105.21398,20.88684],[-105.2226,20.88683]]],[[[-105.21501,21.60002],[-105.215,21.59191],[-105.22366,21.5919],[-105.22367,21.60001],[-105.21501,21.60002]]],[[[-105.21664,22.66967],[-105.2341,22.66965],[-105.23411,22.67775],[-105.21665,22.67777],[-105.21664,22.66967]]],[[[-105.24278,22.63722],[-105.22532,22.63725],[-105.22529,22.62104],[-105.24275,22.62102],[-105.24278,22.63722]]],[[[-105.23135,20.96786],[-105.23134,20.95976],[-105.23997,20.95975],[-105.23998,20.96785],[-105.23135,20.96786]]],[[[-105.24258,22.52378],[-105.24256,22.51568],[-105.25128,22.51566],[-105.2513,22.52377],[-105.24258,22.52378]]],[[[-105.25158,22.67772],[-105.24285,22.67774],[-105.24282,22.66153],[-105.25155,22.66152],[-105.25158,22.67772]]],[[[-105.24846,20.87869],[-105.24845,20.87058],[-105.25707,20.87057],[-105.25708,20.87867],[-105.24846,20.87869]]],[[[-105.25295,20.98632],[-105.24862,20.97594],[-105.25725,20.97593],[-105.25295,20.98632]]],[[[-105.25998,22.49944],[-105.25996,22.49134],[-105.26868,22.49133],[-105.2687,22.49943],[-105.25998,22.49944]]],[[[-105.26584,20.9516],[-105.27446,20.95159],[-105.27448,20.95969],[-105.27018,20.97008],[-105.26585,20.95971],[-105.26584,20.9516]]],[[[-105.27429,20.85433],[-105.27427,20.84623],[-105.28289,20.84622],[-105.28291,20.85432],[-105.27429,20.85433]]],[[[-105.27743,22.50752],[-105.27742,22.49942],[-105.28614,22.4994],[-105.28615,22.5075],[-105.27743,22.50752]]],[[[-105.30025,20.90292],[-105.30026,20.91102],[-105.29164,20.91104],[-105.29162,20.90293],[-105.30025,20.90292]]],[[[-105.30025,20.90292],[-105.30023,20.89481],[-105.30886,20.8948],[-105.30887,20.9029],[-105.30025,20.90292]]],[[[-105.29162,20.90293],[-105.283,20.90295],[-105.28298,20.89484],[-105.29161,20.89483],[-105.29162,20.90293]]],[[[-105.41206,20.78922],[-105.41211,20.80543],[-105.40349,20.80545],[-105.40351,20.81356],[-105.39489,20.81358],[-105.39487,20.80547],[-105.38625,20.80549],[-105.38627,20.8136],[-105.37765,20.81361],[-105.37769,20.82982],[-105.38631,20.8298],[-105.38629,20.8217],[-105.39491,20.82168],[-105.39495,20.83789],[-105.37771,20.83793],[-105.37773,20.84603],[-105.36911,20.84605],[-105.36907,20.82984],[-105.34321,20.8299],[-105.34319,20.82179],[-105.36043,20.82176],[-105.36041,20.81365],[-105.36903,20.81363],[-105.36901,20.80553],[-105.37763,20.80551],[-105.37761,20.79741],[-105.39485,20.79737],[-105.39483,20.78926],[-105.40344,20.78924],[-105.40342,20.78114],[-105.42066,20.7811],[-105.42064,20.77299],[-105.42925,20.77297],[-105.42934,20.80539],[-105.42072,20.80541],[-105.42068,20.7892],[-105.41206,20.78922]]],[[[-105.34321,20.8299],[-105.34323,20.838],[-105.3346,20.83802],[-105.33459,20.82991],[-105.34321,20.8299]]],[[[-105.36911,20.84605],[-105.36915,20.86226],[-105.36053,20.86228],[-105.36049,20.84607],[-105.36911,20.84605]]],[[[-105.37773,20.84603],[-105.38635,20.84601],[-105.38639,20.86222],[-105.37777,20.86224],[-105.37773,20.84603]]],[[[-105.33459,20.82991],[-105.32597,20.82993],[-105.32595,20.82183],[-105.33457,20.82181],[-105.33459,20.82991]]],[[[-105.32595,20.82183],[-105.31733,20.82184],[-105.31731,20.81374],[-105.32593,20.81372],[-105.32595,20.82183]]],[[[-105.32597,20.82993],[-105.326,20.84614],[-105.30876,20.84617],[-105.30881,20.87048],[-105.30018,20.8705],[-105.30015,20.85429],[-105.29153,20.85431],[-105.29151,20.8462],[-105.30014,20.84619],[-105.30012,20.83808],[-105.30874,20.83807],[-105.30872,20.82996],[-105.32597,20.82993]]],[[[-105.29158,20.87862],[-105.3002,20.8786],[-105.30022,20.88671],[-105.29159,20.88672],[-105.29158,20.87862]]],[[[-105.29169,20.93535],[-105.29167,20.92725],[-105.3003,20.92723],[-105.30031,20.93534],[-105.29169,20.93535]]],[[[-105.3036,22.50747],[-105.31232,22.50745],[-105.31233,22.51556],[-105.30361,22.51557],[-105.3036,22.50747]]],[[[-105.33469,20.87854],[-105.33473,20.89475],[-105.32611,20.89477],[-105.32607,20.87856],[-105.33469,20.87854]]]]}},{"type":"Feature","properties":{"Nivel":"Nula","Supha":578441.6},"geometry":{"type":"MultiPolygon","coordinates":[[[[-104.23099,21.22839],[-104.22338,21.23546],[-104.22047,21.22556],[-104.23099,21.22839]]],[[[-104.48693,21.64799],[-104.4696,21.64793],[-104.46957,21.65604],[-104.47824,21.65607],[-104.47815,21.68038],[-104.48682,21.6804],[-104.4867,21.71282],[-104.49538,21.71284],[-104.49526,21.74526],[-104.48659,21.74523],[-104.48656,21.75334],[-104.49766,21.75742],[-104.48653,21.76144],[-104.46918,21.76138],[-104.4778,21.77762],[-104.47777,21.78572],[-104.48887,21.78981],[-104.47774,21.79383],[-104.47765,21.81814],[-104.48973,21.82628],[-104.47759,21.83434],[-104.47756,21.84245],[-104.46888,21.84242],[-104.45578,21.8666],[-104.44857,21.85318],[-104.42814,21.8476],[-104.41697,21.82604],[-104.42551,21.80986],[-104.41708,21.79358],[-104.42574,21.77745],[-104.42581,21.76124],[-104.41713,21.76121],[-104.41739,21.69638],[-104.42613,21.6802],[-104.42619,21.664],[-104.43486,21.66403],[-104.43493,21.64782],[-104.44359,21.64785],[-104.44366,21.63164],[-104.46099,21.6317],[-104.45074,21.61224],[-104.46108,21.60739],[-104.46111,21.59928],[-104.45244,21.59926],[-104.44039,21.59111],[-104.45251,21.58305],[-104.45884,21.57234],[-104.4698,21.59121],[-104.46978,21.59931],[-104.49929,21.61488],[-104.48702,21.62368],[-104.48693,21.64799]],[[-104.47815,21.68038],[-104.46081,21.68032],[-104.46948,21.68035],[-104.46945,21.68845],[-104.47812,21.68848],[-104.47815,21.68038]],[[-104.43486,21.66403],[-104.43483,21.67213],[-104.45217,21.67219],[-104.4522,21.66409],[-104.45112,21.66408],[-104.43486,21.66403]],[[-104.43491,21.78558],[-104.43436,21.79368],[-104.44303,21.79371],[-104.44306,21.78561],[-104.43491,21.78558]],[[-104.43495,21.71157],[-104.43538,21.71115],[-104.43476,21.71172],[-104.43495,21.71157]],[[-104.4353,21.7105],[-104.43547,21.70988],[-104.43536,21.71027],[-104.4353,21.7105]],[[-104.43546,21.70887],[-104.43532,21.70778],[-104.43534,21.7081],[-104.43546,21.70887]],[[-104.43538,21.70914],[-104.43552,21.70954],[-104.43541,21.70907],[-104.43538,21.70914]],[[-104.43856,21.68835],[-104.43815,21.68818],[-104.43791,21.68809],[-104.43856,21.68835]],[[-104.43861,21.70181],[-104.43834,21.70142],[-104.43843,21.70161],[-104.43861,21.70181]],[[-104.43855,21.70403],[-104.43857,21.70353],[-104.43847,21.70425],[-104.43855,21.70403]],[[-104.43975,21.69736],[-104.43891,21.69993],[-104.43875,21.7004],[-104.43872,21.70089],[-104.43969,21.69897],[-104.43982,21.69845],[-104.43975,21.69736]],[[-104.43975,21.69736],[-104.4394,21.69566],[-104.43934,21.69435],[-104.43864,21.69377],[-104.43975,21.69736]],[[-104.43917,21.69095],[-104.43876,21.69014],[-104.4389,21.6905],[-104.43917,21.69095]],[[-104.43934,21.69214],[-104.4393,21.69266],[-104.43935,21.69278],[-104.43934,21.69214]],[[-104.44309,21.77751],[-104.45177,21.77753],[-104.4518,21.76943],[-104.44681,21.75889],[-104.44309,21.77751]],[[-104.46927,21.73707],[-104.47794,21.7371],[-104.47803,21.71279],[-104.46069,21.71274],[-104.46063,21.72894],[-104.4693,21.72897],[-104.46927,21.73707]]],[[[-104.53455,21.2366],[-104.53162,21.22671],[-104.54215,21.22952],[-104.53455,21.2366]]],[[[-104.53162,21.22671],[-104.52109,21.22391],[-104.52869,21.21682],[-104.53162,21.22671]]],[[[-104.9552,21.06527],[-104.96384,21.06527],[-104.96383,21.08148],[-104.94656,21.08148],[-104.94656,21.08958],[-104.92929,21.08957],[-104.92929,21.09768],[-104.92065,21.09767],[-104.92065,21.08957],[-104.91202,21.08957],[-104.91201,21.10577],[-104.92065,21.10578],[-104.92064,21.12199],[-104.92927,21.12199],[-104.92927,21.1301],[-104.94655,21.1301],[-104.94654,21.13821],[-104.9379,21.1382],[-104.9379,21.14631],[-104.92062,21.1463],[-104.92063,21.1382],[-104.91199,21.13819],[-104.91198,21.1463],[-104.89471,21.14629],[-104.89468,21.1787],[-104.90332,21.17871],[-104.9033,21.21113],[-104.89466,21.21112],[-104.89466,21.21923],[-104.9033,21.21923],[-104.90329,21.22511],[-104.90159,21.22418],[-104.90171,21.22302],[-104.89991,21.22256],[-104.89805,21.22328],[-104.89875,21.22562],[-104.89569,21.2256],[-104.89547,21.2269],[-104.8939,21.22727],[-104.89568,21.22918],[-104.89568,21.23076],[-104.89962,21.2319],[-104.89805,21.23289],[-104.88804,21.23477],[-104.88713,21.2335],[-104.88497,21.23413],[-104.88441,21.23543],[-104.87736,21.23542],[-104.87736,21.22732],[-104.86872,21.22731],[-104.86872,21.2294],[-104.86871,21.23542],[-104.85142,21.2354],[-104.85145,21.21109],[-104.86009,21.2111],[-104.8601,21.20299],[-104.84281,21.20298],[-104.84282,21.19487],[-104.85146,21.19488],[-104.85148,21.17867],[-104.8342,21.17866],[-104.83423,21.15434],[-104.84286,21.15435],[-104.84287,21.14625],[-104.8256,21.14623],[-104.8256,21.13813],[-104.81697,21.13812],[-104.81698,21.13001],[-104.80834,21.13],[-104.80833,21.13811],[-104.79969,21.1381],[-104.79968,21.1462],[-104.80832,21.14621],[-104.80831,21.15432],[-104.81695,21.15432],[-104.81693,21.17053],[-104.82557,21.17054],[-104.82555,21.18675],[-104.80827,21.18673],[-104.80826,21.19484],[-104.82554,21.19486],[-104.82553,21.20296],[-104.80824,21.20294],[-104.80822,21.21915],[-104.79958,21.21914],[-104.79959,21.21104],[-104.76053,21.21099],[-104.76075,21.20929],[-104.76295,21.20706],[-104.76137,21.20495],[-104.75797,21.20824],[-104.75748,21.21098],[-104.75473,21.21005],[-104.75419,21.20751],[-104.75109,21.20823],[-104.75095,21.21097],[-104.74774,21.21097],[-104.74704,21.21907],[-104.74418,21.2179],[-104.74352,21.21906],[-104.71315,21.21902],[-104.71318,21.20281],[-104.70454,21.20279],[-104.70452,21.2109],[-104.69587999176389,21.210883339745013],[-104.69586,21.21899],[-104.68379,21.22707],[-104.69583,21.23519],[-104.69581,21.24639],[-104.69578,21.25951],[-104.70443,21.25952],[-104.70446,21.24331],[-104.7131,21.24333],[-104.71309,21.25143],[-104.73902,21.25147],[-104.73898,21.27579],[-104.73033,21.27577],[-104.73032,21.28388],[-104.73896,21.28389],[-104.73895,21.292],[-104.75624,21.29202],[-104.75619,21.32444],[-104.76484,21.32445],[-104.76483,21.33256],[-104.74753,21.33253],[-104.7475,21.34874],[-104.7302,21.34871],[-104.73018,21.35682],[-104.73884,21.35683],[-104.73882,21.36493],[-104.75612,21.36496],[-104.75611,21.37306],[-104.77342,21.37309],[-104.7734,21.38119],[-104.78206,21.3812],[-104.79071,21.38122],[-104.79072,21.37311],[-104.79937,21.37312],[-104.79938,21.36502],[-104.80803,21.36503],[-104.80806,21.34882],[-104.84266,21.34885],[-104.84267,21.34075],[-104.85997,21.34077],[-104.85996,21.34887],[-104.87726,21.34888],[-104.87725,21.35699],[-104.88591,21.35699],[-104.88589,21.3732],[-104.89455,21.37321],[-104.89452,21.41373],[-104.88586,21.41372],[-104.88584,21.43804],[-104.89529,21.43804],[-104.89438,21.44078],[-104.89133,21.44064],[-104.89081,21.44453],[-104.89184,21.44591],[-104.88908,21.44571],[-104.88916,21.44757],[-104.88686,21.44843],[-104.88636,21.45117],[-104.88423,21.45224],[-104.88395,21.45424],[-104.87717,21.45424],[-104.87717,21.46326],[-104.87609,21.46427],[-104.87503,21.46287],[-104.8706,21.46247],[-104.86466,21.46412],[-104.86444,21.46297],[-104.86851,21.46234],[-104.8662,21.46233],[-104.86741,21.46069],[-104.86602,21.45807],[-104.85902,21.46152],[-104.86089,21.46516],[-104.85979,21.46542],[-104.85651,21.46066],[-104.86063,21.45944],[-104.8568,21.45535],[-104.85255,21.45779],[-104.85456,21.46067],[-104.85362,21.46367],[-104.85036,21.46566],[-104.851,21.46742],[-104.84622,21.46488],[-104.84345,21.46528],[-104.84254,21.46231],[-104.83388,21.4623],[-104.83387,21.47041],[-104.81655,21.47039],[-104.81654,21.48581],[-104.81443,21.4881],[-104.81653,21.49096],[-104.81652,21.4947],[-104.79921,21.49468],[-104.79918,21.51089],[-104.79052,21.51088],[-104.79053,21.50278],[-104.78187,21.50277],[-104.78186,21.51087],[-104.7732,21.51086],[-104.77321,21.50275],[-104.76456,21.50274],[-104.76453,21.51895],[-104.75587,21.51894],[-104.75588,21.51083],[-104.7299,21.51079],[-104.72989,21.5189],[-104.72123,21.51888],[-104.72124,21.51078],[-104.71258,21.51076],[-104.71256,21.51887],[-104.7039,21.51885],[-104.70392,21.51075],[-104.6866,21.51072],[-104.68658,21.51882],[-104.67792,21.51881],[-104.6779,21.52691],[-104.66924,21.52689],[-104.66922,21.535],[-104.66056,21.53498],[-104.66066,21.49446],[-104.66932,21.49448],[-104.66359,21.48364],[-104.66071,21.47015],[-104.66073,21.46204],[-104.63989,21.44388],[-104.66079,21.43773],[-104.66081,21.42963],[-104.64875,21.4215],[-104.67313,21.40521],[-104.66593,21.3925],[-104.65562,21.38555],[-104.65751,21.37671],[-104.65231,21.36478],[-104.63663,21.36178],[-104.64369,21.34855],[-104.63504,21.34853],[-104.63508,21.33232],[-104.62643,21.3323],[-104.62645,21.3242],[-104.6178,21.32418],[-104.61785,21.30797],[-104.60401,21.31438],[-104.59766,21.30254],[-104.58619,21.29707],[-104.58332,21.28358],[-104.57468,21.28356],[-104.57032,21.29393],[-104.56603,21.28354],[-104.54874,21.28349],[-104.54876,21.27539],[-104.54011,21.27536],[-104.52905,21.27128],[-104.54014,21.26726],[-104.54016,21.25915],[-104.52813,21.25102],[-104.54021,21.24295],[-104.54886,21.24297],[-104.54883,21.25107],[-104.55748,21.2511],[-104.5575,21.24299],[-104.56615,21.24301],[-104.56617,21.23491],[-104.57201,21.22416],[-104.5835,21.21875],[-104.59215,21.21877],[-104.59213,21.22687],[-104.58348,21.22685],[-104.58346,21.23495],[-104.5921,21.23498],[-104.59208,21.24308],[-104.60937,21.24312],[-104.60935,21.25122],[-104.61799,21.25124],[-104.61797,21.25935],[-104.62662,21.25937],[-104.62666,21.24316],[-104.6353,21.24318],[-104.63532,21.23507],[-104.62668,21.23506],[-104.6267,21.22695],[-104.63534,21.22697],[-104.63538,21.21076],[-104.62432,21.20668],[-104.6354,21.20266],[-104.63887,21.1978],[-104.6583,21.19123],[-104.65578,21.18176],[-104.68161,21.17303],[-104.67226,21.1379],[-104.67555,21.12575],[-104.6732,21.11692],[-104.68744,21.11361],[-104.68746,21.10551],[-104.67882,21.10549],[-104.66777,21.10142],[-104.67884,21.09739],[-104.68791,21.06449],[-104.71346,21.05916],[-104.73321,21.06335],[-104.75223,21.05177],[-104.80462,21.06446],[-104.81704,21.08138],[-104.82567,21.08139],[-104.82564,21.10571],[-104.82566,21.0895],[-104.8343,21.08951],[-104.84115,21.08626],[-104.83227,21.06916],[-104.84298,21.04899],[-104.82571,21.04898],[-104.82572,21.04087],[-104.808,21.02936],[-104.8312,21.02123],[-104.82989,21.01621],[-104.83122,21.01403],[-104.83296,21.01471],[-104.83539,21.01939],[-104.8381,21.02001],[-104.83737,21.01566],[-104.83958,21.013],[-104.84119,21.00672],[-104.85034,21.00512],[-104.85165,21.0054],[-104.85387,21.00452],[-104.8513,21.00016],[-104.85882,20.99397],[-104.86335,20.99595],[-104.86687,20.9952],[-104.86893,20.9909],[-104.86892,21.00039],[-104.87755,21.00039],[-104.87756,20.99229],[-104.88619,20.9923],[-104.88617,21.01661],[-104.8948,21.01661],[-104.89479,21.02472],[-104.90342,21.02472],[-104.90342,21.03283],[-104.92068,21.03284],[-104.92068,21.04094],[-104.92931,21.04095],[-104.9293,21.07336],[-104.9552,21.07337],[-104.9552,21.06527]],[[-104.91202,21.08957],[-104.91202,21.08146],[-104.90339,21.08146],[-104.90338,21.08956],[-104.91202,21.08957]],[[-104.91201,21.10577],[-104.90337,21.10577],[-104.90336,21.12198],[-104.912,21.12198],[-104.91201,21.10577]],[[-104.89471,21.14629],[-104.89472,21.12197],[-104.88609,21.12197],[-104.88608,21.13007],[-104.8688,21.13006],[-104.86879,21.14627],[-104.87743,21.14628],[-104.87744,21.13817],[-104.88607,21.13818],[-104.88607,21.14628],[-104.89471,21.14629]],[[-104.80834,21.13],[-104.80835,21.1219],[-104.80404,21.11151],[-104.79971,21.12189],[-104.7997,21.12999],[-104.80834,21.13]],[[-104.87717,21.45424],[-104.87718,21.44613],[-104.86852,21.44613],[-104.86852,21.45365],[-104.86577,21.45423],[-104.87717,21.45424]],[[-104.76456,21.50274],[-104.76458,21.48653],[-104.79056,21.48657],[-104.79059,21.46226],[-104.78194,21.46225],[-104.78198,21.42983],[-104.77333,21.42982],[-104.77334,21.42171],[-104.76469,21.4217],[-104.7647,21.4136],[-104.75604,21.41358],[-104.75606,21.40548],[-104.73875,21.40545],[-104.73873,21.41356],[-104.73008,21.41355],[-104.7301,21.40544],[-104.72144,21.40543],[-104.72143,21.41353],[-104.70412,21.4135],[-104.70404,21.45402],[-104.69538,21.45401],[-104.69541,21.4378],[-104.68676,21.43778],[-104.6867,21.46209],[-104.70402,21.46213],[-104.704,21.47023],[-104.72132,21.47026],[-104.7213,21.47836],[-104.73862,21.47839],[-104.73859,21.4946],[-104.74725,21.49461],[-104.74724,21.50272],[-104.76456,21.50274]],[[-104.72144,21.40543],[-104.72146,21.39732],[-104.7128,21.39731],[-104.71279,21.40541],[-104.72144,21.40543]],[[-104.66081,21.42963],[-104.67137,21.42687],[-104.66379,21.41975],[-104.66081,21.42963]],[[-104.65231,21.36478],[-104.66286,21.36202],[-104.65529,21.3549],[-104.65231,21.36478]],[[-104.62645,21.3242],[-104.6351,21.32422],[-104.63512,21.31612],[-104.62647,21.3161],[-104.62645,21.3242]],[[-104.82564,21.10571],[-104.82563,21.11381],[-104.83427,21.11382],[-104.83428,21.10572],[-104.82564,21.10571]],[[-104.70909,21.3973],[-104.70753,21.39697],[-104.70757,21.39698],[-104.70761,21.39699],[-104.70909,21.3973]],[[-104.70753,21.39697],[-104.70635,21.39685],[-104.70623,21.3973],[-104.70753,21.39697]],[[-104.86581,21.22888],[-104.86514,21.22875],[-104.86451,21.22864],[-104.86581,21.22888]],[[-104.85165,21.00848],[-104.84302,21.00847],[-104.84301,21.01657],[-104.85164,21.01658],[-104.85165,21.00848]],[[-104.5661,21.25922],[-104.57475,21.25924],[-104.57477,21.25114],[-104.56612,21.25112],[-104.5661,21.25922]],[[-104.6791,21.28065],[-104.67345,21.27567],[-104.67398,21.27673],[-104.6791,21.28065]],[[-104.68121,21.28116],[-104.68119,21.28116],[-104.6813,21.28121],[-104.68121,21.28116]],[[-104.68268,21.28144],[-104.6815,21.28128],[-104.6818,21.28141],[-104.68268,21.28144]],[[-104.68444,21.28134],[-104.68305,21.28146],[-104.68409,21.28141],[-104.68444,21.28134]],[[-104.68444,21.28134],[-104.68496,21.28151],[-104.6856,21.28153],[-104.68444,21.28134]],[[-104.69544,21.28293],[-104.69369,21.28214],[-104.69425,21.2824],[-104.69544,21.28293]],[[-104.69136,21.28273],[-104.68647,21.28142],[-104.6871,21.28169],[-104.68849,21.28198],[-104.69136,21.28273]],[[-104.69596,21.17036],[-104.69595,21.17846],[-104.71323,21.17849],[-104.71321,21.1866],[-104.73914,21.18664],[-104.73918,21.16233],[-104.7219,21.1623],[-104.70752,21.165],[-104.69596,21.17036]],[[-104.7303,21.29198],[-104.71301,21.29195],[-104.72166,21.29197],[-104.7303,21.29198]],[[-104.73925,21.12181],[-104.73928,21.1056],[-104.73064,21.10558],[-104.73061,21.12179],[-104.73925,21.12181]],[[-104.73061,21.12179],[-104.72197,21.12178],[-104.72196,21.12988],[-104.7306,21.1299],[-104.73061,21.12179]],[[-104.76517,21.11374],[-104.75654,21.11373],[-104.75652,21.12183],[-104.74789,21.12182],[-104.74787,21.12992],[-104.75651,21.12994],[-104.75648,21.14614],[-104.76512,21.14616],[-104.76515,21.12995],[-104.77379,21.12996],[-104.77377,21.13806],[-104.78241,21.13808],[-104.78246,21.10566],[-104.77382,21.10565],[-104.77384,21.09754],[-104.7652,21.09753],[-104.76517,21.11374]],[[-104.75654,21.11373],[-104.75655,21.10562],[-104.74791,21.10561],[-104.7479,21.11371],[-104.75654,21.11373]],[[-104.78238,21.16239],[-104.7824,21.14618],[-104.77376,21.14617],[-104.77374,21.16238],[-104.78238,21.16239]],[[-104.79097,21.19482],[-104.79096,21.20292],[-104.7996,21.20293],[-104.79961,21.19483],[-104.79097,21.19482]],[[-104.86459,21.44612],[-104.82424,21.44609],[-104.84255,21.44611],[-104.86459,21.44612]],[[-104.82424,21.44609],[-104.82363,21.44369],[-104.82087,21.44133],[-104.81651,21.44582],[-104.81205,21.44664],[-104.81192,21.44772],[-104.80828,21.44975],[-104.81613,21.45535],[-104.81898,21.45531],[-104.81964,21.45926],[-104.82188,21.4613],[-104.83116,21.46479],[-104.83209,21.46404],[-104.83152,21.46257],[-104.82618,21.45819],[-104.82757,21.45741],[-104.82764,21.45535],[-104.82374,21.45423],[-104.82373,21.45276],[-104.82239,21.45198],[-104.82785,21.45291],[-104.82934,21.45151],[-104.82527,21.44871],[-104.82645,21.44735],[-104.82424,21.44609]],[[-104.84046,21.0871],[-104.84085,21.08762],[-104.84075,21.08645],[-104.84046,21.0871]],[[-104.8434,21.09067],[-104.84243,21.08955],[-104.84179,21.08967],[-104.8434,21.09067]],[[-104.84551,21.09521],[-104.84422,21.09483],[-104.84547,21.09581],[-104.84551,21.09521]],[[-104.84422,21.09483],[-104.84431,21.09391],[-104.84419,21.09417],[-104.84422,21.09483]],[[-104.84382,21.09364],[-104.84376,21.09269],[-104.84315,21.09142],[-104.84382,21.09364]],[[-104.84523,21.10268],[-104.84336,21.10117],[-104.84377,21.10168],[-104.8438,21.10204],[-104.84523,21.10268]],[[-104.84336,21.10117],[-104.84352,21.09956],[-104.84317,21.10102],[-104.84336,21.10117]],[[-104.84352,21.09956],[-104.84382,21.09793],[-104.84372,21.09824],[-104.84352,21.09956]],[[-104.85571,21.43359],[-104.85863,21.43489],[-104.85987,21.43211],[-104.86348,21.43232],[-104.86465,21.42924],[-104.86619,21.42867],[-104.86659,21.42621],[-104.86418,21.42531],[-104.86384,21.42379],[-104.86574,21.42098],[-104.86382,21.42052],[-104.86133,21.42374],[-104.85671,21.42245],[-104.85607,21.42552],[-104.85106,21.42693],[-104.85047,21.42902],[-104.84902,21.42966],[-104.84991,21.43098],[-104.85633,21.42854],[-104.85743,21.43433],[-104.85571,21.43359]],[[-104.85455,21.22685],[-104.85459,21.22669],[-104.85299,21.22656],[-104.85455,21.22685]],[[-104.86326,21.22841],[-104.86251,21.22826],[-104.86125,21.22802],[-104.85491,21.22692],[-104.86326,21.22841]],[[-104.86032,21.22003],[-104.86035,21.22002],[-104.86008,21.22005],[-104.86032,21.22003]],[[-104.86321,21.4502],[-104.86277,21.44895],[-104.86304,21.44974],[-104.86318,21.45014],[-104.86321,21.4502]],[[-104.86277,21.44895],[-104.86264,21.44855],[-104.86202,21.44677],[-104.86277,21.44895]],[[-104.89475,21.08145],[-104.88612,21.08145],[-104.88611,21.08955],[-104.89475,21.08956],[-104.89475,21.08145]]],[[[-104.9552,21.06527],[-104.94657,21.06527],[-104.94657,21.05716],[-104.95521,21.05716],[-104.9552,21.06527]]],[[[-104.92927,21.12199],[-104.92928,21.11389],[-104.93792,21.11389],[-104.93791,21.12199],[-104.92927,21.12199]]],[[[-104.9379,21.14631],[-104.94654,21.14631],[-104.94654,21.15442],[-104.9379,21.15441],[-104.9379,21.14631]]],[[[-104.9033,21.21113],[-104.91195,21.21113],[-104.91194,21.21924],[-104.9033,21.21923],[-104.9033,21.21113]]],[[[-104.87736,21.23542],[-104.88284,21.23543],[-104.88072,21.2365],[-104.8814,21.23925],[-104.88357,21.2397],[-104.88403,21.24164],[-104.886,21.24129],[-104.88599,21.24353],[-104.87735,21.24353],[-104.87736,21.23542]]],[[[-104.79938,21.36502],[-104.79073,21.36501],[-104.79074,21.3569],[-104.79939,21.35691],[-104.79938,21.36502]]],[[[-104.54886,21.24297],[-104.55321,21.2326],[-104.5575,21.24299],[-104.54886,21.24297]]],[[[-104.62666,21.24316],[-104.61801,21.24314],[-104.61803,21.23504],[-104.62668,21.23506],[-104.62666,21.24316]]],[[[-104.61803,21.23504],[-104.60939,21.23502],[-104.60941,21.22691],[-104.61806,21.22693],[-104.61803,21.23504]]],[[[-104.60941,21.22691],[-104.60077,21.22689],[-104.60079,21.21879],[-104.60943,21.21881],[-104.60941,21.22691]]],[[[-104.60943,21.21881],[-104.61378,21.20844],[-104.61808,21.21883],[-104.60943,21.21881]]],[[[-104.61808,21.21883],[-104.62672,21.21885],[-104.6267,21.22695],[-104.61806,21.22693],[-104.61808,21.21883]]],[[[-104.88619,20.9923],[-104.88619,20.98419],[-104.89482,20.9842],[-104.89482,20.9923],[-104.88619,20.9923]]],[[[-104.63368,21.89149],[-104.64236,21.89151],[-104.64234,21.89961],[-104.63366,21.89959],[-104.63368,21.89149]]],[[[-104.78068,22.28882],[-104.77197,22.28881],[-104.77201,22.2645],[-104.7633,22.26449],[-104.75674,22.26249],[-104.75176,22.23859],[-104.73972,22.25018],[-104.73726,22.22393],[-104.72856,22.22392],[-104.72859,22.20771],[-104.71989,22.2077],[-104.7199,22.19959],[-104.70839,22.19369],[-104.73426,22.18054],[-104.73735,22.17531],[-104.72865,22.1753],[-104.72868,22.15909],[-104.71998,22.15908],[-104.71126,22.17037],[-104.70258,22.15904],[-104.7026,22.15094],[-104.71133,22.13475],[-104.71135,22.12665],[-104.72005,22.12666],[-104.72006,22.11856],[-104.72876,22.11857],[-104.72873,22.13478],[-104.74612,22.13481],[-104.74611,22.14291],[-104.73741,22.1429],[-104.73738,22.1591],[-104.74608,22.15912],[-104.74604,22.18343],[-104.77214,22.18347],[-104.77213,22.19157],[-104.76342,22.19156],[-104.76341,22.19966],[-104.77211,22.19967],[-104.7721,22.20778],[-104.7808,22.20779],[-104.78074,22.24831],[-104.78944,22.24832],[-104.78943,22.25642],[-104.78073,22.25641],[-104.7807,22.27262],[-104.78941,22.27263],[-104.7894,22.28073],[-104.78069,22.28072],[-104.78068,22.28882]],[[-104.73726,22.22393],[-104.74596,22.22394],[-104.74598,22.21584],[-104.73727,22.21583],[-104.73726,22.22393]]],[[[-104.91995,22.36188],[-104.90253,22.36187],[-104.90252,22.36997],[-104.91124,22.36998],[-104.91123,22.37808],[-104.91994,22.37809],[-104.91993,22.39429],[-104.93109,22.39835],[-104.91993,22.4024],[-104.91557,22.41277],[-104.91122,22.40239],[-104.9025,22.40239],[-104.90251,22.39428],[-104.8799,22.40815],[-104.85228,22.39852],[-104.87122,22.38638],[-104.86411,22.37326],[-104.85381,22.36663],[-104.84156,22.34562],[-104.8169,22.34197],[-104.80678,22.30506],[-104.78065,22.30503],[-104.78068,22.28882],[-104.8068,22.28886],[-104.80684,22.25644],[-104.79814,22.25643],[-104.79815,22.24833],[-104.80685,22.24834],[-104.8069,22.21593],[-104.79819,22.21591],[-104.79818,22.22402],[-104.78948,22.22401],[-104.7895,22.2078],[-104.80691,22.20782],[-104.80695,22.17541],[-104.83305,22.17544],[-104.83304,22.18354],[-104.85045,22.18356],[-104.85044,22.19166],[-104.82433,22.19163],[-104.8243,22.21594],[-104.83301,22.21595],[-104.833,22.22406],[-104.84513,22.23217],[-104.83298,22.24026],[-104.83297,22.24837],[-104.85908,22.24839],[-104.85905,22.28081],[-104.86776,22.28081],[-104.86778,22.2565],[-104.87649,22.25651],[-104.87647,22.27272],[-104.88518,22.27272],[-104.88517,22.28083],[-104.89388,22.28083],[-104.89387,22.29704],[-104.90257,22.29704],[-104.90257,22.30515],[-104.91128,22.30515],[-104.91128,22.29705],[-104.91448,22.28237],[-104.9287,22.28895],[-104.94085,22.29706],[-104.92869,22.30516],[-104.92869,22.32137],[-104.94055,22.32767],[-104.92796,22.35764],[-104.91995,22.36188]],[[-104.83295,22.26457],[-104.83294,22.27268],[-104.84165,22.27269],[-104.84165,22.26458],[-104.83295,22.26457]],[[-104.83294,22.27268],[-104.82423,22.27267],[-104.82422,22.28077],[-104.81552,22.28076],[-104.81549,22.29697],[-104.82903,22.29062],[-104.83294,22.27268]],[[-104.83919,22.28484],[-104.85033,22.2889],[-104.85034,22.2808],[-104.83919,22.28484]],[[-104.85903,22.29701],[-104.85033,22.297],[-104.85032,22.30511],[-104.85903,22.30512],[-104.85903,22.29701]],[[-104.8677,22.34564],[-104.86772,22.32133],[-104.87643,22.32134],[-104.86773,22.31002],[-104.85901,22.32132],[-104.85899,22.34563],[-104.8677,22.34564]],[[-104.8938,22.37807],[-104.89382,22.36187],[-104.87639,22.36185],[-104.87639,22.36996],[-104.8851,22.36996],[-104.88509,22.37807],[-104.8938,22.37807]],[[-104.88509,22.37807],[-104.87638,22.37806],[-104.88002,22.39669],[-104.88508,22.38617],[-104.88509,22.37807]],[[-104.90254,22.34566],[-104.88512,22.34565],[-104.88511,22.35376],[-104.91125,22.35377],[-104.92227,22.33317],[-104.90255,22.32946],[-104.90254,22.34566]],[[-104.88512,22.34565],[-104.88513,22.32945],[-104.87642,22.32944],[-104.87641,22.34565],[-104.88512,22.34565]],[[-104.88513,22.32945],[-104.89384,22.32945],[-104.89385,22.32135],[-104.88514,22.32134],[-104.88513,22.32945]]],[[[-104.71135,22.12665],[-104.70265,22.12663],[-104.70263,22.13473],[-104.69394,22.13472],[-104.69392,22.14282],[-104.67652,22.14279],[-104.67654,22.13468],[-104.66784,22.13467],[-104.66786,22.12656],[-104.67083,22.10498],[-104.67663,22.09417],[-104.66794,22.09415],[-104.66799,22.06984],[-104.6593,22.06982],[-104.65932,22.06172],[-104.66805,22.04553],[-104.67674,22.04555],[-104.67673,22.05365],[-104.68542,22.05367],[-104.68535,22.08608],[-104.70274,22.08611],[-104.70269,22.11042],[-104.71138,22.11044],[-104.71135,22.12665]],[[-104.68526,22.1266],[-104.69395,22.12661],[-104.69397,22.11851],[-104.68527,22.11849],[-104.68526,22.1266]]],[[[-104.74612,22.13481],[-104.74614,22.1267],[-104.76353,22.12673],[-104.76351,22.14294],[-104.75481,22.14292],[-104.75482,22.13482],[-104.74612,22.13481]]],[[[-104.7808,22.20779],[-104.78081,22.19969],[-104.78952,22.1997],[-104.7895,22.2078],[-104.7808,22.20779]]],[[[-104.6616,21.08115],[-104.67213,21.08394],[-104.66454,21.09103],[-104.6616,21.08115]]],[[[-104.71241,21.59991],[-104.70374,21.59989],[-104.70372,21.608],[-104.69506,21.60798],[-104.69509,21.59177],[-104.68643,21.59176],[-104.68639,21.60797],[-104.67773,21.60795],[-104.67774,21.59984],[-104.66665,21.59577],[-104.67776,21.59174],[-104.67783,21.55933],[-104.69516,21.55936],[-104.69514,21.56746],[-104.71247,21.56749],[-104.71241,21.59991]]],[[[-104.69499,21.6404],[-104.69497,21.6485],[-104.68388,21.64443],[-104.69499,21.6404]]],[[[-104.69499,21.6404],[-104.69502,21.62419],[-104.70369,21.6242],[-104.70366,21.64041],[-104.69499,21.6404]]],[[[-104.6958,22.1537],[-104.68816,22.16079],[-104.6852,22.15091],[-104.6958,22.1537]]],[[[-104.6942,22.01317],[-104.69422,22.00506],[-104.70291,22.00508],[-104.70289,22.01318],[-104.6942,22.01317]]],[[[-104.71221,21.69715],[-104.71218,21.71336],[-104.70351,21.71335],[-104.70354,21.69714],[-104.71221,21.69715]]],[[[-104.72092,21.68096],[-104.71224,21.68095],[-104.71223,21.68905],[-104.70356,21.68904],[-104.70359,21.67283],[-104.72093,21.67286],[-104.72092,21.68096]]],[[[-104.71644,21.0425],[-104.71351,21.03261],[-104.72403,21.03541],[-104.71644,21.0425]]],[[[-104.73038,22.26721],[-104.72273,22.2743],[-104.71977,22.26442],[-104.73038,22.26721]]],[[[-104.72415,22.25049],[-104.71982,22.24011],[-104.72419,22.22974],[-104.72853,22.24012],[-104.72415,22.25049]]],[[[-104.72025,22.02132],[-104.72029,22.00511],[-104.72897,22.00512],[-104.72894,22.02133],[-104.72025,22.02132]]],[[[-104.72784,21.01821],[-104.72029,21.01109],[-104.72845,21.00895],[-104.72847,21.0114],[-104.72969,21.01208],[-104.72784,21.01821]]],[[[-104.72882,22.08616],[-104.72884,22.07806],[-104.73753,22.07807],[-104.73752,22.08617],[-104.72882,22.08616]]],[[[-104.7294,21.77822],[-104.72942,21.77012],[-104.73809,21.77013],[-104.73808,21.77824],[-104.7294,21.77822]]],[[[-104.74298,21.00634],[-104.73558,21.00755],[-104.73924,21.00614],[-104.74298,21.00634]]],[[[-104.73746,22.11859],[-104.73747,22.11048],[-104.74617,22.1105],[-104.74615,22.1186],[-104.73746,22.11859]]],[[[-104.73762,22.02945],[-104.73764,22.02135],[-104.74633,22.02136],[-104.74631,22.02946],[-104.73762,22.02945]]],[[[-104.76517,21.11374],[-104.77381,21.11375],[-104.7738,21.12186],[-104.76516,21.12184],[-104.76517,21.11374]]],[[[-104.76503,22.37261],[-104.75738,22.3797],[-104.75441,22.36982],[-104.76503,22.37261]]],[[[-104.76693,21.01062],[-104.77227,21.00894],[-104.77452,21.01671],[-104.77781,21.01752],[-104.78069,21.02198],[-104.76233,21.0209],[-104.7599,21.01197],[-104.76258,21.00889],[-104.76693,21.01062]]],[[[-104.77385,22.30779],[-104.7662,22.31489],[-104.76323,22.305],[-104.77385,22.30779]]],[[[-104.76485,21.31635],[-104.76487,21.30824],[-104.77351,21.30825],[-104.7735,21.31636],[-104.76485,21.31635]]],[[[-104.7983,22.14298],[-104.807,22.14299],[-104.80699,22.1511],[-104.79829,22.15109],[-104.7983,22.14298]]],[[[-104.7983,22.14298],[-104.7896,22.14297],[-104.78961,22.13487],[-104.78091,22.13486],[-104.78093,22.12675],[-104.79832,22.12678],[-104.7983,22.14298]]],[[[-104.78091,22.13486],[-104.7809,22.14296],[-104.7722,22.14295],[-104.77222,22.13485],[-104.78091,22.13486]]],[[[-104.7919,22.6187],[-104.78386,22.63965],[-104.78017,22.61295],[-104.7919,22.6187]]],[[[-104.79123,22.33213],[-104.78358,22.33922],[-104.78061,22.32934],[-104.79123,22.33213]]],[[[-104.79766948240898,21.020502458557306],[-104.80337,21.02332],[-104.78353,21.02215],[-104.78361,21.02024],[-104.78856,21.016],[-104.79766858834152,21.02050201665496],[-104.79676,21.0218],[-104.79763,21.02069],[-104.79766948240898,21.020502458557306]]],[[[-104.79826,22.16729],[-104.79828,22.15919],[-104.80698,22.1592],[-104.80696,22.1673],[-104.79826,22.16729]]],[[[-105.47902,22.79875],[-105.48302,22.84163],[-105.47918,22.84199],[-105.47866,22.84616],[-105.47652,22.84798],[-105.47692,22.84996],[-105.47523,22.84992],[-105.47459,22.85142],[-105.47742,22.85421],[-105.48358,22.85743],[-105.48398,22.85925],[-105.47533,22.88062],[-105.47056,22.8798],[-105.47359,22.88967],[-105.47424,22.88906],[-105.48444,22.90799],[-105.48284,22.90717],[-105.46199,22.92974],[-105.45321,22.92036],[-105.43569,22.91231],[-105.43208,22.89942],[-105.41789,22.89284],[-105.40171,22.91468],[-105.40612,22.93264],[-105.40316,22.94502],[-105.40962,22.96909],[-105.39568,22.96582],[-105.38306,22.93484],[-105.35701,22.92871],[-105.35339,22.94734],[-105.34829,22.93683],[-105.33954,22.93685],[-105.33199,22.96339],[-105.33069,22.96269],[-105.33427,22.95401],[-105.33202,22.95171],[-105.32821,22.95264],[-105.33049,22.94798],[-105.32842,22.94702],[-105.32834,22.94299],[-105.32357,22.94133],[-105.32056,22.94283],[-105.31491,22.94563],[-105.30322,22.95142],[-105.30749,22.93964],[-105.31329,22.9369],[-105.31322,22.90449],[-105.29573,22.90453],[-105.29114,22.93181],[-105.26955,22.93698],[-105.26957,22.94509],[-105.28,22.94995],[-105.27722,22.95515],[-105.24622,22.95607],[-105.25208,22.95322],[-105.25207,22.94511],[-105.24332,22.94513],[-105.24329,22.92892],[-105.23454,22.92894],[-105.213,22.92296],[-105.22577,22.91274],[-105.23452,22.91273],[-105.23449,22.89652],[-105.24321,22.88521],[-105.25198,22.8965],[-105.26947,22.89647],[-105.26941,22.86406],[-105.27815,22.86404],[-105.27813,22.85594],[-105.29562,22.85591],[-105.2956,22.84781],[-105.28686,22.84782],[-105.28681,22.82351],[-105.26933,22.82355],[-105.26245,22.83394],[-105.25472,22.81109],[-105.26385,22.78613],[-105.26925,22.78303],[-105.26923,22.77493],[-105.26049,22.77494],[-105.26045,22.75064],[-105.24298,22.75066],[-105.24296,22.74256],[-105.23423,22.74257],[-105.22537,22.75407],[-105.20817,22.73064],[-105.22546,22.72638],[-105.22542,22.70207],[-105.21669,22.70208],[-105.21666,22.68588],[-105.1992,22.6859],[-105.19918,22.66969],[-105.18799,22.66566],[-105.19916,22.66159],[-105.18564,22.64173],[-105.17441,22.61778],[-105.15368,22.64101],[-105.14892,22.62922],[-105.15546,22.61302],[-105.14172,22.60768],[-105.1279,22.65784],[-105.11186,22.66168],[-105.11185,22.65357],[-105.09439,22.65358],[-105.08566,22.65359],[-105.07616,22.64728],[-105.06291,22.61737],[-105.06601,22.60276],[-105.02818,22.59351],[-105.02089,22.56786],[-105.00344,22.55625],[-105.03686,22.53518],[-105.04633,22.53691],[-105.06383,22.53369],[-105.08053,22.57728],[-105.08561,22.58066],[-105.09087,22.571],[-105.12574,22.58707],[-105.12924,22.58063],[-105.12924,22.57253],[-105.11178,22.57254],[-105.11177,22.55634],[-105.09427,22.56443],[-105.07519,22.52883],[-105.08558,22.52394],[-105.08557,22.50773],[-105.09429,22.50773],[-105.09428,22.49152],[-105.103,22.49152],[-105.10298,22.46721],[-105.1117,22.4672],[-105.11165,22.41048],[-105.10294,22.41049],[-105.10293,22.40238],[-105.09714,22.39156],[-105.0942,22.36998],[-105.09419,22.36187],[-105.08548,22.36188],[-105.08548,22.35377],[-105.07676,22.35378],[-105.07676,22.34568],[-105.08547,22.34567],[-105.08253,22.32408],[-105.07674,22.31326],[-105.07673,22.29706],[-105.06802,22.28085],[-105.0506,22.28086],[-105.05059,22.24845],[-105.0593,22.24844],[-105.0593,22.26465],[-105.07672,22.26464],[-105.07672,22.28085],[-105.08543,22.28084],[-105.08543,22.27274],[-105.09413,22.27274],[-105.09415,22.29705],[-105.10286,22.29704],[-105.10287,22.31325],[-105.09416,22.31325],[-105.09416,22.32136],[-105.11158,22.32134],[-105.11159,22.32945],[-105.10288,22.32945],[-105.10289,22.34566],[-105.12031,22.34565],[-105.12033,22.36186],[-105.12904,22.36185],[-105.12905,22.37805],[-105.15519,22.37803],[-105.1552,22.38614],[-105.14649,22.38614],[-105.1465,22.39425],[-105.15521,22.39424],[-105.15522,22.40234],[-105.14651,22.40235],[-105.14651,22.41045],[-105.12908,22.41047],[-105.12909,22.41857],[-105.13781,22.41856],[-105.13782,22.42667],[-105.15525,22.42665],[-105.15527,22.45096],[-105.17271,22.45094],[-105.1727,22.44284],[-105.18142,22.44283],[-105.18148,22.49145],[-105.16404,22.49147],[-105.16403,22.48336],[-105.14659,22.48338],[-105.14663,22.5239],[-105.15536,22.52389],[-105.15534,22.50768],[-105.16406,22.50767],[-105.16408,22.52388],[-105.18152,22.52386],[-105.18156,22.55627],[-105.16412,22.55629],[-105.16413,22.5644],[-105.18158,22.56438],[-105.18159,22.57248],[-105.19031,22.57247],[-105.1903,22.56437],[-105.19902,22.56436],[-105.19904,22.57246],[-105.20776,22.57245],[-105.20779,22.58865],[-105.21651,22.58864],[-105.2165,22.58054],[-105.22522,22.58053],[-105.22521,22.57242],[-105.24266,22.5724],[-105.24268,22.5805],[-105.2514,22.58049],[-105.25136,22.55618],[-105.24263,22.55619],[-105.2426,22.53999],[-105.23388,22.54],[-105.23384,22.51569],[-105.22512,22.5157],[-105.22508,22.49139],[-105.20764,22.49142],[-105.20762,22.47521],[-105.21633,22.4752],[-105.21635,22.4833],[-105.22507,22.48329],[-105.22505,22.47519],[-105.23377,22.47518],[-105.23379,22.48328],[-105.24251,22.48327],[-105.24255,22.50757],[-105.25127,22.50756],[-105.25121,22.47515],[-105.27737,22.47511],[-105.27734,22.4589],[-105.26862,22.45891],[-105.26857,22.43461],[-105.25985,22.43462],[-105.25984,22.42652],[-105.25112,22.42653],[-105.25109,22.41032],[-105.24238,22.41034],[-105.24237,22.40223],[-105.23365,22.40225],[-105.23362,22.38604],[-105.24234,22.38603],[-105.2423,22.36172],[-105.23358,22.36173],[-105.23356,22.34552],[-105.21613,22.34555],[-105.2161,22.32124],[-105.20739,22.32125],[-105.2074,22.32935],[-105.19869,22.32936],[-105.19863,22.28885],[-105.20734,22.28884],[-105.20733,22.28073],[-105.18991,22.28076],[-105.18989,22.26455],[-105.18119,22.26456],[-105.18118,22.25646],[-105.17247,22.25647],[-105.17248,22.26457],[-105.16377,22.26458],[-105.16376,22.25647],[-105.15506,22.25648],[-105.155,22.19976],[-105.1637,22.19975],[-105.16368,22.18354],[-105.14628,22.18356],[-105.14627,22.17546],[-105.15497,22.17545],[-105.15495,22.15924],[-105.13755,22.15926],[-105.13755,22.15115],[-105.14624,22.15115],[-105.14624,22.14304],[-105.12884,22.14306],[-105.12885,22.15926],[-105.09406,22.15929],[-105.09406,22.16739],[-105.07666,22.1674],[-105.07666,22.1593],[-105.05926,22.1593],[-105.05925,22.1431],[-105.06795,22.14309],[-105.06795,22.13499],[-105.07664,22.13499],[-105.07664,22.12688],[-105.08534,22.12688],[-105.08533,22.11878],[-105.09403,22.11877],[-105.09401,22.09446],[-105.10271,22.09446],[-105.1027,22.08635],[-105.08531,22.08636],[-105.0853,22.06205],[-105.07661,22.06206],[-105.07661,22.07826],[-105.06792,22.07827],[-105.06792,22.08637],[-105.05053,22.08638],[-105.05054,22.09448],[-105.04184,22.09448],[-105.04184,22.10259],[-105.01576,22.10259],[-105.01575,22.09449],[-105.00706,22.09449],[-105.00706,22.08638],[-105.01575,22.08638],[-105.01575,22.07018],[-105.03314,22.07017],[-105.03314,22.06207],[-105.05052,22.06207],[-105.05053,22.07827],[-105.05923,22.07827],[-105.05921,22.05396],[-105.05052,22.05396],[-105.05051,22.02155],[-105.04182,22.02155],[-105.04182,22.03776],[-105.03313,22.03776],[-105.03313,22.02966],[-105.02444,22.02966],[-105.02444,22.03776],[-105.00706,22.03776],[-105.00706,22.02966],[-105.01575,22.02966],[-105.01575,22.01345],[-105.00706,22.01345],[-105.00705,21.99724],[-105.01574,21.99724],[-105.01574,22.00535],[-105.02443,22.00535],[-105.02443,21.99724],[-105.03312,21.99724],[-105.03312,21.98914],[-105.02443,21.98914],[-105.02443,21.97293],[-105.00705,21.97293],[-105.00705,21.96483],[-104.99837,21.96483],[-104.99837,21.94862],[-104.98968,21.94862],[-104.98968,21.94052],[-104.99837,21.94052],[-104.99837,21.92431],[-105.00705,21.92431],[-105.00705,21.91621],[-104.99837,21.91621],[-104.99837,21.87569],[-104.98968,21.87569],[-104.98968,21.86759],[-105.00705,21.86759],[-105.00705,21.85948],[-104.99837,21.85948],[-104.99837,21.85138],[-104.96364,21.85137],[-104.96365,21.84327],[-104.98101,21.84327],[-104.98101,21.83517],[-104.99837,21.83517],[-104.99837,21.82707],[-104.98969,21.82707],[-104.98969,21.81086],[-104.99837,21.81086],[-105.00255,21.82082],[-105.00949,21.80682],[-104.99837,21.80276],[-104.99837,21.78655],[-105.00704,21.78655],[-105.00704,21.77844],[-104.98101,21.77844],[-104.98102,21.74603],[-104.97234,21.74603],[-104.97235,21.73792],[-104.94632,21.73792],[-104.94632,21.74602],[-104.93765,21.74602],[-104.93763,21.77843],[-104.93763,21.79464],[-104.92895,21.79464],[-104.92894,21.80274],[-104.91159,21.80273],[-104.91158,21.81084],[-104.90291,21.81083],[-104.90292,21.79462],[-104.89424,21.79462],[-104.89425,21.78651],[-104.86822,21.78649],[-104.8682,21.8027],[-104.85952,21.8027],[-104.85951,21.8189],[-104.84215,21.81889],[-104.84212,21.8432],[-104.83344,21.84319],[-104.83348,21.81077],[-104.84216,21.81078],[-104.84217,21.80268],[-104.83349,21.80267],[-104.83351,21.78646],[-104.81616,21.78645],[-104.81618,21.77024],[-104.82485,21.77025],[-104.82484,21.77835],[-104.83352,21.77836],[-104.83353,21.77026],[-104.8422,21.77026],[-104.84221,21.76216],[-104.85089,21.76217],[-104.84799,21.74868],[-104.84224,21.73785],[-104.79887,21.7378],[-104.79889,21.72159],[-104.81624,21.72161],[-104.81626,21.70541],[-104.80759,21.7054],[-104.8076,21.69729],[-104.81627,21.6973],[-104.81628,21.6892],[-104.80761,21.68919],[-104.80762,21.68109],[-104.82496,21.6811],[-104.82501,21.64058],[-104.83368,21.64059],[-104.83367,21.6487],[-104.851,21.64871],[-104.85101,21.64061],[-104.85968,21.64062],[-104.8597,21.62441],[-104.87703,21.62442],[-104.87704,21.61632],[-104.8857,21.61633],[-104.88568,21.64874],[-104.89435,21.64875],[-104.89433,21.66496],[-104.903,21.66496],[-104.90301,21.65686],[-104.92035,21.65687],[-104.92034,21.66497],[-104.92901,21.66497],[-104.92901,21.67308],[-104.93768,21.67308],[-104.93768,21.66498],[-104.94635,21.66498],[-104.94636,21.64877],[-104.95503,21.64877],[-104.95502,21.65688],[-104.96369,21.65688],[-104.96369,21.66498],[-104.98103,21.66499],[-104.98103,21.67309],[-104.9897,21.67309],[-104.9897,21.6812],[-105.02438,21.6812],[-105.02438,21.6893],[-105.04172,21.6893],[-105.04173,21.6974],[-105.03305,21.6974],[-105.03306,21.71361],[-105.02872,21.72399],[-105.02439,21.71361],[-105.02438,21.6974],[-105.00704,21.6974],[-105.00704,21.70551],[-105.01224,21.7094],[-104.98637,21.75052],[-104.99993,21.76584],[-105.0109,21.74153],[-105.03352,21.73432],[-105.02618,21.7895],[-105.03308,21.79465],[-105.03308,21.81086],[-105.04176,21.81085],[-105.05287,21.8149],[-105.04176,21.81896],[-105.04177,21.83516],[-105.05326,21.84345],[-105.05914,21.87568],[-105.05914,21.88378],[-105.05046,21.88379],[-105.04612,21.89413],[-105.03744,21.87345],[-105.03065,21.88961],[-105.02442,21.89189],[-105.02442,21.9],[-105.03782,21.90376],[-105.03707,21.91243],[-105.06635,21.92461],[-105.05919,22.00534],[-105.06788,22.00533],[-105.07148,22.04287],[-105.10064,22.03676],[-105.09399,22.06205],[-105.10269,22.06204],[-105.1027,22.07825],[-105.11649,22.07248],[-105.12591,22.09817],[-105.1231,22.1066],[-105.12582,22.1147],[-105.12284,22.12363],[-105.13752,22.12684],[-105.14146,22.10798],[-105.16047,22.11747],[-105.16366,22.16734],[-105.16905,22.17042],[-105.17603,22.18094],[-105.18545,22.1782],[-105.22545,22.1904],[-105.2386,22.22613],[-105.2421,22.24827],[-105.25326,22.25231],[-105.24211,22.25638],[-105.23713,22.27653],[-105.23846,22.28477],[-105.2335,22.31311],[-105.24828,22.32257],[-105.24227,22.34551],[-105.25098,22.3455],[-105.25104,22.37791],[-105.25683,22.38062],[-105.26851,22.40219],[-105.27722,22.40218],[-105.2773,22.44269],[-105.28602,22.44268],[-105.28605,22.45888],[-105.29994,22.46217],[-105.3071,22.47985],[-105.32102,22.49933],[-105.32974,22.49932],[-105.32978,22.51552],[-105.3241,22.54347],[-105.31237,22.53176],[-105.30365,22.53178],[-105.30363,22.52368],[-105.28619,22.52371],[-105.28617,22.51561],[-105.26001,22.51565],[-105.26002,22.52375],[-105.27746,22.52372],[-105.27751,22.54803],[-105.26007,22.54806],[-105.26008,22.55617],[-105.27753,22.55614],[-105.27755,22.56424],[-105.28627,22.56422],[-105.29305,22.55507],[-105.32119,22.57226],[-105.31852,22.59023],[-105.30664,22.57882],[-105.30166,22.60272],[-105.29508,22.60472],[-105.29181,22.63862],[-105.27771,22.64527],[-105.27772,22.65337],[-105.31265,22.65331],[-105.3127,22.67762],[-105.28651,22.67766],[-105.28652,22.68577],[-105.29468,22.69159],[-105.30411,22.74246],[-105.30413,22.75056],[-105.31287,22.75054],[-105.31294,22.78295],[-105.31628,22.78796],[-105.36267,22.80232],[-105.35944,22.81204],[-105.3742,22.81523],[-105.36251,22.8412],[-105.38654,22.82661],[-105.40044,22.82327],[-105.40049,22.83948],[-105.42671,22.83941],[-105.42676,22.85561],[-105.45229,22.86546],[-105.46165,22.83121],[-105.47382,22.82307],[-105.4565,22.81163],[-105.45281,22.79882],[-105.46593,22.80483],[-105.47902,22.79875]],[[-105.45321,22.92036],[-105.46386,22.91755],[-105.45617,22.91047],[-105.45321,22.92036]],[[-105.31322,22.90449],[-105.32196,22.90447],[-105.32194,22.89637],[-105.33069,22.89635],[-105.33067,22.88825],[-105.31318,22.88829],[-105.31322,22.90449]],[[-105.08566,22.65359],[-105.08265,22.62533],[-105.08008,22.60122],[-105.08566,22.65359]],[[-105.08561,22.58066],[-105.09231,22.60027],[-105.10727,22.60106],[-105.12473,22.60198],[-105.08561,22.58066]],[[-105.18989,22.26455],[-105.1986,22.26454],[-105.19861,22.27264],[-105.20732,22.27263],[-105.20729,22.25642],[-105.18988,22.25645],[-105.18989,22.26455]],[[-105.07666,22.1593],[-105.08536,22.15929],[-105.08535,22.15119],[-105.07665,22.15119],[-105.07666,22.1593]],[[-105.08534,22.12688],[-105.08534,22.13498],[-105.09404,22.13498],[-105.09404,22.12687],[-105.08534,22.12688]],[[-104.92034,21.66497],[-104.91167,21.66497],[-104.91165,21.70549],[-104.92032,21.70549],[-104.92031,21.7217],[-104.91164,21.72169],[-104.91163,21.7298],[-104.92031,21.7298],[-104.9203,21.74601],[-104.92897,21.74601],[-104.92898,21.7217],[-104.93766,21.7217],[-104.93766,21.7055],[-104.94634,21.7055],[-104.94633,21.7136],[-104.95501,21.71361],[-104.95501,21.6974],[-104.94634,21.6974],[-104.94634,21.68929],[-104.93767,21.68929],[-104.93767,21.69739],[-104.929,21.69739],[-104.929,21.68929],[-104.92033,21.68928],[-104.92034,21.66497]],[[-104.93766,21.7217],[-104.93765,21.72981],[-104.955,21.72981],[-104.955,21.72171],[-104.93766,21.7217]],[[-104.92896,21.77843],[-104.92896,21.77032],[-104.92029,21.77032],[-104.92029,21.76222],[-104.91161,21.76221],[-104.91162,21.746],[-104.90295,21.746],[-104.90296,21.7379],[-104.89428,21.73789],[-104.89429,21.72979],[-104.88561,21.72978],[-104.8856,21.74599],[-104.89428,21.74599],[-104.89426,21.77031],[-104.88558,21.7703],[-104.88558,21.7784],[-104.92896,21.77843]],[[-104.86835,21.64062],[-104.87702,21.64063],[-104.87702,21.63253],[-104.86836,21.63252],[-104.86835,21.64062]],[[-104.98102,21.71361],[-104.98102,21.70551],[-104.97064,21.70931],[-104.97667,21.724],[-104.98102,21.71361]],[[-104.97532,21.69918],[-104.98293,21.69207],[-104.97236,21.6893],[-104.97532,21.69918]],[[-105.01574,21.93241],[-105.00705,21.93242],[-105.00705,21.94052],[-105.01574,21.94052],[-105.01574,21.93241]],[[-105.03607,21.86936],[-105.04368,21.86225],[-105.03309,21.85948],[-105.03607,21.86936]],[[-105.03309,21.85948],[-105.03309,21.84327],[-105.02441,21.84327],[-105.02441,21.85948],[-105.03309,21.85948]],[[-105.03311,21.95672],[-105.02443,21.95672],[-105.02443,21.96483],[-105.03312,21.96483],[-105.03311,21.95672]],[[-105.13782,22.43477],[-105.13783,22.44287],[-105.14655,22.44287],[-105.14654,22.43476],[-105.13782,22.43477]],[[-105.14669,22.57252],[-105.15541,22.57251],[-105.1554,22.5644],[-105.14668,22.56441],[-105.14669,22.57252]],[[-105.16995,22.19569],[-105.1811,22.19973],[-105.18109,22.19163],[-105.16995,22.19569]],[[-105.18111,22.20784],[-105.17243,22.22405],[-105.18984,22.22403],[-105.18982,22.20783],[-105.18111,22.20784]],[[-105.19909,22.61297],[-105.19557,22.59456],[-105.18775,22.60848],[-105.19909,22.61297]],[[-105.19852,22.20782],[-105.20722,22.2078],[-105.20721,22.1997],[-105.19851,22.19971],[-105.19852,22.20782]],[[-105.20751,22.27056],[-105.20764,22.27072],[-105.20732,22.27014],[-105.20751,22.27056]],[[-105.20787,22.27092],[-105.20803,22.27111],[-105.20822,22.27144],[-105.20846,22.27158],[-105.20787,22.27092]],[[-105.2086,22.27263],[-105.20862,22.27232],[-105.20859,22.27245],[-105.2086,22.27263]],[[-105.20984,22.27082],[-105.20915,22.27088],[-105.20948,22.27087],[-105.20984,22.27082]],[[-105.20984,22.27082],[-105.20997,22.27101],[-105.21019,22.27119],[-105.21076,22.27154],[-105.21144,22.27147],[-105.20984,22.27082]],[[-105.21296,22.27247],[-105.21255,22.27191],[-105.21242,22.27188],[-105.21296,22.27247]],[[-105.21458,22.27285],[-105.21451,22.27289],[-105.21488,22.27276],[-105.21458,22.27285]],[[-105.21595,22.27262],[-105.21555,22.27277],[-105.21574,22.27271],[-105.21595,22.27262]],[[-105.21664,22.66967],[-105.21665,22.67777],[-105.23411,22.67775],[-105.2341,22.66965],[-105.21664,22.66967]],[[-105.24275,22.62102],[-105.22529,22.62104],[-105.22532,22.63725],[-105.24278,22.63722],[-105.24275,22.62102]],[[-105.24256,22.51568],[-105.24258,22.52378],[-105.2513,22.52377],[-105.25128,22.51566],[-105.24256,22.51568]],[[-105.24285,22.67774],[-105.25158,22.67772],[-105.25155,22.66152],[-105.24282,22.66153],[-105.24285,22.67774]],[[-105.26868,22.49133],[-105.25996,22.49134],[-105.25998,22.49944],[-105.2687,22.49943],[-105.26868,22.49133]],[[-105.27517,22.60071],[-105.28635,22.60474],[-105.28634,22.59664],[-105.27517,22.60071]],[[-105.28615,22.5075],[-105.28614,22.4994],[-105.27742,22.49942],[-105.27743,22.50752],[-105.28615,22.5075]],[[-105.29112,22.79372],[-105.29545,22.77488],[-105.28671,22.7749],[-105.29112,22.79372]],[[-105.28669,22.7668],[-105.29543,22.76678],[-105.29539,22.75057],[-105.28666,22.75059],[-105.28667,22.75869],[-105.27794,22.75871],[-105.27795,22.76681],[-105.28669,22.7668]],[[-105.31233,22.51556],[-105.31232,22.50745],[-105.3036,22.50747],[-105.30361,22.51557],[-105.31233,22.51556]],[[-105.33047,22.80722],[-105.32521,22.81776],[-105.30735,22.80832],[-105.30429,22.82348],[-105.3425,22.82922],[-105.3518,22.82241],[-105.33047,22.80722]],[[-105.34804,22.8396],[-105.35575,22.86719],[-105.36913,22.85302],[-105.34804,22.8396]],[[-105.36563,22.88007],[-105.36865,22.88994],[-105.3763,22.88282],[-105.36563,22.88007]]],[[[-105.47902,22.79875],[-105.47311,22.788],[-105.46149,22.78259],[-105.45281,22.79882],[-105.44407,22.79885],[-105.44017,22.81765],[-105.41439,22.80508],[-105.40632,22.82061],[-105.40044,22.82327],[-105.40042,22.81517],[-105.3742,22.81523],[-105.379,22.78657],[-105.363,22.77431],[-105.3517,22.74662],[-105.35262,22.73807],[-105.32621,22.68098],[-105.33438,22.66446],[-105.35988,22.69281],[-105.37229,22.66606],[-105.38653,22.68188],[-105.39131,22.68555],[-105.40577,22.66599],[-105.4432,22.69637],[-105.42274,22.70955],[-105.43058,22.74133],[-105.4413,22.71452],[-105.48448,22.75158],[-105.49511,22.79487],[-105.47902,22.79875]],[[-105.46149,22.78259],[-105.46457,22.77735],[-105.48,22.76944],[-105.44342,22.75547],[-105.45385,22.77874],[-105.46149,22.78259]],[[-105.44407,22.79885],[-105.44111,22.79347],[-105.418,22.78271],[-105.38895,22.79596],[-105.44407,22.79885]]],[[[-105.46165,22.83121],[-105.45099,22.82846],[-105.45863,22.82134],[-105.46165,22.83121]]],[[[-105.32119,22.57226],[-105.32415,22.56238],[-105.32949,22.56731],[-105.33182,22.56947],[-105.32119,22.57226]]],[[[-105.06788,22.00533],[-105.07183,21.96165],[-105.07957,21.99835],[-105.06788,22.00533]]],[[[-105.03308,21.79465],[-105.03659,21.77601],[-105.04409,21.79024],[-105.03308,21.79465]]],[[[-105.04173,21.6974],[-105.0504,21.6974],[-105.05039,21.67309],[-105.04172,21.67309],[-105.04172,21.66498],[-105.03305,21.66499],[-105.03304,21.65688],[-105.05905,21.65687],[-105.05904,21.64067],[-105.06771,21.64066],[-105.0677,21.61635],[-105.08503,21.61634],[-105.08503,21.60824],[-105.0937,21.60823],[-105.0937,21.61634],[-105.09903,21.63656],[-105.0945,21.6555],[-105.10241,21.67306],[-105.10241,21.68117],[-105.1069,21.6864],[-105.11493,21.66855],[-105.12705,21.66134],[-105.14095,21.67753],[-105.15957,21.69144],[-105.15743,21.70761],[-105.18514,21.69235],[-105.19302,21.718],[-105.20991,21.74477],[-105.20336,21.79456],[-105.20217,21.79378],[-105.20197,21.79512],[-105.20008,21.79612],[-105.19737,21.79509],[-105.19655,21.7979],[-105.19421,21.79628],[-105.1928,21.79797],[-105.19443,21.79901],[-105.19316,21.80096],[-105.20219,21.8034],[-105.2019,21.80561],[-105.20045,21.80678],[-105.19427,21.80781],[-105.18339,21.80692],[-105.18109,21.80454],[-105.17419,21.80071],[-105.16379,21.79971],[-105.15182,21.80063],[-105.14662,21.80277],[-105.14409,21.80548],[-105.14351,21.8107],[-105.14204,21.81114],[-105.14336,21.81213],[-105.14325,21.81474],[-105.14156,21.82062],[-105.13454,21.82085],[-105.1311,21.81824],[-105.13913,21.81613],[-105.13151,21.80903],[-105.12874,21.81826],[-105.12721,21.81861],[-105.10615,21.81379],[-105.10252,21.82703],[-105.09762,21.82351],[-105.09005,21.81436],[-105.08025,21.80731],[-105.07257,21.79803],[-105.04693,21.80157],[-105.07902,21.77842],[-105.06777,21.77033],[-105.06776,21.74601],[-105.05909,21.74602],[-105.05908,21.73791],[-105.05041,21.73792],[-105.05041,21.72171],[-105.04173,21.72171],[-105.04173,21.6974]],[[-105.09036,21.70796],[-105.09374,21.68117],[-105.08073,21.67513],[-105.06773,21.68118],[-105.06774,21.68929],[-105.07641,21.68928],[-105.08232,21.69186],[-105.09036,21.70796]],[[-105.09377,21.72979],[-105.09378,21.7379],[-105.10245,21.73789],[-105.10245,21.72979],[-105.09377,21.72979]],[[-105.09377,21.72979],[-105.08783,21.7104],[-105.07257,21.72414],[-105.09377,21.72979]],[[-105.07643,21.73791],[-105.07644,21.74601],[-105.08754,21.74195],[-105.07643,21.73791]],[[-105.13034,21.69458],[-105.12273,21.68748],[-105.11977,21.69736],[-105.13034,21.69458]],[[-105.11977,21.69736],[-105.11385,21.70038],[-105.10414,21.71835],[-105.11614,21.7244],[-105.11977,21.69736]]],[[[-104.94636,21.64877],[-104.93769,21.64877],[-104.93769,21.64067],[-104.94636,21.64067],[-104.94636,21.64877]]],[[[-104.84212,21.8432],[-104.8508,21.84321],[-104.85079,21.85131],[-104.84211,21.8513],[-104.84212,21.8432]]],[[[-105.00706,22.03776],[-105.00706,22.05397],[-104.99836,22.05397],[-104.99836,22.03776],[-105.00706,22.03776]]],[[[-105.24238,22.41034],[-105.24239,22.41844],[-105.23368,22.41845],[-105.23366,22.41035],[-105.24238,22.41034]]],[[[-105.22505,22.47519],[-105.21633,22.4752],[-105.21632,22.4671],[-105.22504,22.46708],[-105.22505,22.47519]]],[[[-105.22504,22.46708],[-105.22503,22.45898],[-105.23375,22.45897],[-105.23376,22.46707],[-105.22504,22.46708]]],[[[-105.18142,22.44283],[-105.18141,22.43473],[-105.19012,22.43472],[-105.19013,22.44282],[-105.18142,22.44283]]],[[[-105.1727,22.44284],[-105.16398,22.44285],[-105.16397,22.43475],[-105.17269,22.43474],[-105.1727,22.44284]]],[[[-105.07676,22.35378],[-105.07379,22.36366],[-105.06614,22.35656],[-105.07676,22.35378]]],[[[-105.11186,22.66168],[-105.12394,22.68289],[-105.14961,22.69098],[-105.10909,22.72149],[-105.08844,22.71514],[-105.09142,22.70626],[-105.08716,22.6936],[-105.09773,22.66477],[-105.11186,22.66168]]],[[[-105.40962,22.96909],[-105.41552,22.97173],[-105.42127,22.98262],[-105.43619,22.98928],[-105.42131,22.99602],[-105.41299,23.012],[-105.40962,22.96909]]],[[[-105.43569,22.91231],[-105.43273,22.92219],[-105.42503,22.91511],[-105.43569,22.91231]]],[[[-105.0677,21.61635],[-105.05904,21.61635],[-105.05903,21.60825],[-105.0677,21.60825],[-105.0677,21.61635]]],[[[-105.10252,21.82703],[-105.10731,21.82925],[-105.10252,21.82847],[-105.10252,21.82703]]],[[[-105.06777,21.77033],[-105.06481,21.78021],[-105.0572,21.7731],[-105.06777,21.77033]]],[[[-104.81033,21.05173],[-104.80275,21.05883],[-104.79981,21.04895],[-104.80645,21.05071],[-104.81033,21.05173]]],[[[-104.85889,22.44287],[-104.85887,22.45908],[-104.87003,22.46314],[-104.85886,22.46718],[-104.85542,22.49396],[-104.85013,22.48338],[-104.84141,22.48337],[-104.84143,22.45906],[-104.83272,22.45905],[-104.83276,22.42664],[-104.85019,22.42666],[-104.8502,22.41855],[-104.85891,22.41856],[-104.8589,22.42666],[-104.87634,22.42668],[-104.87633,22.43478],[-104.88749,22.43884],[-104.87632,22.44288],[-104.87195,22.45326],[-104.8676,22.44288],[-104.85889,22.44287]],[[-104.85018,22.43476],[-104.84146,22.43475],[-104.84144,22.45096],[-104.85016,22.45097],[-104.85018,22.43476]]],[[[-104.8502,22.41855],[-104.83016,22.41525],[-104.84547,22.40826],[-104.8502,22.41855]]],[[[-104.84253,21.46887],[-104.84514,21.46905],[-104.84618,21.46977],[-104.84253,21.47042],[-104.84253,21.46887]]],[[[-104.87427,20.98181],[-104.87756,20.98143],[-104.87756,20.98418],[-104.87249,20.98418],[-104.87427,20.98181]]],[[[-104.88591,21.34889],[-104.88592,21.34079],[-104.89457,21.34079],[-104.89456,21.3489],[-104.88591,21.34889]]],[[[-105.16233,20.97605],[-105.17096,20.97604],[-105.17098,20.99225],[-105.15372,20.99226],[-105.15373,21.00037],[-105.14509,21.00038],[-105.14511,21.01659],[-105.13648,21.01659],[-105.1365,21.04091],[-105.12787,21.04091],[-105.12786,21.03281],[-105.11923,21.03281],[-105.11924,21.04092],[-105.1106,21.04092],[-105.11061,21.04903],[-105.10198,21.04903],[-105.10196,21.03283],[-105.0847,21.03284],[-105.08469,21.02473],[-105.07606,21.02473],[-105.07607,21.03284],[-105.06743,21.03284],[-105.06742,21.00853],[-105.05016,21.00854],[-105.05016,21.00043],[-105.04153,21.00043],[-105.04153,20.99233],[-105.05016,20.99233],[-105.05015,20.97612],[-105.04152,20.97612],[-105.04152,20.96801],[-105.03289,20.96802],[-105.03289,20.95991],[-105.02426,20.95991],[-105.02426,20.96802],[-105.01563,20.96802],[-105.01563,20.95991],[-105.007,20.95991],[-105.007,20.95181],[-104.99838,20.95181],[-104.99838,20.95991],[-104.98975,20.95991],[-104.98975,20.96802],[-104.98112,20.96802],[-104.98112,20.98423],[-104.97249,20.98423],[-104.97249,20.95991],[-104.98112,20.95991],[-104.98112,20.9356],[-104.96387,20.9356],[-104.96387,20.9437],[-104.95524,20.9437],[-104.95524,20.9356],[-104.94662,20.93559],[-104.94661,20.9437],[-104.92936,20.94369],[-104.92935,20.9518],[-104.92073,20.95179],[-104.92071,20.97611],[-104.91208,20.9761],[-104.91209,20.968],[-104.89264,20.96799],[-104.90063,20.96275],[-104.90237,20.95705],[-104.89876,20.95362],[-104.89911,20.94851],[-104.90138,20.94566],[-104.90348,20.94543],[-104.90469,20.94535],[-104.90647,20.94218],[-104.91337,20.94418],[-104.9231,20.94011],[-104.92834,20.93952],[-104.93249,20.93722],[-104.9343,20.93449],[-104.94124,20.93511],[-104.94314,20.9327],[-104.95316,20.93013],[-104.95557,20.92749],[-104.96387,20.92749],[-104.96819,20.91711],[-104.9725,20.92749],[-104.99838,20.9275],[-105.02136,20.93832],[-105.02426,20.9437],[-105.04151,20.9437],[-105.04152,20.95991],[-105.05015,20.95991],[-105.05588,20.96263],[-105.06745,20.9841],[-105.08116,20.97781],[-105.08757,20.98849],[-105.06742,20.99232],[-105.06742,21.00042],[-105.07889,21.00586],[-105.08469,21.01663],[-105.09332,21.01662],[-105.09331,20.99231],[-105.11057,20.9923],[-105.11487,20.98191],[-105.1192,20.99229],[-105.1192,21.0004],[-105.12783,21.00039],[-105.12782,20.98418],[-105.16234,20.98415],[-105.16233,20.97605]],[[-105.13648,21.01659],[-105.13647,21.00849],[-105.10195,21.00851],[-105.10195,21.01662],[-105.13648,21.01659]],[[-105.007,20.95181],[-105.01563,20.95181],[-105.01563,20.9437],[-105.007,20.94371],[-105.007,20.95181]]],[[[-105.16233,20.97605],[-105.1537,20.97605],[-105.15368,20.95985],[-105.16231,20.95984],[-105.16233,20.97605]]],[[[-105.15368,20.95985],[-105.14506,20.95985],[-105.14505,20.95175],[-105.15368,20.95174],[-105.15368,20.95985]]],[[[-105.14505,20.95175],[-105.13453,20.94898],[-105.14208,20.94187],[-105.14505,20.95175]]],[[[-104.98975,20.96802],[-104.99838,20.96802],[-104.99838,20.97612],[-104.98975,20.97612],[-104.98975,20.96802]]],[[[-104.8983,22.18587],[-104.89396,22.17549],[-104.90266,22.17549],[-104.8983,22.18587]]],[[[-104.89664,21.43828],[-104.89599,21.43804],[-104.89692,21.43804],[-104.89664,21.43828]]],[[[-104.90711,22.0238],[-104.90277,22.01342],[-104.91146,22.01343],[-104.90711,22.0238]]],[[[-104.98096,22.19983],[-104.97661,22.21021],[-104.97226,22.19983],[-104.98096,22.19983]]],[[[-104.98096,22.19983],[-104.98096,22.19173],[-104.97226,22.19173],[-104.97226,22.18362],[-104.98096,22.18362],[-104.98096,22.17552],[-104.93746,22.17551],[-104.93747,22.1593],[-104.95487,22.15931],[-104.95487,22.15716],[-104.95487,22.135],[-104.97227,22.135],[-104.97227,22.14311],[-104.97227,22.15121],[-104.98097,22.15121],[-104.98096,22.15931],[-104.98966,22.15932],[-104.98966,22.17552],[-104.99836,22.17552],[-104.99836,22.18363],[-104.98966,22.18363],[-104.98966,22.19983],[-104.98096,22.19983]]],[[[-104.95487,22.135],[-104.94618,22.135],[-104.94618,22.11879],[-104.93748,22.11879],[-104.93751,22.07016],[-104.92881,22.07016],[-104.92882,22.06206],[-104.90883,22.05865],[-104.92013,22.05395],[-104.92015,22.01343],[-104.92884,22.01344],[-104.92884,22.02154],[-104.93753,22.02154],[-104.93753,22.01344],[-104.94622,22.01344],[-104.94623,21.99724],[-104.9723,21.99724],[-104.97229,22.01345],[-104.9636,22.01345],[-104.9636,22.02965],[-104.97229,22.02966],[-104.97229,22.03776],[-104.94621,22.03775],[-104.94621,22.05396],[-104.9375149969155,22.05396],[-104.93751,22.06206],[-104.9462,22.06206],[-104.94619,22.08638],[-104.95489,22.08638],[-104.95489,22.09448],[-104.94619,22.09448],[-104.94618,22.11069],[-104.95488,22.11069],[-104.95488,22.11879],[-104.96358,22.11879],[-104.96357,22.1269],[-104.95488,22.1269],[-104.95487,22.135]],[[-104.95082,22.02913],[-104.94814,22.02859],[-104.94583,22.0284],[-104.95082,22.02913]],[[-104.94142,22.02886],[-104.94017,22.02994],[-104.93946,22.03065],[-104.94142,22.02886]],[[-104.93661,22.04151],[-104.93516,22.04119],[-104.93389,22.04177],[-104.93661,22.04151]],[[-104.95309,22.01579],[-104.95295,22.01602],[-104.95411,22.01496],[-104.95309,22.01579]],[[-104.95329,22.02093],[-104.95423,22.02377],[-104.95331,22.02098],[-104.95329,22.02093]],[[-104.95491,22.01345],[-104.95486,22.01367],[-104.9564,22.01345],[-104.95491,22.01345]]],[[[-104.94623,21.99724],[-104.93754,21.99723],[-104.93755,21.98103],[-104.95492,21.98103],[-104.95492,21.98913],[-104.94623,21.98913],[-104.94623,21.99724]]],[[[-104.91181,21.43805],[-104.92047,21.43806],[-104.92046,21.44616],[-104.91181,21.44616],[-104.91181,21.43805]]],[[[-104.92925,21.17872],[-104.92924,21.18683],[-104.91196,21.18682],[-104.91197,21.17871],[-104.92925,21.17872]]],[[[-104.92441,22.17778],[-104.92006,22.1674],[-104.92876,22.1674],[-104.92441,22.17778]]],[[[-104.92049,21.39754],[-104.92049,21.38943],[-104.92915,21.38943],[-104.92914,21.39754],[-104.92049,21.39754]]],[[[-104.93928,22.38087],[-104.93163,22.38797],[-104.92866,22.37809],[-104.93928,22.38087]]],[[[-104.92934,20.98421],[-104.92934,20.97611],[-104.93797,20.97611],[-104.93797,20.98422],[-104.92934,20.98421]]],[[[-104.93756,21.95671],[-104.93756,21.94861],[-104.94625,21.94861],[-104.94624,21.95672],[-104.93756,21.95671]]],[[[-104.97224,22.26466],[-104.96354,22.26466],[-104.95239,22.2606],[-104.96354,22.25655],[-104.97225,22.25655],[-104.97224,22.26466]]],[[[-104.97224,22.26466],[-104.98339,22.26871],[-104.97224,22.27276],[-104.97224,22.26466]]],[[[-104.97224,22.27276],[-104.96615,22.29257],[-104.9514,22.2783],[-104.97224,22.27276]]],[[[-104.98099,21.94862],[-104.98099,21.95673],[-104.9723,21.95672],[-104.9723,21.96483],[-104.96361,21.96483],[-104.96361,21.97293],[-104.95492,21.97293],[-104.95493,21.95672],[-104.96362,21.95672],[-104.96362,21.94862],[-104.98099,21.94862]]],[[[-104.95523,20.96801],[-104.95524,20.95991],[-104.96386,20.95991],[-104.96386,20.96802],[-104.95523,20.96801]]],[[[-104.97416,22.24312],[-104.96652,22.25023],[-104.96354,22.24035],[-104.97416,22.24312]]],[[[-104.96724,20.90951],[-104.96983,20.90911],[-104.97328,20.91128],[-104.96657,20.91128],[-104.96724,20.90951]]],[[[-104.98355,22.33399],[-104.97572,22.3479],[-104.97223,22.32948],[-104.98355,22.33399]]],[[[-105.01578,22.28087],[-105.00707,22.28087],[-105.00707,22.26466],[-105.00167,22.2527],[-105.00707,22.23225],[-104.99836,22.23225],[-104.99836,22.21604],[-104.98966,22.21604],[-104.98966,22.20794],[-105.00706,22.20794],[-105.00707,22.21604],[-105.02447,22.21604],[-105.02447,22.22414],[-105.01577,22.22414],[-105.01577,22.26466],[-105.02448,22.26466],[-105.02448,22.27276],[-105.02083,22.29139],[-105.01578,22.28087]]],[[[-104.99836,22.23225],[-104.99538,22.24213],[-104.98775,22.23502],[-104.99836,22.23225]]],[[[-105.00187,20.91059],[-105.00396,20.91129],[-105.00066,20.91129],[-105.00187,20.91059]]],[[[-105.04159,21.21115],[-105.0243,21.21115],[-105.0243,21.20305],[-105.04158,21.20305],[-105.04159,21.21115]]],[[[-105.04159,21.21115],[-105.05266,21.2152],[-105.04159,21.21925],[-105.04159,21.21115]]],[[[-105.0243,21.20305],[-105.01566,21.20305],[-105.01566,21.19495],[-105.00702,21.19495],[-105.00702,21.18684],[-105.01566,21.18684],[-105.01566,21.17874],[-105.0243,21.17874],[-105.0243,21.20305]]],[[[-105.01564,20.98423],[-105.01563,20.97612],[-105.02426,20.97612],[-105.02426,20.98423],[-105.01564,20.98423]]],[[[-105.02639,22.29985],[-105.01876,22.30695],[-105.01578,22.29707],[-105.02133,22.29852],[-105.02639,22.29985]]],[[[-105.07619,21.26787],[-105.0589,21.26788],[-105.05889,21.25977],[-105.07618,21.25976],[-105.07619,21.26787]]],[[[-105.05889,21.25977],[-105.05025,21.25977],[-105.05024,21.25167],[-105.05889,21.25167],[-105.05889,21.25977]]],[[[-105.05024,21.25167],[-105.02431,21.25168],[-105.02431,21.23547],[-105.03295,21.23546],[-105.03295,21.24357],[-105.05024,21.24356],[-105.05024,21.25167]]],[[[-105.03295,21.23546],[-105.03295,21.22736],[-105.04159,21.22736],[-105.04159,21.23546],[-105.03295,21.23546]]],[[[-105.04158,21.19494],[-105.04158,21.18684],[-105.05022,21.18683],[-105.05021,21.15442],[-105.05885,21.15441],[-105.05886,21.17873],[-105.07614,21.17872],[-105.07615,21.18682],[-105.05887,21.19494],[-105.04158,21.19494]]],[[[-105.04186,22.17552],[-105.04186,22.16741],[-105.05056,22.16741],[-105.05057,22.17551],[-105.04186,22.17552]]],[[[-105.04186,22.15931],[-105.04186,22.15121],[-105.05056,22.1512],[-105.05056,22.15931],[-105.04186,22.15931]]],[[[-105.05252,22.30794],[-105.04489,22.31505],[-105.0419,22.30517],[-105.05252,22.30794]]],[[[-105.05892,21.32437],[-105.05027,21.32461],[-105.05026,21.3084],[-105.05891,21.3084],[-105.05892,21.32437]]],[[[-105.05891,21.3084],[-105.0589,21.29219],[-105.06755,21.29218],[-105.08122,21.28581],[-105.08775,21.2948],[-105.0762,21.30029],[-105.06756,21.30029],[-105.06756,21.30839],[-105.05891,21.3084]]],[[[-105.06124,22.32415],[-105.0536,22.33125],[-105.05062,22.32138],[-105.06124,22.32415]]],[[[-105.10218,21.34079],[-105.09353,21.3408],[-105.09353,21.3489],[-105.08488,21.34891],[-105.08488,21.3408],[-105.06757,21.34081],[-105.06757,21.33271],[-105.05892,21.33271],[-105.05892,21.32461],[-105.06757,21.3246],[-105.06756,21.3165],[-105.07621,21.31649],[-105.07622,21.3246],[-105.08487,21.32459],[-105.08487,21.3327],[-105.10217,21.33269],[-105.10218,21.34079]]],[[[-105.10218,21.34079],[-105.11326,21.34484],[-105.10218,21.3489],[-105.10218,21.34079]]],[[[-105.10217,21.33269],[-105.10216,21.32458],[-105.11081,21.32458],[-105.11082,21.33268],[-105.10217,21.33269]]],[[[-105.08487,21.32459],[-105.08486,21.31649],[-105.09351,21.31649],[-105.09352,21.32459],[-105.08487,21.32459]]],[[[-105.09353,21.3489],[-105.10218,21.3489],[-105.1022,21.38131],[-105.09355,21.38132],[-105.09355,21.37322],[-105.08489,21.37322],[-105.08489,21.36512],[-105.09354,21.36511],[-105.09353,21.3489]]],[[[-105.22419,21.93226],[-105.23532,21.9363],[-105.2242,21.94037],[-105.21988,21.95075],[-105.21552,21.94038],[-105.19814,21.9404],[-105.19813,21.9323],[-105.18394,21.92891],[-105.18942,21.908],[-105.17512,21.90514],[-105.16566,21.88909],[-105.14074,21.90671],[-105.1373,21.89184],[-105.14841,21.88778],[-105.13729,21.88374],[-105.13334,21.86494],[-105.11435,21.87435],[-105.11122,21.85944],[-105.09969,21.85401],[-105.09385,21.84325],[-105.10253,21.84324],[-105.10252,21.82909],[-105.10879,21.83171],[-105.11226,21.83155],[-105.11982,21.83505],[-105.12694,21.82188],[-105.12852,21.82129],[-105.12898,21.82244],[-105.13221,21.82311],[-105.13962,21.82265],[-105.14507,21.81948],[-105.14603,21.81677],[-105.14545,21.81369],[-105.1703,21.83223],[-105.18522,21.83048],[-105.21472,21.84103],[-105.23907,21.90224],[-105.22418,21.92416],[-105.22419,21.93226]],[[-105.1199,21.85944],[-105.12858,21.85943],[-105.12858,21.85133],[-105.1199,21.85133],[-105.1199,21.85944]],[[-105.20682,21.93229],[-105.2155,21.93227],[-105.21548,21.91607],[-105.2068,21.91608],[-105.20677,21.89987],[-105.19809,21.89988],[-105.19812,21.92419],[-105.20681,21.92418],[-105.20682,21.93229]],[[-105.20187,21.89093],[-105.20132,21.88932],[-105.20191,21.89177],[-105.20187,21.89093]],[[-105.20422,21.88847],[-105.2037,21.88618],[-105.20321,21.88535],[-105.2039,21.8875],[-105.20422,21.88847]],[[-105.20669,21.8797],[-105.20658,21.87848],[-105.20683,21.88211],[-105.20669,21.8797]],[[-105.22643,21.87363],[-105.21072,21.87663],[-105.22424,21.87405],[-105.22643,21.87363]]],[[[-105.09385,21.84325],[-105.07389,21.83997],[-105.08913,21.83296],[-105.09385,21.84325]]],[[[-105.13729,21.88374],[-105.1373,21.89184],[-105.12617,21.8878],[-105.13729,21.88374]]],[[[-105.10204,21.14629],[-105.10203,21.13008],[-105.11931,21.13007],[-105.11932,21.14628],[-105.10204,21.14629]]],[[[-105.10203,21.13008],[-105.08475,21.13009],[-105.08475,21.11388],[-105.09338,21.11388],[-105.09339,21.12198],[-105.10202,21.12198],[-105.10203,21.13008]]],[[[-105.08475,21.11388],[-105.07611,21.11388],[-105.0761,21.10578],[-105.08474,21.10578],[-105.08475,21.11388]]],[[[-105.0934,21.13819],[-105.0934,21.14629],[-105.08476,21.1463],[-105.08477,21.1544],[-105.07613,21.15441],[-105.07612,21.1382],[-105.0934,21.13819]]],[[[-105.08477,21.1544],[-105.09341,21.1544],[-105.09342,21.17061],[-105.08478,21.17061],[-105.08477,21.1544]]],[[[-105.08911,21.1972],[-105.08479,21.18682],[-105.09343,21.18682],[-105.08911,21.1972]]],[[[-105.1021,21.23544],[-105.09915,21.24532],[-105.09157,21.23822],[-105.1021,21.23544]]],[[[-105.1021,21.23544],[-105.10209,21.21112],[-105.11937,21.21111],[-105.13044,21.21516],[-105.11938,21.21922],[-105.11073,21.21922],[-105.11777,21.23246],[-105.1021,21.23544]]],[[[-105.12834,21.5839],[-105.12835,21.60011],[-105.11102,21.60012],[-105.11102,21.59202],[-105.11968,21.59201],[-105.11967,21.58391],[-105.12834,21.5839]]],[[[-105.12834,21.5839],[-105.12832,21.56769],[-105.13699,21.56768],[-105.137,21.58389],[-105.12834,21.5839]]],[[[-105.12832,21.56769],[-105.11966,21.5677],[-105.11965,21.55149],[-105.12831,21.55148],[-105.12832,21.56769]]],[[[-105.11102,21.60012],[-105.11103,21.60822],[-105.10236,21.60823],[-105.10236,21.60013],[-105.11102,21.60012]]],[[[-105.13655,21.08953],[-105.13655,21.09764],[-105.11928,21.09765],[-105.11929,21.10576],[-105.11065,21.10576],[-105.11063,21.08145],[-105.11927,21.08144],[-105.11927,21.08955],[-105.13655,21.08953]]],[[[-105.11137,21.32437],[-105.11081,21.31647],[-105.12189,21.32052],[-105.11137,21.32437]]],[[[-105.20842,21.35285],[-105.20381,21.35455],[-105.20229,21.3551],[-105.19735,21.35692],[-105.19734,21.34881],[-105.20842,21.35285]],[[-105.20462,21.35409],[-105.20456,21.35394],[-105.20453,21.35422],[-105.20462,21.35409]]],[[[-105.19735,21.35692],[-105.19736,21.36502],[-105.18006,21.36504],[-105.18007,21.37314],[-105.19131,21.37783],[-105.17142,21.38126],[-105.16277,21.38127],[-105.16276,21.37316],[-105.17142,21.37315],[-105.1714,21.35695],[-105.18005,21.35694],[-105.18004,21.34883],[-105.18869,21.34882],[-105.1887,21.35693],[-105.19735,21.35692]]],[[[-105.16277,21.38127],[-105.16279,21.39747],[-105.15414,21.39748],[-105.15412,21.38127],[-105.16277,21.38127]]],[[[-105.16276,21.37316],[-105.13681,21.37319],[-105.1368,21.36508],[-105.16275,21.36506],[-105.16276,21.37316]]],[[[-105.13681,21.37319],[-105.13681,21.38129],[-105.11951,21.3813],[-105.1195,21.3732],[-105.11085,21.3732],[-105.11949,21.36189],[-105.12815,21.37319],[-105.13681,21.37319]]],[[[-105.15414,21.39748],[-105.15416,21.4218],[-105.13685,21.42181],[-105.13684,21.41371],[-105.12819,21.41371],[-105.12818,21.40561],[-105.14549,21.4056],[-105.14548,21.39749],[-105.15414,21.39748]]],[[[-105.12818,21.40561],[-105.11953,21.40562],[-105.11952,21.39751],[-105.12818,21.3975],[-105.12818,21.40561]]],[[[-105.12811,20.88924],[-105.14035,20.88743],[-105.13919,20.88958],[-105.12774,20.89503],[-105.12073,20.89503],[-105.12811,20.88924]]],[[[-105.15563,22.76698],[-105.15265,22.77686],[-105.14498,22.76976],[-105.15563,22.76698]]],[[[-105.15563,22.76698],[-105.15269,22.7616],[-105.1311,22.75584],[-105.13813,22.74268],[-105.16657,22.73861],[-105.1416,22.72324],[-105.13461,22.71131],[-105.17654,22.72183],[-105.16608,22.76052],[-105.15563,22.76698]]],[[[-105.13813,22.74268],[-105.12748,22.73992],[-105.13513,22.73281],[-105.13813,22.74268]]],[[[-105.16286,21.46231],[-105.16284,21.438],[-105.17149,21.43799],[-105.17152,21.4623],[-105.16286,21.46231]]],[[[-105.16284,21.438],[-105.15418,21.438],[-105.15419,21.44611],[-105.14553,21.44612],[-105.14555,21.46232],[-105.13689,21.46233],[-105.13687,21.44612],[-105.12822,21.44613],[-105.1282,21.42992],[-105.16283,21.42989],[-105.16284,21.438]]],[[[-105.12979,21.81882],[-105.13173,21.81976],[-105.13313,21.82196],[-105.12822,21.81969],[-105.12979,21.81882]]],[[[-105.23984,20.8787],[-105.23121,20.87871],[-105.2312,20.87061],[-105.18809,20.87066],[-105.1881,20.87876],[-105.17947,20.87877],[-105.17948,20.88688],[-105.17086,20.88689],[-105.17088,20.9031],[-105.16225,20.90311],[-105.16229,20.93552],[-105.17091,20.93552],[-105.17093,20.95172],[-105.1623,20.95173],[-105.16229,20.94363],[-105.15083,20.93819],[-105.14502,20.92743],[-105.13241,20.91724],[-105.15363,20.91122],[-105.15359,20.87069],[-105.17946,20.87067],[-105.17944,20.85446],[-105.18806,20.85445],[-105.19267,20.84883],[-105.24434,20.84159],[-105.25703,20.84626],[-105.25701,20.83815],[-105.2915,20.8381],[-105.29151,20.8462],[-105.27427,20.84623],[-105.27429,20.85433],[-105.26566,20.85435],[-105.26569,20.87056],[-105.24845,20.87058],[-105.24847,20.88679],[-105.23985,20.8868],[-105.23984,20.8787]]],[[[-105.15359,20.87069],[-105.14787,20.87342],[-105.14237,20.88367],[-105.13915,20.88194],[-105.14119,20.87561],[-105.14819,20.86867],[-105.15323,20.86868],[-105.15359,20.87069]]],[[[-105.17093,20.95172],[-105.17956,20.95172],[-105.17957,20.95982],[-105.17094,20.95983],[-105.17093,20.95172]]],[[[-105.17967,21.04897],[-105.17104,21.04898],[-105.1676,21.07485],[-105.15381,21.08141],[-105.1538,21.07331],[-105.13653,21.07332],[-105.13652,21.06522],[-105.14516,21.06521],[-105.14514,21.049],[-105.15378,21.049],[-105.15377,21.04089],[-105.1624,21.04088],[-105.16238,21.02467],[-105.17101,21.02467],[-105.17102,21.03277],[-105.17966,21.03276],[-105.17967,21.04897]],[[-105.15378,21.049],[-105.15379,21.0652],[-105.16243,21.0652],[-105.16241,21.04899],[-105.15378,21.049]]],[[[-105.18832,21.05707],[-105.17968,21.05707],[-105.17967,21.04897],[-105.19694,21.04895],[-105.19695,21.05706],[-105.19265,21.06744],[-105.18832,21.05707]]],[[[-105.15381,21.08141],[-105.15382,21.08952],[-105.14518,21.08953],[-105.14517,21.08142],[-105.15381,21.08141]]],[[[-105.1587,21.8062],[-105.1455,21.81012],[-105.14533,21.80528],[-105.14868,21.80254],[-105.15352,21.80186],[-105.15687,21.80273],[-105.16185,21.80657],[-105.1587,21.8062]]],[[[-105.16743,22.08386],[-105.15214,22.09761],[-105.14617,22.07822],[-105.16743,22.08386]]],[[[-105.15423,21.48663],[-105.15422,21.47852],[-105.16288,21.47852],[-105.16289,21.48662],[-105.15423,21.48663]]],[[[-105.18897,21.56763],[-105.18031,21.56764],[-105.18032,21.57575],[-105.16299,21.57577],[-105.163,21.58387],[-105.17166,21.58386],[-105.17167,21.59196],[-105.15434,21.59198],[-105.15431,21.55957],[-105.16297,21.55956],[-105.16296,21.55145],[-105.1543,21.55146],[-105.15429,21.54336],[-105.17161,21.54334],[-105.1716,21.53524],[-105.18893,21.53522],[-105.18897,21.56763]],[[-105.16297,21.55956],[-105.16298,21.56766],[-105.17164,21.56765],[-105.17163,21.55955],[-105.16297,21.55956]],[[-105.17161,21.54334],[-105.17162,21.55144],[-105.18029,21.55144],[-105.18028,21.54333],[-105.17161,21.54334]]],[[[-105.1716,21.53524],[-105.16294,21.53524],[-105.16293,21.51904],[-105.17159,21.51903],[-105.1716,21.53524]]],[[[-105.16055,21.80063],[-105.17352,21.80152],[-105.17885,21.80385],[-105.18108,21.80709],[-105.16804,21.80728],[-105.15708,21.80161],[-105.16055,21.80063]]],[[[-105.17414,22.06475],[-105.16653,22.07187],[-105.16354,22.06199],[-105.17414,22.06475]]],[[[-105.18709,21.15689],[-105.17979,21.14622],[-105.16872,21.14218],[-105.17978,21.13812],[-105.18409,21.12774],[-105.18842,21.13811],[-105.20044,21.14531],[-105.18709,21.15689]]],[[[-105.21507,21.64054],[-105.22618,21.64459],[-105.21048,21.65025],[-105.2064,21.64055],[-105.20638,21.62434],[-105.19771,21.62435],[-105.1977,21.61625],[-105.1856,21.60816],[-105.20272,21.59665],[-105.20633,21.59193],[-105.215,21.59191],[-105.21501,21.60002],[-105.22367,21.60001],[-105.22366,21.5919],[-105.23233,21.59189],[-105.24343,21.59593],[-105.23234,21.59999],[-105.23235,21.6081],[-105.24446,21.61619],[-105.23238,21.62431],[-105.23239,21.63241],[-105.21506,21.63243],[-105.21507,21.64054]],[[-105.1977,21.61625],[-105.20637,21.61624],[-105.20202,21.60586],[-105.1977,21.61625]]],[[[-105.20633,21.59193],[-105.17734,21.58844],[-105.20045,21.58151],[-105.20633,21.59193]]],[[[-105.19771,21.62435],[-105.19773,21.64056],[-105.1778,21.63718],[-105.18905,21.63247],[-105.18904,21.62436],[-105.19771,21.62435]]],[[[-105.19688,21.80958],[-105.19609,21.8105],[-105.18656,21.80941],[-105.19138,21.80984],[-105.19688,21.80958]]],[[[-105.20555,21.03273],[-105.18829,21.03275],[-105.18828,21.02465],[-105.19691,21.02464],[-105.1969,21.01653],[-105.18827,21.01654],[-105.18826,21.00844],[-105.20552,21.00842],[-105.20555,21.03273]]],[[[-105.20009,21.96748],[-105.19248,21.9746],[-105.18949,21.96472],[-105.20009,21.96748]]],[[[-105.19027,22.54006],[-105.19899,22.54005],[-105.199,22.54815],[-105.19028,22.54816],[-105.19027,22.54006]]],[[[-105.19688,21.00032],[-105.19682,20.9598],[-105.20545,20.95979],[-105.20546,20.9679],[-105.21409,20.96789],[-105.2141,20.97599],[-105.20547,20.976],[-105.20551,21.00031],[-105.19688,21.00032]]],[[[-105.21098,21.70351],[-105.21518,21.71347],[-105.22629,21.71751],[-105.21519,21.72158],[-105.20407,21.71752],[-105.21098,21.70351]]],[[[-105.20746,21.8214],[-105.21075,21.82151],[-105.21142,21.82007],[-105.21724,21.82159],[-105.20964,21.82871],[-105.20705,21.82013],[-105.20746,21.8214]]],[[[-105.22442,21.73257],[-105.21819,21.73956],[-105.2152,21.72968],[-105.22578,21.73244],[-105.22442,21.73257]]],[[[-105.22272,20.96787],[-105.22271,20.95977],[-105.23134,20.95976],[-105.23135,20.96786],[-105.22272,20.96787]]],[[[-105.2344,21.70001],[-105.22681,21.70713],[-105.22382,21.69725],[-105.2344,21.70001]]],[[[-105.23637,22.87499],[-105.22871,22.8821],[-105.2257,22.87223],[-105.23637,22.87499]]],[[[-105.24298,21.64327],[-105.23539,21.65039],[-105.2324,21.64051],[-105.24298,21.64327]]],[[[-105.24861,20.96784],[-105.24859,20.95973],[-105.23997,20.95975],[-105.23995,20.95164],[-105.24858,20.95163],[-105.24857,20.94352],[-105.26582,20.9435],[-105.26585,20.95971],[-105.25722,20.95972],[-105.25725,20.97593],[-105.23999,20.97596],[-105.23998,20.96785],[-105.24861,20.96784]]],[[[-105.2518,21.7324],[-105.24421,21.73952],[-105.24122,21.72964],[-105.2518,21.7324]]],[[[-105.26996,22.16187],[-105.26234,22.16898],[-105.25935,22.15911],[-105.26996,22.16187]]],[[[-105.27008,22.22669],[-105.26246,22.23381],[-105.25946,22.22394],[-105.27008,22.22669]]],[[[-105.31159,22.18333],[-105.31161,22.19143],[-105.29421,22.19146],[-105.27278,22.1855],[-105.28548,22.17527],[-105.28546,22.16717],[-105.29416,22.16715],[-105.29998,22.15638],[-105.31152,22.15091],[-105.32892,22.15088],[-105.32898,22.17519],[-105.32028,22.17521],[-105.3203,22.18331],[-105.31159,22.18333]],[[-105.30288,22.17524],[-105.31158,22.17522],[-105.31156,22.16712],[-105.30286,22.16714],[-105.30288,22.17524]]],[[[-105.29442,21.74368],[-105.29328,21.73766],[-105.29784,21.73948],[-105.29442,21.74368]]],[[[-105.29328,21.73766],[-105.2846,21.73768],[-105.28892,21.72729],[-105.29328,21.73766]]],[[[-105.2846,21.73768],[-105.28236,21.74969],[-105.27821,21.75081],[-105.2736,21.7421],[-105.2846,21.73768]]],[[[-105.34135,22.25717],[-105.3244,22.28415],[-105.32057,22.30486],[-105.33174,22.30889],[-105.32059,22.31296],[-105.31041,22.32441],[-105.29919,22.30047],[-105.28967,22.29314],[-105.28571,22.28872],[-105.27406,22.28326],[-105.28095,22.25452],[-105.29433,22.24819],[-105.29866,22.2378],[-105.30303,22.24817],[-105.30307,22.26438],[-105.31462,22.25891],[-105.32044,22.24814],[-105.32042,22.24003],[-105.31172,22.24005],[-105.3117,22.23195],[-105.30055,22.22792],[-105.31168,22.22384],[-105.32909,22.22381],[-105.32915,22.24812],[-105.34135,22.25717]]],[[[-105.28656,21.76476],[-105.27897,21.77188],[-105.27598,21.76201],[-105.28656,21.76476]]],[[[-105.28732,22.14563],[-105.27971,22.15275],[-105.27671,22.14287],[-105.28732,22.14563]]],[[[-105.27887,21.75207],[-105.28206,21.75133],[-105.28112,21.75632],[-105.27887,21.75207]]],[[[-105.28301,20.91105],[-105.283,20.90295],[-105.29162,20.90293],[-105.29164,20.91104],[-105.28301,20.91105]]],[[[-105.2917,20.94346],[-105.29172,20.95156],[-105.28309,20.95158],[-105.28308,20.94347],[-105.2917,20.94346]]],[[[-105.2917,20.94346],[-105.29169,20.93535],[-105.30031,20.93534],[-105.30033,20.94344],[-105.2917,20.94346]]],[[[-105.29597,21.78269],[-105.2882,21.79661],[-105.28468,21.7782],[-105.29597,21.78269]]],[[[-105.29679,21.75607],[-105.29474,21.74534],[-105.29619,21.74472],[-105.29895,21.73992],[-105.30456,21.74215],[-105.29679,21.75607]]],[[[-105.3109,21.86729],[-105.32415,21.8787],[-105.32488,21.91168],[-105.29849,21.90055],[-105.3109,21.86729]]],[[[-105.38211,20.87261],[-105.37777,20.86224],[-105.38639,20.86222],[-105.38211,20.87261]]],[[[-105.37777,20.86224],[-105.36915,20.86226],[-105.36911,20.84605],[-105.37773,20.84603],[-105.37777,20.86224]]],[[[-105.36915,20.86226],[-105.36917,20.87037],[-105.36054,20.87038],[-105.36053,20.86228],[-105.36915,20.86226]]],[[[-105.36054,20.87038],[-105.35697,20.88902],[-105.35194,20.87851],[-105.34332,20.87852],[-105.3433,20.87042],[-105.36054,20.87038]]],[[[-105.34332,20.87852],[-105.34335,20.89473],[-105.33473,20.89475],[-105.33469,20.87854],[-105.34332,20.87852]]],[[[-105.34335,20.89473],[-105.35388,20.89749],[-105.34633,20.90461],[-105.34335,20.89473]]],[[[-105.33473,20.89475],[-105.33475,20.90285],[-105.30887,20.9029],[-105.30886,20.8948],[-105.33473,20.89475]]],[[[-105.30887,20.9029],[-105.30889,20.91101],[-105.30026,20.91102],[-105.30025,20.90292],[-105.30887,20.9029]]],[[[-105.36043,20.82176],[-105.34319,20.82179],[-105.34317,20.81369],[-105.35179,20.81367],[-105.35175,20.79746],[-105.36899,20.79742],[-105.37758,20.7861],[-105.38623,20.79739],[-105.37761,20.79741],[-105.37763,20.80551],[-105.36901,20.80553],[-105.36903,20.81363],[-105.36041,20.81365],[-105.36043,20.82176]]],[[[-105.34319,20.82179],[-105.34321,20.8299],[-105.33459,20.82991],[-105.33457,20.82181],[-105.34319,20.82179]]],[[[-105.33457,20.82181],[-105.32595,20.82183],[-105.32593,20.81372],[-105.33455,20.8137],[-105.33457,20.82181]]],[[[-105.32593,20.81372],[-105.31731,20.81374],[-105.32158,20.79489],[-105.32593,20.81372]]],[[[-105.31731,20.81374],[-105.31733,20.82184],[-105.30628,20.81781],[-105.31731,20.81374]]],[[[-105.31733,20.82184],[-105.32595,20.82183],[-105.32597,20.82993],[-105.31735,20.82995],[-105.31733,20.82184]]],[[[-105.33076,22.12124],[-105.32315,22.12836],[-105.32015,22.11848],[-105.33076,22.12124]]],[[[-105.33409,22.99351],[-105.33552,22.99387],[-105.33394,22.99535],[-105.33409,22.99351]]],[[[-105.33506,22.98876],[-105.33592,22.98677],[-105.34158,22.98823],[-105.33841,22.99119],[-105.33506,22.98876]]],[[[-105.34154,22.97203],[-105.33868,22.97469],[-105.33683,22.9712],[-105.33701,22.97086],[-105.34154,22.97203]]],[[[-105.35895,22.20657],[-105.34273,22.21849],[-105.33772,22.19138],[-105.35895,22.20657]]],[[[-105.38943,22.55889],[-105.37707,22.58173],[-105.37349,22.55594],[-105.38943,22.55889]]],[[[-105.39493,20.82978],[-105.39491,20.82168],[-105.40596,20.82571],[-105.39493,20.82978]]],[[[-105.39491,20.82168],[-105.38629,20.8217],[-105.38631,20.8298],[-105.37769,20.82982],[-105.37765,20.81361],[-105.38627,20.8136],[-105.38625,20.80549],[-105.39487,20.80547],[-105.39491,20.82168]]],[[[-105.41109,22.58344],[-105.39578,22.59049],[-105.39101,22.58021],[-105.41109,22.58344]]],[[[-105.3948,20.78116],[-105.40342,20.78114],[-105.40344,20.78924],[-105.39483,20.78926],[-105.3948,20.78116]]],[[[-105.39502,20.8622],[-105.39497,20.84599],[-105.40702,20.85407],[-105.39502,20.8622]]],[[[-105.41705,21.88859],[-105.40647,21.89139],[-105.40941,21.88151],[-105.41705,21.88859]]],[[[-105.40647,21.89139],[-105.403,21.91004],[-105.39884,21.90221],[-105.39546,21.89582],[-105.40647,21.89139]]],[[[-105.39988,22.6288],[-105.42029,22.63833],[-105.41292,22.66391],[-105.40289,22.65849],[-105.39988,22.6288]]],[[[-105.40349,20.80545],[-105.42072,20.80541],[-105.42075,20.81351],[-105.40351,20.81356],[-105.40349,20.80545]]],[[[-105.43545,21.87053],[-105.41231,21.87749],[-105.4064,21.86708],[-105.43545,21.87053]]],[[[-105.42064,20.77299],[-105.42066,20.7811],[-105.41204,20.78112],[-105.412,20.76491],[-105.42923,20.76487],[-105.42925,20.77297],[-105.42064,20.77299]]],[[[-105.42934,20.80539],[-105.42928,20.78107],[-105.43789,20.78105],[-105.43796,20.80537],[-105.43368,20.81576],[-105.42934,20.80539]]],[[[-105.44436,22.99753],[-105.44279,22.99609],[-105.44529,22.99543],[-105.44436,22.99753]]]]}}]}