{
"type": "FeatureCollection",
"name": "Estado_Nayarit",
"crs": { "type": "name", "properties": { "name": "urn:ogc:def:crs:OGC:1.3:CRS84" } },
"features": [
{ "type": "Feature", "properties": { "CVE_ENT": "18", "NOM_ENT": "Nayarit", "CAPITAL": "Tepic", "AREA": 2763352.7138800002, "PERIMETER": 2003.16975, "COV_": 17, "COV_ID": 18 }, "geometry": { "type": "MultiPolygon", "coordinates": [ [ [ [ -105.383567340344143, 23.081741579732711 ], [ -105.383276539899683, 23.081616259844324 ], [ -105.382755799527587, 23.081673030007178 ], [ -105.382140379988101, 23.081982520412765 ], [ -105.381621319766396, 23.082220879721387 ], [ -105.381185849710008, 23.082195880104347 ], [ -105.380818579764693, 23.082035879952866 ], [ -105.38044098042019, 23.081662689594459 ], [ -105.379877580159928, 23.080931220155698 ], [ -105.379770340455792, 23.080574830281321 ], [ -105.379799659737401, 23.080261779567124 ], [ -105.379913750179682, 23.080039539874758 ], [ -105.380175320006998, 23.079788630229363 ], [ -105.380385480461527, 23.079484350089125 ], [ -105.380579490255855, 23.079278519599935 ], [ -105.380598779743295, 23.079072860215099 ], [ -105.380375850018069, 23.078913349653568 ], [ -105.37988871033636, 23.078864030146374 ], [ -105.379628629582299, 23.078865170141551 ], [ -105.379337740014321, 23.078812480155868 ], [ -105.379030489809111, 23.078580340308704 ], [ -105.378902799708442, 23.078384229939871 ], [ -105.378710859831031, 23.07817046005637 ], [ -105.37846828033048, 23.078010479781906 ], [ -105.378167089775303, 23.077823599743162 ], [ -105.377927020384774, 23.07776253973633 ], [ -105.377501050028656, 23.077878979753731 ], [ -105.377056999682864, 23.078094820116831 ], [ -105.376556829811904, 23.078497120303787 ], [ -105.376404420394707, 23.078756539745374 ], [ -105.376162000387879, 23.078988850182949 ], [ -105.375988750075678, 23.079123400372296 ], [ -105.375758319663916, 23.079132950348772 ], [ -105.375449599674752, 23.079035249754497 ], [ -105.375235540233334, 23.078839220301337 ], [ -105.375118369549966, 23.078554779817889 ], [ -105.374212630236542, 23.07759917017189 ], [ -105.373715230198229, 23.077029690043005 ], [ -105.373335830152428, 23.076869400024417 ], [ -105.373240969536553, 23.076829319662373 ], [ -105.372786140043274, 23.076891889915629 ], [ -105.372230830267071, 23.076862200216329 ], [ -105.371622880167649, 23.076692889873936 ], [ -105.371352880433975, 23.076380920090461 ], [ -105.371182349666142, 23.075850650208274 ], [ -105.37095988033316, 23.07532239987529 ], [ -105.370655109648638, 23.0749167403219 ], [ -105.37030278035914, 23.074840850062554 ], [ -105.369914490387288, 23.074933739947742 ], [ -105.369526049926392, 23.074904050222301 ], [ -105.369221019848311, 23.074874349792172 ], [ -105.368800879826452, 23.074562909860347 ], [ -105.368444550383074, 23.074330000215589 ], [ -105.367887819944599, 23.074050579881408 ], [ -105.367196849638475, 23.073896689729999 ], [ -105.366319619714545, 23.073944800009535 ], [ -105.365679150232083, 23.074040449555977 ], [ -105.365190829885677, 23.074446089668818 ], [ -105.364938120269514, 23.07500828003074 ], [ -105.364484750370707, 23.075244250146916 ], [ -105.364044829812244, 23.075197489648502 ], [ -105.363573110261981, 23.074980690274099 ], [ -105.36313334986724, 23.074669660180216 ], [ -105.362676750225887, 23.074467970251693 ], [ -105.362440200115188, 23.074235169760634 ], [ -105.362103090452706, 23.073830180211708 ], [ -105.361956479935316, 23.073544580140315 ], [ -105.361308259832342, 23.073397249601125 ], [ -105.361108510092123, 23.073391539624147 ], [ -105.359527230046808, 23.073726229634907 ], [ -105.359030220112018, 23.073837710051457 ], [ -105.358554690331275, 23.073898149937655 ], [ -105.358316310436138, 23.073923370177432 ], [ -105.358264200099413, 23.073579229930356 ], [ -105.358120430032699, 23.073471550346898 ], [ -105.357980350383087, 23.073081350011101 ], [ -105.357603650314502, 23.072775309790938 ], [ -105.357450279548701, 23.072338180059166 ], [ -105.357347970133148, 23.071902680258589 ], [ -105.35746481967233, 23.071573220229112 ], [ -105.357565380276014, 23.071263170323217 ], [ -105.357919600193256, 23.070716059559601 ], [ -105.358137030156101, 23.070388050350889 ], [ -105.358372750294663, 23.070123219716653 ], [ -105.358676770330689, 23.069996750267027 ], [ -105.358827089995899, 23.069731949819456 ], [ -105.359027050189624, 23.069488780406719 ], [ -105.358992080359258, 23.069270680209762 ], [ -105.35878735021592, 23.069053520438473 ], [ -105.358537540338205, 23.068878220033 ], [ -105.358430950310762, 23.068738860138748 ], [ -105.358325280331613, 23.068518660309461 ], [ -105.358313889925839, 23.068379049936457 ], [ -105.358358510466417, 23.068280910173375 ], [ -105.358492780187063, 23.0681572195641 ], [ -105.35858079994081, 23.068067219685872 ], [ -105.358606720306923, 23.067927709764881 ], [ -105.358676199998428, 23.067764549559115 ], [ -105.358845420028928, 23.06735404970885 ], [ -105.358949250387525, 23.067191050261471 ], [ -105.358967910466149, 23.067075310188095 ], [ -105.358869199667737, 23.066936689795895 ], [ -105.35878998022342, 23.066714999784455 ], [ -105.358523819618924, 23.066281230280428 ], [ -105.358291020459362, 23.066118280356214 ], [ -105.358088380011495, 23.066061819845331 ], [ -105.357571310198608, 23.066067570195834 ], [ -105.357251740177134, 23.066043619658348 ], [ -105.356959310400256, 23.065929170164448 ], [ -105.356621199687922, 23.065676769642799 ], [ -105.356294369674401, 23.065366000427701 ], [ -105.356124680252933, 23.065137179881528 ], [ -105.356134019862154, 23.064924480184214 ], [ -105.356239580107655, 23.064752370085863 ], [ -105.356424060298508, 23.064751109879619 ], [ -105.356575630217975, 23.064923089777192 ], [ -105.356753060381905, 23.065069999595057 ], [ -105.35696701986565, 23.065069910122535 ], [ -105.357169580381751, 23.064930200134903 ], [ -105.357400749702563, 23.064757179749602 ], [ -105.357638090306324, 23.064633980257206 ], [ -105.35799187962283, 23.064264890118324 ], [ -105.358128649588025, 23.064045779977079 ], [ -105.358161280207398, 23.063784450309104 ], [ -105.358116719821638, 23.063497520120887 ], [ -105.357940279854716, 23.063195310297349 ], [ -105.357691290232026, 23.062974570418515 ], [ -105.357318599812288, 23.062868230456029 ], [ -105.356910519791811, 23.06283711007767 ], [ -105.356654519907408, 23.062804509916099 ], [ -105.356467749701579, 23.062715019704633 ], [ -105.356201979847043, 23.062567290317716 ], [ -105.355831770291715, 23.0622874302585 ], [ -105.35555774951537, 23.062124460085542 ], [ -105.355158019935658, 23.06203502977143 ], [ -105.354778539658895, 23.061970599779194 ], [ -105.354113689957543, 23.062070350229455 ], [ -105.353742230156897, 23.062128340193414 ], [ -105.353350690014324, 23.062169510051216 ], [ -105.353023279836819, 23.062145709775841 ], [ -105.352544430470402, 23.06203257040579 ], [ -105.351949000396445, 23.061772090205153 ], [ -105.351493779640094, 23.06150678005438 ], [ -105.350880450047867, 23.061042349906554 ], [ -105.350471180217909, 23.060575340002202 ], [ -105.350346280127695, 23.060175740400137 ], [ -105.350416450014137, 23.059262450132081 ], [ -105.350660599798701, 23.058359940036301 ], [ -105.351050309604133, 23.057664050045314 ], [ -105.351891180440347, 23.056467090211999 ], [ -105.352342180473016, 23.055966029885976 ], [ -105.352585629584141, 23.055728280245532 ], [ -105.352859710361926, 23.055292800335693 ], [ -105.352798739694066, 23.054812820408294 ], [ -105.352753880340586, 23.054280709786958 ], [ -105.352541999552869, 23.053973799685355 ], [ -105.351983229892568, 23.053492770370816 ], [ -105.351366980266064, 23.052989349834128 ], [ -105.350817230335068, 23.05232106029456 ], [ -105.350697380064602, 23.051849599955712 ], [ -105.350756539941884, 23.051355199557705 ], [ -105.350873580383848, 23.050938550075095 ], [ -105.351181769822077, 23.050706680303929 ], [ -105.351597170107723, 23.050563280317913 ], [ -105.35239173981482, 23.050550629690406 ], [ -105.35345828002707, 23.050427659594984 ], [ -105.354016680157272, 23.050273000358487 ], [ -105.354123520163583, 23.05015171965297 ], [ -105.354051519833689, 23.050020689871847 ], [ -105.353896520094196, 23.049789739575367 ], [ -105.353768890094784, 23.049399279671071 ], [ -105.353708019892338, 23.049048250092252 ], [ -105.353849820273339, 23.048718249942223 ], [ -105.354192549598451, 23.048301259586616 ], [ -105.354429709703396, 23.047783919655359 ], [ -105.354748480019396, 23.047389250183979 ], [ -105.355101649604322, 23.047113710452713 ], [ -105.355459149873397, 23.046970649905468 ], [ -105.35567205973166, 23.047046859846567 ], [ -105.356027260419324, 23.047045520236463 ], [ -105.356411950424587, 23.047007319886603 ], [ -105.356849249957207, 23.046953939898231 ], [ -105.357226520032867, 23.046933280055189 ], [ -105.357513489710428, 23.047027379668005 ], [ -105.35813553951931, 23.046794310273178 ], [ -105.35855402970634, 23.04650071966164 ], [ -105.358779180341401, 23.046257569691537 ], [ -105.358787659996423, 23.045928650189673 ], [ -105.358598180063638, 23.045623080012515 ], [ -105.358239110183632, 23.045307549651852 ], [ -105.357545150179149, 23.044982050113539 ], [ -105.357199679560807, 23.044786109877514 ], [ -105.356701109924799, 23.044588939552447 ], [ -105.356355910207157, 23.044403890198037 ], [ -105.35608220029961, 23.044173710038269 ], [ -105.356048119743676, 23.043830259798838 ], [ -105.356038120447337, 23.043667020393425 ], [ -105.355962969618034, 23.043417089920457 ], [ -105.355889850201933, 23.043241580113815 ], [ -105.355629199977585, 23.04294572035894 ], [ -105.355569259649428, 23.042691850452211 ], [ -105.355570049819548, 23.042461149641568 ], [ -105.355608540367484, 23.042153369545773 ], [ -105.355664709940612, 23.04175891970948 ], [ -105.355505660099752, 23.041552599578445 ], [ -105.355458740128299, 23.041443719970747 ], [ -105.355324220345139, 23.041051599882724 ], [ -105.355062980484959, 23.040733050421508 ], [ -105.354789200332007, 23.040382979945839 ], [ -105.354855370191913, 23.040095489769659 ], [ -105.354940999718252, 23.039820290325398 ], [ -105.355119290014301, 23.039548979967183 ], [ -105.35533445028922, 23.039428179621311 ], [ -105.355407279604705, 23.039169849703395 ], [ -105.355306879792153, 23.03873621985079 ], [ -105.355175060117674, 23.038451199845522 ], [ -105.354902479697401, 23.038265479585242 ], [ -105.354723520407532, 23.038056850037886 ], [ -105.35458008037962, 23.037816569997574 ], [ -105.354212599688864, 23.037563890161664 ], [ -105.353896110034981, 23.037543260339877 ], [ -105.353648249596489, 23.037558710451851 ], [ -105.353457259905809, 23.037572920176864 ], [ -105.353323920072611, 23.037616140218805 ], [ -105.353042080035124, 23.037723049653739 ], [ -105.352814079980277, 23.037748149861045 ], [ -105.352308370056065, 23.037616909860311 ], [ -105.35184714974649, 23.03742165007138 ], [ -105.35152458038381, 23.037004520205087 ], [ -105.351272830049879, 23.036555000268269 ], [ -105.35111685025889, 23.036284109919503 ], [ -105.350975449923297, 23.035930279858189 ], [ -105.350796260106151, 23.035634459709922 ], [ -105.350727709765138, 23.035082949606263 ], [ -105.35097357969687, 23.034722489985782 ], [ -105.351164349695907, 23.034306059904818 ], [ -105.351316649949936, 23.033959490211497 ], [ -105.351509850397775, 23.033312349942896 ], [ -105.35161643044168, 23.032481830335598 ], [ -105.351512149680147, 23.032117200149347 ], [ -105.351544460385554, 23.031802279879457 ], [ -105.351611230364057, 23.031257769644291 ], [ -105.351645140120326, 23.031006379899623 ], [ -105.351835649929669, 23.030579980421791 ], [ -105.352063580096882, 23.03017910978976 ], [ -105.352303749663307, 23.029781600158863 ], [ -105.352971259650531, 23.029211369888298 ], [ -105.353159369898023, 23.02888945015744 ], [ -105.353320320252749, 23.028541780219879 ], [ -105.353370519987052, 23.028121140027789 ], [ -105.353368710412653, 23.027155819830579 ], [ -105.353044630095411, 23.026290109663496 ], [ -105.352909999857232, 23.025504770256564 ], [ -105.352479200354466, 23.024763970147205 ], [ -105.352597880098671, 23.023604089559612 ], [ -105.352953049647439, 23.023074570372895 ], [ -105.35303432042798, 23.022386249767937 ], [ -105.353032479844032, 23.021420029593909 ], [ -105.35319184953417, 23.021048779575558 ], [ -105.353511050184323, 23.02075128038884 ], [ -105.353804650145776, 23.020256339710375 ], [ -105.353856510242835, 23.019784800413863 ], [ -105.353749630367915, 23.019438380098176 ], [ -105.353507429688037, 23.019365539761441 ], [ -105.353162169513624, 23.019563709677012 ], [ -105.352758260107279, 23.01961422982048 ], [ -105.351900599674181, 23.018947149739866 ], [ -105.350532400329257, 23.018109479623483 ], [ -105.349506259783723, 23.017179939986228 ], [ -105.349234419593799, 23.016437510310098 ], [ -105.34936835030156, 23.015991449866711 ], [ -105.349715380055258, 23.015669719763785 ], [ -105.349740860250563, 23.015124289879974 ], [ -105.349396549890741, 23.014892979990776 ], [ -105.348701450256925, 23.014950370389357 ], [ -105.348111430117712, 23.014779580157633 ], [ -105.34705268044452, 23.014504230115151 ], [ -105.345049380396105, 23.013564720363473 ], [ -105.343820580070485, 23.012885579591451 ], [ -105.343149600276263, 23.012342479656269 ], [ -105.343119479905567, 23.011847279913944 ], [ -105.343341570455692, 23.011274909553446 ], [ -105.343734060305309, 23.010930420127206 ], [ -105.344427949646203, 23.010631200091677 ], [ -105.344804519787701, 23.010391490012051 ], [ -105.344964970421472, 23.009945770063954 ], [ -105.344696219787707, 23.009402139607371 ], [ -105.344382090020204, 23.008888489834987 ], [ -105.344101419633603, 23.007793969589244 ], [ -105.34324532029521, 23.007301150236326 ], [ -105.342736310436166, 23.007228599589272 ], [ -105.342389649815047, 23.007798220036975 ], [ -105.341747260328347, 23.008195309685526 ], [ -105.341025690418405, 23.008369800263157 ], [ -105.340703519909255, 23.007925399651921 ], [ -105.340594059884822, 23.007084110154686 ], [ -105.34002885018289, 23.005674150449032 ], [ -105.340159280324656, 23.004932119959776 ], [ -105.340400450056904, 23.004263060191224 ], [ -105.340425879638744, 23.003519660328497 ], [ -105.340020890319337, 23.002629340134888 ], [ -105.339403260370617, 23.001591950341584 ], [ -105.338649820458144, 22.999989890172291 ], [ -105.338593939689019, 22.999640549843377 ], [ -105.338300370135784, 22.999279089700966 ], [ -105.337811029924524, 22.998739309988185 ], [ -105.337225850297926, 22.99828877021751 ], [ -105.33703068992277, 22.998017800029327 ], [ -105.336736859995554, 22.997567340042014 ], [ -105.336539110340439, 22.997114819860276 ], [ -105.336341769816883, 22.996483369901597 ], [ -105.336146999590781, 22.99603257959949 ], [ -105.3358531101089, 22.995852749956807 ], [ -105.335462709917465, 22.995852979842688 ], [ -105.334974539893764, 22.99594432019531 ], [ -105.334682920321157, 22.995855250241036 ], [ -105.334193519850203, 22.995585169771971 ], [ -105.333803880276449, 22.995224849708627 ], [ -105.33370491003717, 22.994682090133928 ], [ -105.333801169946781, 22.994140599978721 ], [ -105.333898030095185, 22.993778890213239 ], [ -105.334092279555222, 22.993506820102276 ], [ -105.334580449979256, 22.993415479626009 ], [ -105.335165950298162, 22.993685290224526 ], [ -105.335848909539763, 22.994045650309634 ], [ -105.336337020078147, 22.994225849732516 ], [ -105.337898519595427, 22.994221260182201 ], [ -105.33828929044877, 22.994040289904934 ], [ -105.338775910412451, 22.993497650015474 ], [ -105.338967950386817, 22.992865059734395 ], [ -105.338967119992788, 22.992052310262224 ], [ -105.338671970369248, 22.991510150103466 ], [ -105.338378450295252, 22.991149600403823 ], [ -105.336975089583632, 22.99025325979169 ], [ -105.335814910129031, 22.989433569577471 ], [ -105.335313000176427, 22.988996150033337 ], [ -105.335056939680896, 22.988760110259278 ], [ -105.335073080426341, 22.988426480070363 ], [ -105.335641150342681, 22.987339019828884 ], [ -105.335776369957742, 22.987060030081043 ], [ -105.336149799697424, 22.98630730995907 ], [ -105.336495340077477, 22.985694139730811 ], [ -105.336554379521417, 22.985116199660855 ], [ -105.336718550451081, 22.98474034030242 ], [ -105.337380369954062, 22.984222970025982 ], [ -105.337952380450147, 22.983957260441116 ], [ -105.338794679860172, 22.983830519555411 ], [ -105.339595650152702, 22.983503279975455 ], [ -105.339982280422035, 22.982964509875885 ], [ -105.340114860402906, 22.982503939675876 ], [ -105.340053249911662, 22.982003979732784 ], [ -105.339692579613157, 22.981781089659084 ], [ -105.338908199886092, 22.981519220324493 ], [ -105.3385573798287, 22.981415080054632 ], [ -105.33784985006433, 22.981361309709406 ], [ -105.337322339565674, 22.981250979755036 ], [ -105.336736320292999, 22.980959379962737 ], [ -105.33626803002646, 22.980473630096693 ], [ -105.336237229716801, 22.980028399659744 ], [ -105.33652246040397, 22.979748000133956 ], [ -105.336565780411462, 22.979247600221338 ], [ -105.337089889955777, 22.977739690424507 ], [ -105.337306480256274, 22.977381769791844 ], [ -105.3378833202881, 22.977114149557696 ], [ -105.338557090335385, 22.976800849834373 ], [ -105.33908710986907, 22.976621419815341 ], [ -105.339449249934631, 22.976396569763935 ], [ -105.339470849761028, 22.976085510147428 ], [ -105.339277509560517, 22.975729149743422 ], [ -105.338745680438535, 22.974861550440792 ], [ -105.338429600444655, 22.973992920300958 ], [ -105.338303089681105, 22.973447139797553 ], [ -105.337859429928017, 22.972847340358197 ], [ -105.337263110178043, 22.972144579793259 ], [ -105.336875939956997, 22.97168523021378 ], [ -105.336832340059374, 22.971199419838037 ], [ -105.337244250294972, 22.970418629698941 ], [ -105.337838720238452, 22.969995340020667 ], [ -105.338378539924634, 22.969699450428024 ], [ -105.339246819897397, 22.969634420433241 ], [ -105.340591229544003, 22.969860999983254 ], [ -105.341516230231761, 22.970179379554693 ], [ -105.342157029597857, 22.970505969956019 ], [ -105.342506139992011, 22.970415980044727 ], [ -105.34282985029563, 22.969766889545269 ], [ -105.343053709714638, 22.968998320174535 ], [ -105.343049260383808, 22.968159289667206 ], [ -105.342740849530756, 22.967478490296401 ], [ -105.342141859886055, 22.966981060152857 ], [ -105.341311310036005, 22.966712919990254 ], [ -105.340250850242725, 22.966545089872547 ], [ -105.339019250425309, 22.96643452002969 ], [ -105.338436799739142, 22.966477949990544 ], [ -105.338144949748738, 22.966961920093656 ], [ -105.337888030153707, 22.967505979856011 ], [ -105.337579149539636, 22.967745119743149 ], [ -105.337118750006098, 22.967688750042544 ], [ -105.337031969576344, 22.967445430338692 ], [ -105.337055349576602, 22.966921849575677 ], [ -105.336913119502071, 22.966140279632146 ], [ -105.337234089940509, 22.964746649679203 ], [ -105.337304080182889, 22.964136679852494 ], [ -105.336946509716341, 22.963449659776533 ], [ -105.33647068013066, 22.963051260076934 ], [ -105.335679690480461, 22.962599709684429 ], [ -105.334862350039913, 22.962270400028906 ], [ -105.334027860028982, 22.962038630191142 ], [ -105.333332629710483, 22.962080849710826 ], [ -105.332766169933933, 22.96256434991427 ], [ -105.332381420020397, 22.96305940044622 ], [ -105.331994540409653, 22.963391920020417 ], [ -105.331593259616795, 22.96350228039033 ], [ -105.331146620054284, 22.963406540298045 ], [ -105.330849489921206, 22.963173180293055 ], [ -105.330685419817257, 22.962691770129151 ], [ -105.33096484952334, 22.961907489805473 ], [ -105.331306460365028, 22.961178170001979 ], [ -105.332648349873168, 22.9587690801341 ], [ -105.333332940078279, 22.95732674962284 ], [ -105.333514599985065, 22.956945970106442 ], [ -105.33384968978875, 22.956114170216164 ], [ -105.333930449689731, 22.955229739844217 ], [ -105.334244290148973, 22.954450150138104 ], [ -105.33426947989949, 22.954008259683928 ], [ -105.334141659620258, 22.953408920021872 ], [ -105.333803030155025, 22.952888579881041 ], [ -105.333333260268006, 22.952456430410436 ], [ -105.333112400372713, 22.952252319860158 ], [ -105.332562920341928, 22.951926320177261 ], [ -105.332024939896101, 22.951706319909093 ], [ -105.331533690456538, 22.951746859894012 ], [ -105.331196710008783, 22.951994769736629 ], [ -105.331143689683302, 22.952031320311672 ], [ -105.330898630416897, 22.952259860235138 ], [ -105.330478620058614, 22.952434680008363 ], [ -105.330023319997892, 22.952714909824799 ], [ -105.329612460327411, 22.952872059752753 ], [ -105.329093249876863, 22.952891950131544 ], [ -105.328498110319103, 22.952808779737179 ], [ -105.3282109700028, 22.952640459925995 ], [ -105.3281832300692, 22.952286619581034 ], [ -105.328277059835074, 22.95201851008224 ], [ -105.328432879736482, 22.951751799631797 ], [ -105.328616349786117, 22.951470879891922 ], [ -105.328831620344133, 22.951139319908556 ], [ -105.329089740034661, 22.950678799896476 ], [ -105.329474349755685, 22.949983980422033 ], [ -105.330129279686361, 22.948845630201891 ], [ -105.330377680394875, 22.948467049730791 ], [ -105.330490080432355, 22.947983320243583 ], [ -105.330377770165754, 22.947688769607865 ], [ -105.329899429612851, 22.947500179622921 ], [ -105.329398829908612, 22.947480060325798 ], [ -105.329013950148138, 22.947460200297471 ], [ -105.328718740452942, 22.947418419919931 ], [ -105.328534550094787, 22.947229850340907 ], [ -105.328421430043235, 22.94701977024059 ], [ -105.328352570218826, 22.946619859964514 ], [ -105.328329220329792, 22.946157220241545 ], [ -105.328346889942907, 22.945884400020791 ], [ -105.328374879944576, 22.944966580002792 ], [ -105.32838668975198, 22.94465573969465 ], [ -105.328402490462068, 22.944307580204235 ], [ -105.328378289937106, 22.94392941960821 ], [ -105.328302019823525, 22.943624109847537 ], [ -105.32815075039565, 22.943457540103367 ], [ -105.328342050119758, 22.942988280179335 ], [ -105.32356988975279, 22.941330169921351 ], [ -105.314905030050497, 22.945628690325805 ], [ -105.297699060402437, 22.954162110441651 ], [ -105.254085709723768, 22.956271620065195 ], [ -105.247421370241483, 22.956096739967236 ], [ -105.163574089658582, 22.953871919559905 ], [ -105.106267080001686, 22.957652020246663 ], [ -105.105815859870447, 22.957681689574958 ], [ -105.076015779671309, 22.959638830184232 ], [ -105.071980049735799, 22.960809999915725 ], [ -105.013824620250745, 22.977672829616981 ], [ -105.003283620221723, 22.976991999940601 ], [ -105.00313942013716, 22.97698267960747 ], [ -105.003863599761033, 22.976164849610107 ], [ -105.004891350248315, 22.975219539684964 ], [ -105.005940859983141, 22.974253079612183 ], [ -105.006717030402754, 22.973457799667536 ], [ -105.007174739734779, 22.972886430273739 ], [ -105.007705279715481, 22.972068690103335 ], [ -105.008221750130616, 22.971496179871352 ], [ -105.008499999995252, 22.970714600060067 ], [ -105.008605689557598, 22.970186349782111 ], [ -105.008557380032926, 22.96935265013186 ], [ -105.008341050428825, 22.968458690185763 ], [ -105.007678889591205, 22.967501449937945 ], [ -105.007453679914036, 22.966886709555379 ], [ -105.007110820004414, 22.966518649874189 ], [ -105.005962719704371, 22.965579690231586 ], [ -105.005363150362697, 22.964760420188021 ], [ -105.005067200094757, 22.964130750335471 ], [ -105.00509702044863, 22.963803889550107 ], [ -105.005059400137, 22.963291089916819 ], [ -105.004999049846916, 22.962923149928894 ], [ -105.004901149741158, 22.962812720199302 ], [ -105.004652310236224, 22.962544740195877 ], [ -105.004151620363331, 22.961554710416198 ], [ -105.003726000411802, 22.960846340052758 ], [ -105.00320626003554, 22.960102170187302 ], [ -105.002843999877641, 22.9598042799085 ], [ -105.001994979651869, 22.959515829711229 ], [ -105.001550219841079, 22.959339909984305 ], [ -105.001117180192992, 22.958979179659444 ], [ -105.000676579982667, 22.958666769576741 ], [ -105.000534290175423, 22.958509049768384 ], [ -105.000026170313134, 22.958278180184994 ], [ -104.999634520394963, 22.958213550060524 ], [ -104.998633199781054, 22.957795490450483 ], [ -104.998253459587374, 22.957489909888963 ], [ -104.998020859859551, 22.957173460410413 ], [ -104.997976780061435, 22.956757080111078 ], [ -104.9981394495627, 22.956280509982978 ], [ -104.998276280176029, 22.955812480183305 ], [ -104.998334800093048, 22.955333780115268 ], [ -104.998373749681051, 22.955043539924489 ], [ -104.998394179767985, 22.954891309630771 ], [ -104.998437980256142, 22.954550660269017 ], [ -104.99807831999675, 22.954125370021647 ], [ -104.997551079826792, 22.953791420207381 ], [ -104.99722279956319, 22.953062219989544 ], [ -104.996893139922236, 22.952001600075576 ], [ -104.99725537996872, 22.950813170216279 ], [ -104.997470140367454, 22.950456910027079 ], [ -104.99747968979284, 22.950441049791522 ], [ -104.997815859829529, 22.949883340067117 ], [ -104.998866229540496, 22.948850480449561 ], [ -104.999753319553264, 22.947969710174014 ], [ -105.000000660321987, 22.947633460440539 ], [ -105.00031172008724, 22.947209720170523 ], [ -105.00044232002513, 22.946480719894758 ], [ -105.000508020383762, 22.945265339688984 ], [ -105.000639420060409, 22.944354710259926 ], [ -105.000837259763387, 22.943867769900336 ], [ -105.001197979949254, 22.943473020254572 ], [ -105.001756460184083, 22.943108049556297 ], [ -105.002584149989687, 22.942203890063631 ], [ -105.003306370177228, 22.941536059833279 ], [ -105.003962949769573, 22.940654279670134 ], [ -105.004389229864771, 22.939560850276543 ], [ -105.004750290248737, 22.938618509580081 ], [ -105.004881149962543, 22.937555320076854 ], [ -105.004716139827792, 22.936674970417616 ], [ -105.004093660169744, 22.934079020385003 ], [ -105.00406145950744, 22.932742029672571 ], [ -105.004192029625628, 22.932013030377394 ], [ -105.004718280368053, 22.931222769606514 ], [ -105.00543905045626, 22.930493220435153 ], [ -105.006458220459606, 22.929824139948181 ], [ -105.007704449596247, 22.929095260096233 ], [ -105.008419259774158, 22.928505650353774 ], [ -105.008520740358605, 22.928421949675592 ], [ -105.008521480473362, 22.928364250044005 ], [ -105.008526379636692, 22.927981679957494 ], [ -105.009580969743737, 22.926891180136892 ], [ -105.009598629928504, 22.926874079910132 ], [ -105.009941150079754, 22.92654208998227 ], [ -105.009941429964158, 22.926399820157776 ], [ -105.009942709953492, 22.925765400060378 ], [ -105.009442719548161, 22.925269890438408 ], [ -105.009679199643926, 22.924216780063183 ], [ -105.009940769518209, 22.923213710123921 ], [ -105.010039120081345, 22.922362740378556 ], [ -105.009710350386385, 22.921481940065018 ], [ -105.009119660308642, 22.920722450132615 ], [ -105.008300029981726, 22.91981032026742 ], [ -105.0072809402118, 22.918746769588275 ], [ -105.006230479684987, 22.917682920078079 ], [ -105.005606200309913, 22.916954050358022 ], [ -105.005075429597866, 22.915505059883138 ], [ -105.004813920365649, 22.914562090420194 ], [ -105.004145519626434, 22.913775949886855 ], [ -105.003631979813377, 22.913317350033761 ], [ -105.002717890280366, 22.912652940160239 ], [ -105.001956170145903, 22.911948680267969 ], [ -105.001235349974408, 22.910719489597156 ], [ -105.000974429563755, 22.910234180219224 ], [ -105.000350090210532, 22.909413570157593 ], [ -105.000054170110189, 22.90889717028929 ], [ -104.999999279767295, 22.908636689684243 ], [ -104.99985645999169, 22.907955679721756 ], [ -104.999856940194348, 22.907195599950491 ], [ -105.000000740137793, 22.907052060079035 ], [ -105.000644850330488, 22.906405740123645 ], [ -105.001434110000844, 22.905979979714495 ], [ -105.002286889977626, 22.905979779806053 ], [ -105.002746719723731, 22.906374970297055 ], [ -105.002943450435453, 22.90670895012347 ], [ -105.003403370016414, 22.90689074001747 ], [ -105.004288939535499, 22.907256749868043 ], [ -105.00517602961348, 22.907255880089483 ], [ -105.005488480209237, 22.907077280427906 ], [ -105.005676140441054, 22.906742180399768 ], [ -105.00556514025979, 22.906134110398561 ], [ -105.005602770350436, 22.905648460038144 ], [ -105.005501219838351, 22.904920340373614 ], [ -105.005315180086143, 22.904219049585556 ], [ -105.005069140072123, 22.903552060413798 ], [ -105.004545000453135, 22.902974709592396 ], [ -105.002944030230609, 22.901877939689811 ], [ -105.000711169526582, 22.9006626503852 ], [ -105.000350049577349, 22.900297320394237 ], [ -105.000185880045606, 22.899841919732495 ], [ -105.0000222902883, 22.899325679752319 ], [ -104.999998999642855, 22.89929252029906 ], [ -104.999550150353755, 22.898601090075086 ], [ -104.998693350373003, 22.897662399727761 ], [ -104.997634150105952, 22.896538720220335 ], [ -104.997020749817764, 22.895229339862841 ], [ -104.996101320441966, 22.894226459696529 ], [ -104.995051920125064, 22.892980000228263 ], [ -104.994296850053772, 22.892310819636812 ], [ -104.993212019919525, 22.891490919669653 ], [ -104.992528340060986, 22.891466849762381 ], [ -104.99117612045788, 22.891612020332417 ], [ -104.990488090462577, 22.891612579998665 ], [ -104.989569539592438, 22.891429650285872 ], [ -104.98894467989885, 22.89088324980132 ], [ -104.988617690122197, 22.889940619649842 ], [ -104.988319979963805, 22.889254419587857 ], [ -104.987795630119493, 22.888252020165091 ], [ -104.987695260370757, 22.887187880138171 ], [ -104.987858939571339, 22.886185829829476 ], [ -104.987894020308886, 22.885000110178883 ], [ -104.98786670956612, 22.884061680411062 ], [ -104.988193220105472, 22.88352865983483 ], [ -104.98822248020457, 22.883480890128144 ], [ -104.988197679761655, 22.883372149605918 ], [ -104.988056120216882, 22.882751290367082 ], [ -104.987662289914951, 22.882234920452209 ], [ -104.98704121967387, 22.881505920004312 ], [ -104.987007879732502, 22.880807349965824 ], [ -104.987192800199779, 22.880183550210901 ], [ -104.987435780129033, 22.87856793957199 ], [ -104.988259149622237, 22.877890949892599 ], [ -104.988604059744091, 22.877495139956441 ], [ -104.989167119551709, 22.877475570447736 ], [ -104.989700450211615, 22.876551850193124 ], [ -104.989738309839836, 22.876147940273267 ], [ -104.989586000431515, 22.875696829923278 ], [ -104.988498849976949, 22.875040350386133 ], [ -104.988562939537786, 22.873912250070177 ], [ -104.988273370424508, 22.872235150201963 ], [ -104.98812670994316, 22.87028924974792 ], [ -104.988241710180901, 22.866469459683067 ], [ -104.988186889942398, 22.86490317996909 ], [ -104.988133970144006, 22.863639250442528 ], [ -104.988188090471894, 22.862124430397529 ], [ -104.988571490097527, 22.86000122033802 ], [ -104.988569620332498, 22.859394649820853 ], [ -104.988006200340692, 22.857652029941139 ], [ -104.98797768024626, 22.857124079870122 ], [ -104.987815800354511, 22.856243649953072 ], [ -104.987869970421485, 22.855515230397831 ], [ -104.988167310008606, 22.855011859675198 ], [ -104.988359109884996, 22.854608600097169 ], [ -104.988801399781082, 22.854307340091346 ], [ -104.989365279534283, 22.853906709715197 ], [ -104.990287280415586, 22.852773350315445 ], [ -104.990307059750748, 22.852735320030003 ], [ -104.990614119542755, 22.85214499965652 ], [ -104.990576169738929, 22.85197084995238 ], [ -104.990532169627841, 22.851768830204488 ], [ -104.990259580043542, 22.8515425403451 ], [ -104.990287179816548, 22.850461380062566 ], [ -104.990225740229334, 22.850234280201835 ], [ -104.990123679891767, 22.849857050000274 ], [ -104.989797909565425, 22.849530979610925 ], [ -104.989065829629283, 22.849231829940798 ], [ -104.98873895005768, 22.84862520000123 ], [ -104.987749060277395, 22.847086060348566 ], [ -104.987464249774348, 22.846184380345544 ], [ -104.987685909816065, 22.844990520348944 ], [ -104.98780777022354, 22.844119139643517 ], [ -104.988522739758082, 22.842582490405935 ], [ -104.989095260085136, 22.841683319745844 ], [ -104.989181449821089, 22.84094157957378 ], [ -104.98930659989702, 22.840281709852192 ], [ -104.989639570048013, 22.839645980159016 ], [ -104.98965345958824, 22.838860230286013 ], [ -104.989508920121423, 22.838516139584542 ], [ -104.989238179536912, 22.83823691025205 ], [ -104.988803319818246, 22.83758718010063 ], [ -104.988559969945356, 22.836608430030076 ], [ -104.988405229704384, 22.836049320373533 ], [ -104.987748029616412, 22.835360080266252 ], [ -104.98665994040573, 22.834459380229259 ], [ -104.986088480278113, 22.834010020215477 ], [ -104.985429109738249, 22.833877459876391 ], [ -104.984662150480759, 22.833970519934617 ], [ -104.983467290104414, 22.833612310404128 ], [ -104.98237052048151, 22.833002950356274 ], [ -104.981512580348848, 22.832446490409129 ], [ -104.980968110098729, 22.83175774985709 ], [ -104.980244859780925, 22.830577950150129 ], [ -104.980037340398582, 22.829982859540156 ], [ -104.980195830043755, 22.829588720199581 ], [ -104.980014400315582, 22.829005600368291 ], [ -104.979400309559097, 22.8278977699715 ], [ -104.978733740266307, 22.82688894011633 ], [ -104.978276380347282, 22.826201339734602 ], [ -104.977809890395733, 22.825907920228818 ], [ -104.977209370453963, 22.825776000117301 ], [ -104.976325140384461, 22.825748520212162 ], [ -104.975064549646973, 22.825800919662765 ], [ -104.973921540468666, 22.825722110102138 ], [ -104.972892480434865, 22.82535142037425 ], [ -104.971691719780566, 22.824661649799936 ], [ -104.97144151045643, 22.824267819884529 ], [ -104.971555349888348, 22.823711690041055 ], [ -104.971596349544754, 22.823209650330718 ], [ -104.971492199880075, 22.822787579659245 ], [ -104.971385450207109, 22.821777139944295 ], [ -104.971262879978056, 22.821033949597329 ], [ -104.971147800239493, 22.820585770083152 ], [ -104.970761910029836, 22.820268080229226 ], [ -104.969948250479291, 22.81962989041876 ], [ -104.969145749819745, 22.819576290433183 ], [ -104.968494290417851, 22.819677280439041 ], [ -104.967405939576508, 22.819308419852632 ], [ -104.966452569755248, 22.818507400448727 ], [ -104.966049510015637, 22.81771602009886 ], [ -104.965972370436376, 22.817089110333963 ], [ -104.965032689868522, 22.815599719559255 ], [ -104.964394679962624, 22.815176980269477 ], [ -104.962951740084932, 22.815261219873779 ], [ -104.962133720429762, 22.815101509835312 ], [ -104.960865519923203, 22.814171249692812 ], [ -104.95896730987586, 22.813604600386491 ], [ -104.95801614044575, 22.813646399675115 ], [ -104.957066289549729, 22.814232109675835 ], [ -104.955662149622697, 22.815621060443551 ], [ -104.954988019894216, 22.816249600169311 ], [ -104.954394619801519, 22.817427820398766 ], [ -104.953809419592005, 22.818511419625356 ], [ -104.953442749572559, 22.81977337031304 ], [ -104.953248339542384, 22.820494459892544 ], [ -104.952521510281088, 22.821405249573182 ], [ -104.95172074986921, 22.821829739672371 ], [ -104.950012549558721, 22.821774650438204 ], [ -104.948447569699312, 22.82112997028306 ], [ -104.945405000033233, 22.819246510121232 ], [ -104.942122229667277, 22.816607020115768 ], [ -104.941340920327946, 22.816137290138201 ], [ -104.940504860433549, 22.816163280424899 ], [ -104.940059919807766, 22.816977199583107 ], [ -104.939483219556209, 22.818507349901783 ], [ -104.938898229729588, 22.820403620109605 ], [ -104.938508720082638, 22.821306380419948 ], [ -104.938059320169771, 22.822388249704549 ], [ -104.936699950044257, 22.825188219550224 ], [ -104.936024049688783, 22.826504369986058 ], [ -104.934226280069083, 22.82731089024443 ], [ -104.932797850127542, 22.827308739948364 ], [ -104.929754449825168, 22.826428659910501 ], [ -104.929579569616521, 22.826273059794293 ], [ -104.928102519841829, 22.825432229882363 ], [ -104.927822579700447, 22.825088140017321 ], [ -104.927542219964067, 22.824724620427784 ], [ -104.9274319404485, 22.824474349807048 ], [ -104.9271336204378, 22.824247059971935 ], [ -104.926368600092644, 22.823756829552714 ], [ -104.925326630275805, 22.823058309894886 ], [ -104.924903509856151, 22.822872180337001 ], [ -104.924503909730461, 22.822802090080042 ], [ -104.924104719610881, 22.822751420060445 ], [ -104.923449119641987, 22.822472630240323 ], [ -104.922178089748883, 22.821836650249473 ], [ -104.921287880349425, 22.821368170151288 ], [ -104.920188660026383, 22.820923049800424 ], [ -104.919490749544323, 22.820625629638357 ], [ -104.919125800453543, 22.820224880311898 ], [ -104.918389200152944, 22.819780749924242 ], [ -104.918084089595254, 22.819355859861215 ], [ -104.917472180329625, 22.818427820092495 ], [ -104.917303310186242, 22.817791570144863 ], [ -104.917223459967119, 22.817362430215997 ], [ -104.917177510148449, 22.817193650040849 ], [ -104.916774150001217, 22.816783660308381 ], [ -104.915598289559483, 22.815827089890469 ], [ -104.914762320433638, 22.814955459905708 ], [ -104.914155309609782, 22.814375920426055 ], [ -104.913657169678672, 22.814137349711594 ], [ -104.913344019765987, 22.813986660227165 ], [ -104.913100109837984, 22.813782449698177 ], [ -104.912560089937799, 22.812918280001021 ], [ -104.912183770237064, 22.812455569709229 ], [ -104.911951450179771, 22.812209260235992 ], [ -104.911747490100467, 22.811899909939612 ], [ -104.911686049888658, 22.8116661700689 ], [ -104.911652739693622, 22.811431909760437 ], [ -104.911670890275715, 22.810974819654206 ], [ -104.911672399978784, 22.810400600065904 ], [ -104.911693119675348, 22.810060909824585 ], [ -104.911613880329, 22.809657860384593 ], [ -104.911465969931427, 22.809334399571831 ], [ -104.9111499800632, 22.809053249662728 ], [ -104.910492720311794, 22.808621919816879 ], [ -104.910108629603585, 22.80844645034427 ], [ -104.909740049576129, 22.808335939848057 ], [ -104.909345030414343, 22.80830421999482 ], [ -104.909035339892341, 22.80831005011218 ], [ -104.908807520334264, 22.808196890067162 ], [ -104.908449600448819, 22.807929570409684 ], [ -104.90825680001754, 22.807600579862456 ], [ -104.908193349746512, 22.807275519955613 ], [ -104.908171859530441, 22.806936630419546 ], [ -104.908193459694701, 22.806636090073951 ], [ -104.908252140340494, 22.806099940023987 ], [ -104.908312539586802, 22.805642060008793 ], [ -104.908390719522231, 22.805353510123975 ], [ -104.908652480244626, 22.805087580403814 ], [ -104.908996419805916, 22.804715720017132 ], [ -104.909353550404617, 22.804304459548206 ], [ -104.909852050258849, 22.803916630127063 ], [ -104.91032779984576, 22.803777180365067 ], [ -104.910818200194171, 22.803663550261348 ], [ -104.911070139603737, 22.803575600118343 ], [ -104.911277879919382, 22.803415089932731 ], [ -104.911329319955058, 22.803192279832103 ], [ -104.9113238900201, 22.802944449668836 ], [ -104.911265950375878, 22.802227780087467 ], [ -104.911021020313527, 22.801331970196852 ], [ -104.910745279540123, 22.800958710401488 ], [ -104.910487630493876, 22.800767820318384 ], [ -104.91013315040685, 22.800657029565976 ], [ -104.909398889569999, 22.800566450275284 ], [ -104.908439399610955, 22.80048009023896 ], [ -104.907623829586299, 22.800534579977462 ], [ -104.907112689839536, 22.800491379619476 ], [ -104.90660955044666, 22.800305179805864 ], [ -104.906029280215293, 22.80010262955814 ], [ -104.90572876971207, 22.799965970187145 ], [ -104.905600749615658, 22.799817179999703 ], [ -104.905576320299232, 22.799577519817756 ], [ -104.90560122037887, 22.799399169764261 ], [ -104.905750630109324, 22.799209599732922 ], [ -104.905824660426973, 22.799083689853759 ], [ -104.905819019858853, 22.798825879599814 ], [ -104.905752719598198, 22.798426910075058 ], [ -104.905689140322949, 22.7981523803108 ], [ -104.905637660128804, 22.797993259593987 ], [ -104.905643180031078, 22.797806380072274 ], [ -104.905715279707209, 22.797591579923864 ], [ -104.906087970246503, 22.797064829762849 ], [ -104.906597710464041, 22.796237020186926 ], [ -104.907114259664041, 22.795720370292781 ], [ -104.907710279646324, 22.795326719996627 ], [ -104.908310739568051, 22.795137549563599 ], [ -104.908761619935433, 22.795129079550364 ], [ -104.909262740105859, 22.795224420085169 ], [ -104.909637220443244, 22.795335200360682 ], [ -104.909906599609329, 22.795378149841433 ], [ -104.91021605033869, 22.795315579784763 ], [ -104.910397080426918, 22.795194340318385 ], [ -104.910488849671097, 22.795083509608478 ], [ -104.91053228040613, 22.794916849996394 ], [ -104.91054334984176, 22.794776969755222 ], [ -104.910620419765706, 22.794640219777573 ], [ -104.910809319546686, 22.794448999832628 ], [ -104.911064119531233, 22.7942565401917 ], [ -104.911230450371932, 22.794109379675053 ], [ -104.911313579689704, 22.794002020074462 ], [ -104.911563910378831, 22.793604510412283 ], [ -104.911816350152492, 22.793089120350643 ], [ -104.911913170365509, 22.792911079629132 ], [ -104.912164939788028, 22.792791200373632 ], [ -104.912317380406108, 22.792728019997774 ], [ -104.912479600061744, 22.792571449885312 ], [ -104.912789000363617, 22.79207605985237 ], [ -104.913017490463844, 22.791704400309079 ], [ -104.913129770112405, 22.791428150252592 ], [ -104.913267659845303, 22.790970489737486 ], [ -104.913375350382054, 22.790485969937318 ], [ -104.913367379677325, 22.79009489014976 ], [ -104.913326620120785, 22.789854420087558 ], [ -104.913358399697003, 22.789415179740828 ], [ -104.913353880239811, 22.788938280234657 ], [ -104.913126940038097, 22.788259619992985 ], [ -104.912998549967483, 22.788070120141583 ], [ -104.912769279642632, 22.787866109697013 ], [ -104.912589939520331, 22.787781750259125 ], [ -104.912216679669228, 22.787755890242082 ], [ -104.91203371981014, 22.787775780371163 ], [ -104.911874049686347, 22.787778780406892 ], [ -104.911683860116909, 22.787738509970954 ], [ -104.911187489859103, 22.78732868991704 ], [ -104.910655460320598, 22.786806879792703 ], [ -104.910350910243338, 22.78640688989184 ], [ -104.910256689789236, 22.786156460435077 ], [ -104.910195800055007, 22.785806710067391 ], [ -104.910136219946423, 22.785517230387832 ], [ -104.910031139579615, 22.785310860058186 ], [ -104.909813570077858, 22.78510113969098 ], [ -104.909720320492028, 22.784894540217852 ], [ -104.909721919680678, 22.784431400239072 ], [ -104.909829400443286, 22.78393591975356 ], [ -104.910084109779206, 22.783410259886182 ], [ -104.91025517964178, 22.78309768030714 ], [ -104.910298280427128, 22.782904970267381 ], [ -104.910276339786677, 22.7827134896696 ], [ -104.910248970163465, 22.782544030040501 ], [ -104.910245139747673, 22.782368659999232 ], [ -104.910308659539922, 22.782027539800044 ], [ -104.910473909621771, 22.781739320206842 ], [ -104.910705750488148, 22.781521119980656 ], [ -104.910866770450852, 22.781309749857787 ], [ -104.910946199943183, 22.781154739619204 ], [ -104.91125264979064, 22.780268399636245 ], [ -104.911359600163109, 22.780019660348785 ], [ -104.911374569715221, 22.779893279603069 ], [ -104.911365310322594, 22.779739939698025 ], [ -104.911357579605109, 22.77965785024287 ], [ -104.911349649602514, 22.779564779715276 ], [ -104.911353880292324, 22.779487949769582 ], [ -104.91160337021357, 22.778995290164954 ], [ -104.911918910052705, 22.778509940396468 ], [ -104.912104049915527, 22.778320049914242 ], [ -104.912306679897355, 22.778118850448358 ], [ -104.912478200283957, 22.77784697010485 ], [ -104.912613750387251, 22.777553830092515 ], [ -104.913319289759727, 22.775690460245993 ], [ -104.913390400370659, 22.775425949728394 ], [ -104.913417079885079, 22.77529387983941 ], [ -104.913425429632468, 22.775134710023895 ], [ -104.91341618002113, 22.774712710055471 ], [ -104.913458970123173, 22.773951089875759 ], [ -104.913420290181378, 22.773535140029011 ], [ -104.913299650108584, 22.773159089917609 ], [ -104.913194819780443, 22.77296369040495 ], [ -104.913056059872886, 22.772840220088344 ], [ -104.912918620014395, 22.772777000089189 ], [ -104.912811460148859, 22.772746119568698 ], [ -104.912763199514913, 22.77270317016081 ], [ -104.912648219941545, 22.77258471990887 ], [ -104.912318550194627, 22.771903139775439 ], [ -104.912147229990126, 22.771643180102476 ], [ -104.912089089715082, 22.771419489903586 ], [ -104.912005140152587, 22.77109758038063 ], [ -104.911854249544291, 22.77068922993071 ], [ -104.911572320228814, 22.769970820275187 ], [ -104.911507320075259, 22.769738080413571 ], [ -104.911503600053905, 22.769568169620648 ], [ -104.911505449909512, 22.769381719872545 ], [ -104.911512579695085, 22.769167769977624 ], [ -104.91153818030287, 22.768986349558325 ], [ -104.911781940282467, 22.76796197010983 ], [ -104.911955999876355, 22.767243829710406 ], [ -104.912324749590084, 22.76625548028451 ], [ -104.912378769759556, 22.765994419691701 ], [ -104.912379629635765, 22.765764120217611 ], [ -104.912391249789422, 22.765484290413209 ], [ -104.912348820154833, 22.765167090362713 ], [ -104.912308889554183, 22.764964979879558 ], [ -104.912241710121563, 22.764867549853335 ], [ -104.912161830106982, 22.764731979817071 ], [ -104.912109890419998, 22.764521950168362 ], [ -104.91211860027434, 22.764379229717939 ], [ -104.912308230132311, 22.76385480023659 ], [ -104.912384750424465, 22.763568259802849 ], [ -104.912425570395456, 22.763271429657109 ], [ -104.9125253995132, 22.762967979731691 ], [ -104.912638479834399, 22.762730109972779 ], [ -104.912766150214509, 22.762618050382351 ], [ -104.913604779660304, 22.761711660113786 ], [ -104.913818139718487, 22.761423889791281 ], [ -104.913928060122444, 22.761273849911692 ], [ -104.914128709515595, 22.760893399587676 ], [ -104.914249030043891, 22.760551340250657 ], [ -104.914315310435171, 22.760264890145923 ], [ -104.914570280416555, 22.758045259904495 ], [ -104.914672250474595, 22.757300170440487 ], [ -104.91464034987149, 22.757044920407449 ], [ -104.914382999607795, 22.756696449747185 ], [ -104.914081169946868, 22.756117349808598 ], [ -104.914058429715382, 22.755679180024249 ], [ -104.914030080116021, 22.754985260145723 ], [ -104.914223460248778, 22.754214079736741 ], [ -104.914425179660753, 22.752620380424577 ], [ -104.914678849733278, 22.752201369985304 ], [ -104.915153429883205, 22.751668539579519 ], [ -104.915306539629071, 22.751458539740774 ], [ -104.915340880040262, 22.751226399697561 ], [ -104.915322660253665, 22.750995279776678 ], [ -104.915341979833542, 22.750599799730416 ], [ -104.915500740073242, 22.75004856971551 ], [ -104.915634310184117, 22.749546520166071 ], [ -104.915667049859152, 22.749241319659788 ], [ -104.915636649818794, 22.748537969881845 ], [ -104.91543248970153, 22.748282970254145 ], [ -104.915249260478916, 22.748054110113259 ], [ -104.914980779627285, 22.747622550175191 ], [ -104.914849649770602, 22.747548630147733 ], [ -104.914458909630468, 22.747514399954806 ], [ -104.914203720300193, 22.747471020431057 ], [ -104.914126309913357, 22.747365340359444 ], [ -104.914001489517446, 22.747207000142957 ], [ -104.913860179882988, 22.747086479794358 ], [ -104.91369704981858, 22.746976459989234 ], [ -104.913079109853058, 22.746095200114517 ], [ -104.912958879917056, 22.745569019768471 ], [ -104.892720449916339, 22.737409250441903 ], [ -104.903802459842069, 22.734095089818688 ], [ -104.90501065992008, 22.733733720328189 ], [ -104.981503780451121, 22.710832479542301 ], [ -105.057302689756582, 22.688094000315523 ], [ -105.062116280124812, 22.683904029759965 ], [ -105.06842251017946, 22.678414149864963 ], [ -105.072368939769078, 22.6564990903405 ], [ -105.056066510330425, 22.638694379895441 ], [ -105.021473709696863, 22.600892510304057 ], [ -105.007552739955997, 22.585671969882494 ], [ -104.987912540410775, 22.498726579597452 ], [ -104.960709650015289, 22.505267109848972 ], [ -104.960525170418649, 22.505311450272782 ], [ -104.862493119766512, 22.607070490228111 ], [ -104.862398090337066, 22.608027910061313 ], [ -104.858492310404827, 22.647367619992426 ], [ -104.858397059650954, 22.648326709819887 ], [ -104.840116430395298, 22.651138570445806 ], [ -104.840069369939044, 22.651109799896375 ], [ -104.840168180311963, 22.650767480093208 ], [ -104.840953379766589, 22.65012991977547 ], [ -104.841115969966822, 22.649870150380512 ], [ -104.841126719574362, 22.649394600220234 ], [ -104.84097837026502, 22.648876570246401 ], [ -104.840718860271593, 22.648533549915701 ], [ -104.840601029846212, 22.647936419625218 ], [ -104.840654139622671, 22.647470519622431 ], [ -104.840802349531714, 22.647030120285805 ], [ -104.840792800457351, 22.646588480162638 ], [ -104.840479660446931, 22.646194770253615 ], [ -104.840025630169933, 22.645861230263076 ], [ -104.838914289702629, 22.645677049619376 ], [ -104.837945679977608, 22.645901280405532 ], [ -104.837174570206642, 22.646030519717637 ], [ -104.836134450269952, 22.645229139698866 ], [ -104.835705579830559, 22.644827819941273 ], [ -104.835347949797224, 22.644317999714751 ], [ -104.834972599992227, 22.64399987987888 ], [ -104.834449020370513, 22.643590539731921 ], [ -104.833714510199599, 22.643146090446809 ], [ -104.832961770332744, 22.642425949987217 ], [ -104.832586479805016, 22.642072350225344 ], [ -104.832243030441688, 22.641764779889229 ], [ -104.832098660481492, 22.641399379643275 ], [ -104.83114523010336, 22.641034710080806 ], [ -104.830435289650922, 22.640755430329964 ], [ -104.82990129005637, 22.640471180261947 ], [ -104.829432570325395, 22.640226460015924 ], [ -104.828993340380961, 22.640233429683231 ], [ -104.828692089596615, 22.640190229850116 ], [ -104.82825414031926, 22.640198259978369 ], [ -104.827949949540383, 22.640223309600309 ], [ -104.827796619563259, 22.640401489660793 ], [ -104.827520399892677, 22.64073830970964 ], [ -104.827177000375528, 22.640857289749263 ], [ -104.826606659702392, 22.640473880433401 ], [ -104.826307540331584, 22.640438489642452 ], [ -104.826007710196834, 22.640369520340816 ], [ -104.825709079742921, 22.640126180375489 ], [ -104.825409230126709, 22.640056290451248 ], [ -104.825150249911687, 22.639934939731486 ], [ -104.825110849715543, 22.639916459855179 ], [ -104.824774569795025, 22.639881750222798 ], [ -104.82447473979127, 22.639812779803183 ], [ -104.823826479724687, 22.640015580243144 ], [ -104.823435080017347, 22.639967889658351 ], [ -104.823207619794417, 22.639840419731847 ], [ -104.822683970389505, 22.639784170437121 ], [ -104.822384480076991, 22.639822550319213 ], [ -104.822043769910636, 22.639671059849544 ], [ -104.821741970074712, 22.639878149868135 ], [ -104.821447000031782, 22.640038060212941 ], [ -104.821272370340495, 22.640194819828107 ], [ -104.821039819923755, 22.640385550442762 ], [ -104.820514450297068, 22.640439020258714 ], [ -104.820213490119215, 22.640455260342353 ], [ -104.819915480135052, 22.640471680260397 ], [ -104.819614799741672, 22.640455230286818 ], [ -104.819009749945991, 22.640431090330132 ], [ -104.818672980106172, 22.640465379682414 ], [ -104.818337429826272, 22.64032621972968 ], [ -104.818003019990584, 22.640240110119549 ], [ -104.817701320017775, 22.640082660098273 ], [ -104.817400749906298, 22.639978279820035 ], [ -104.817065200074651, 22.63983910988868 ], [ -104.816691980317785, 22.639682649725941 ], [ -104.816343249561896, 22.639414769636399 ], [ -104.816148479858782, 22.639155060421171 ], [ -104.815905849745363, 22.638870489703365 ], [ -104.815613579544078, 22.638594320094999 ], [ -104.815383000106678, 22.638318849948181 ], [ -104.815329800346049, 22.638041049608248 ], [ -104.815321580412842, 22.637652630181041 ], [ -104.815229399724458, 22.637209310224016 ], [ -104.815460089951188, 22.636928149605577 ], [ -104.815946030236034, 22.636645080184536 ], [ -104.816472320161239, 22.636090659709257 ], [ -104.816205019965238, 22.635818579975087 ], [ -104.815870940014321, 22.635683830316662 ], [ -104.815678030404413, 22.635511850068355 ], [ -104.815411620023539, 22.635220519772481 ], [ -104.815366849709548, 22.634781450066555 ], [ -104.815349739836961, 22.634532050133995 ], [ -104.815315059842888, 22.634423720038107 ], [ -104.815015719994918, 22.634283889789483 ], [ -104.81467750982263, 22.634249180071148 ], [ -104.814377919566965, 22.634282800120832 ], [ -104.814078089553178, 22.634351819974484 ], [ -104.813779740331071, 22.634351799975917 ], [ -104.813443739815824, 22.634421490124197 ], [ -104.813144150433075, 22.634455089593093 ], [ -104.8128450804126, 22.634559520085524 ], [ -104.812545479850485, 22.634593120405512 ], [ -104.812208740467966, 22.634628309710784 ], [ -104.811908179874791, 22.634662829758341 ], [ -104.811608600393939, 22.634696429685903 ], [ -104.811308770294431, 22.634765459564662 ], [ -104.811048549573599, 22.635042600103077 ], [ -104.811043340034814, 22.635318740371851 ], [ -104.811084650287697, 22.635594029605866 ], [ -104.811102309737365, 22.635870659973119 ], [ -104.811342890123214, 22.636619690196774 ], [ -104.811203280354775, 22.637290799793313 ], [ -104.811071909904513, 22.637853250374629 ], [ -104.810710420408498, 22.638101150179182 ], [ -104.810460310284739, 22.638021660255603 ], [ -104.810181510329016, 22.638263740391224 ], [ -104.809733490101138, 22.638547019767564 ], [ -104.809434619876782, 22.638754030309762 ], [ -104.80900426041994, 22.638737629796534 ], [ -104.80870368025785, 22.638852779820233 ], [ -104.808532679831018, 22.639031399571437 ], [ -104.808093910032824, 22.63924060026568 ], [ -104.807971369826049, 22.639550649758071 ], [ -104.807784490241374, 22.639827369648994 ], [ -104.807447000496794, 22.639966060437857 ], [ -104.807148139998404, 22.640035059881583 ], [ -104.806850489733336, 22.640069519713713 ], [ -104.805614949710815, 22.640067449822951 ], [ -104.805315880329445, 22.640033850014969 ], [ -104.804400320469028, 22.639829780158099 ], [ -104.804278319659247, 22.640215919878703 ], [ -104.804020689590914, 22.640341250070168 ], [ -104.803945319709214, 22.640693629706885 ], [ -104.803646090449448, 22.641187380163757 ], [ -104.803249779522488, 22.641467889576457 ], [ -104.80308605956948, 22.641809569893265 ], [ -104.803021200317943, 22.641848880422842 ], [ -104.80295605970548, 22.642126109571134 ], [ -104.802772659570678, 22.642405479679351 ], [ -104.802745060486544, 22.642818650212138 ], [ -104.802884449644878, 22.643257910017741 ], [ -104.803079549594401, 22.643534029733562 ], [ -104.803239849820088, 22.643810799740418 ], [ -104.803293429537149, 22.644108570255678 ], [ -104.803868819811882, 22.644400509836192 ], [ -104.80428869038748, 22.644675280000804 ], [ -104.804609710171121, 22.644913709851981 ], [ -104.804803380136107, 22.64519168956976 ], [ -104.804909000046464, 22.64545310975457 ], [ -104.805131479548237, 22.645843980293687 ], [ -104.805096600419745, 22.646403399911591 ], [ -104.80516384969323, 22.646837769662138 ], [ -104.805291970141127, 22.647115110304561 ], [ -104.80529001985515, 22.647393910120435 ], [ -104.805121110408948, 22.647672110222988 ], [ -104.804783059714836, 22.647911620433192 ], [ -104.804516820356611, 22.648189769820149 ], [ -104.804392080317299, 22.648466260190315 ], [ -104.804255950353038, 22.648743859783991 ], [ -104.80413283011795, 22.648746089932136 ], [ -104.803830509877315, 22.648698720147095 ], [ -104.803536340166076, 22.648758740253182 ], [ -104.803235019930213, 22.648758749586612 ], [ -104.802936349609737, 22.648837720041726 ], [ -104.802636710442272, 22.648917620062601 ], [ -104.80233830967731, 22.648916680267941 ], [ -104.802017549715728, 22.648876180151856 ], [ -104.80171748994934, 22.648796280360738 ], [ -104.801418170084105, 22.648658229765442 ], [ -104.801117660047069, 22.648557450418298 ], [ -104.800797769753686, 22.648557799863813 ], [ -104.800493310455721, 22.64840816973274 ], [ -104.800194819823432, 22.648402620090124 ], [ -104.799896780321902, 22.648418979790698 ], [ -104.799554740013605, 22.648436169833516 ], [ -104.799254290090744, 22.648430630267907 ], [ -104.798738059780788, 22.648418030134 ], [ -104.798359249691771, 22.648574739958807 ], [ -104.798060029980689, 22.64853475045313 ], [ -104.797675690490323, 22.648494490243237 ], [ -104.796545820472744, 22.648170820017139 ], [ -104.796095780059289, 22.648169879777747 ], [ -104.795540779821621, 22.648295249677066 ], [ -104.794851200229431, 22.648532910437336 ], [ -104.794343659531478, 22.648681919784394 ], [ -104.793992080422314, 22.648710979995752 ], [ -104.793541830113227, 22.648606520430359 ], [ -104.793116050441469, 22.648456230101583 ], [ -104.79268361981579, 22.648128080058715 ], [ -104.79250631031492, 22.647837079977098 ], [ -104.792267080280297, 22.647531769570183 ], [ -104.792131250367333, 22.647446139895941 ], [ -104.791778400430886, 22.647414379962349 ], [ -104.791160180462029, 22.647557220139216 ], [ -104.790784170367886, 22.647586709921271 ], [ -104.79031076987647, 22.647637939897681 ], [ -104.789714280050433, 22.647790350153009 ], [ -104.789216619824472, 22.647943719773728 ], [ -104.788918860250988, 22.647973620135485 ], [ -104.78863028983605, 22.647881659701291 ], [ -104.788434539829979, 22.647737180095771 ], [ -104.787417849655128, 22.647070880167643 ], [ -104.786691520225602, 22.64672258026798 ], [ -104.786327180373846, 22.646609289693284 ], [ -104.785929690373237, 22.646547460309638 ], [ -104.785709820129455, 22.646465150234981 ], [ -104.78548756989187, 22.646362919708302 ], [ -104.784412489811842, 22.645803890184883 ], [ -104.784070519669143, 22.64549677982534 ], [ -104.783928200201728, 22.645240550329767 ], [ -104.783661309888004, 22.644865819962504 ], [ -104.783527979955608, 22.644650279547292 ], [ -104.783046719811082, 22.644348419781817 ], [ -104.781953600265282, 22.643907719952161 ], [ -104.781192260237631, 22.643521510377251 ], [ -104.78038538008613, 22.643389449764303 ], [ -104.779823820407572, 22.643339830403065 ], [ -104.779404659668174, 22.643177229917935 ], [ -104.779187249733624, 22.642931450259574 ], [ -104.779072419718929, 22.642585739742653 ], [ -104.77887554020559, 22.642058080395401 ], [ -104.77880199970366, 22.641721619913323 ], [ -104.778808950483452, 22.6414454503618 ], [ -104.77876825993674, 22.641277279743584 ], [ -104.778661830083948, 22.6411929403491 ], [ -104.778365949787798, 22.641077490304735 ], [ -104.778010580423938, 22.640924059656321 ], [ -104.777840259713358, 22.640730999795888 ], [ -104.777642169791875, 22.640285979752885 ], [ -104.777617119934007, 22.640023109923682 ], [ -104.777833029536936, 22.639681450143282 ], [ -104.778250320099332, 22.639427880435118 ], [ -104.778576180417915, 22.63940565995259 ], [ -104.778707890456559, 22.63926344998384 ], [ -104.778803779589865, 22.639088289881691 ], [ -104.778888340377975, 22.638688149592074 ], [ -104.778985379859762, 22.638240550044838 ], [ -104.778790090219047, 22.637574110214903 ], [ -104.778928259519944, 22.637180710307636 ], [ -104.778792000244934, 22.636861919870121 ], [ -104.778156769568753, 22.636679120239769 ], [ -104.777664170229215, 22.636652570442308 ], [ -104.77733105962966, 22.636627690175402 ], [ -104.77697387990051, 22.636479740012774 ], [ -104.776760109524503, 22.636220259809051 ], [ -104.776749550260945, 22.635948950063369 ], [ -104.77673297996644, 22.635154719607485 ], [ -104.776629109735453, 22.634723459908166 ], [ -104.776283820358998, 22.634254769786377 ], [ -104.775753630346969, 22.633785770227565 ], [ -104.775207909587493, 22.63341511040937 ], [ -104.774570029903416, 22.633081509820116 ], [ -104.774212460118306, 22.632820969712846 ], [ -104.774094319775173, 22.632549779555987 ], [ -104.774106080049663, 22.632316199867724 ], [ -104.77427967965852, 22.632057020379854 ], [ -104.774507779774453, 22.631737850055764 ], [ -104.775383820117398, 22.631201800085989 ], [ -104.775745509673371, 22.630956490237349 ], [ -104.775944860223248, 22.630759510011632 ], [ -104.776144340391795, 22.630475340217263 ], [ -104.776131120122969, 22.63021678000435 ], [ -104.77603872016185, 22.629772600000496 ], [ -104.775853659665245, 22.629340979588111 ], [ -104.775854200222668, 22.62889785986679 ], [ -104.775749290238082, 22.628088879547938 ], [ -104.775749049776906, 22.627607629554774 ], [ -104.775829480186133, 22.627337400118677 ], [ -104.776043369677978, 22.627040260114487 ], [ -104.776402120318949, 22.626560739608319 ], [ -104.776683220375673, 22.625969109806427 ], [ -104.776896979775884, 22.625525770454612 ], [ -104.777056350271224, 22.625194199691791 ], [ -104.777110910367426, 22.62499617971795 ], [ -104.777030250242291, 22.624786970342281 ], [ -104.776619720286732, 22.623862710348313 ], [ -104.776140460318132, 22.623159429854599 ], [ -104.776036229810487, 22.622851679701117 ], [ -104.776023460288144, 22.622567689685297 ], [ -104.776116279964441, 22.622234580144362 ], [ -104.776275369922899, 22.62189031025812 ], [ -104.77637020032823, 22.621371939809286 ], [ -104.776438149741068, 22.62111284994014 ], [ -104.776491710404159, 22.620866710163273 ], [ -104.776623380301899, 22.620755380232655 ], [ -104.776836110344092, 22.620497309714978 ], [ -104.776996650230586, 22.620128489981802 ], [ -104.776998279749876, 22.619831539796309 ], [ -104.77686477031753, 22.619198319997626 ], [ -104.776680280328975, 22.618559660438741 ], [ -104.776531600230456, 22.618230910034082 ], [ -104.775581149521926, 22.617222020101298 ], [ -104.775688479625913, 22.616493570251439 ], [ -104.775822080448023, 22.616158060246843 ], [ -104.776073689972961, 22.615736620312376 ], [ -104.776371449806192, 22.615475199857965 ], [ -104.776380220418787, 22.61519264996382 ], [ -104.776194539946474, 22.614261630383218 ], [ -104.776068349936878, 22.613932460191357 ], [ -104.775882050319296, 22.613440030400273 ], [ -104.775893679970991, 22.612965829638533 ], [ -104.775951769703809, 22.612703279912861 ], [ -104.775953250257118, 22.612539799743686 ], [ -104.776109850203099, 22.612310889715978 ], [ -104.776375540171188, 22.611919290081143 ], [ -104.776416969721581, 22.611655229975238 ], [ -104.776319049942501, 22.611180279828083 ], [ -104.776271219528908, 22.610669020004465 ], [ -104.776181339845337, 22.610345550015417 ], [ -104.776183199733254, 22.610200229928708 ], [ -104.776227310247847, 22.6100641395949 ], [ -104.776418449676726, 22.609756520153685 ], [ -104.776599369747103, 22.609380979626486 ], [ -104.776730179941509, 22.609088060156417 ], [ -104.776836550195483, 22.608702049827556 ], [ -104.776992059696752, 22.60818623009467 ], [ -104.777195489925802, 22.607858400377157 ], [ -104.777260890250844, 22.607711939591017 ], [ -104.777386089752412, 22.607618890369121 ], [ -104.777560819611239, 22.60764933967322 ], [ -104.777718519972666, 22.60770825016133 ], [ -104.777857919581308, 22.607733890010561 ], [ -104.77801084968624, 22.60765668959851 ], [ -104.778091019891235, 22.607515400040445 ], [ -104.778236179590905, 22.60734845019736 ], [ -104.778519969965814, 22.607121779926246 ], [ -104.778645000377566, 22.606880720190915 ], [ -104.778683920457496, 22.606636680353454 ], [ -104.778711509968431, 22.606459110162625 ], [ -104.778656829765879, 22.606275770419465 ], [ -104.778571739709861, 22.606087519613837 ], [ -104.778425480332828, 22.605874050094048 ], [ -104.778302090091344, 22.605679220326547 ], [ -104.778184169943486, 22.60541801993703 ], [ -104.778146799647217, 22.60526705029935 ], [ -104.778184199588765, 22.60509111983114 ], [ -104.778296770039432, 22.604862089780706 ], [ -104.77844922023526, 22.604668659563362 ], [ -104.77859600007416, 22.604439020233624 ], [ -104.778754220000664, 22.604288170304251 ], [ -104.778920180458144, 22.604133539760539 ], [ -104.779401089819544, 22.603981420151559 ], [ -104.779713919784115, 22.603741509986794 ], [ -104.779805480447919, 22.603348510047862 ], [ -104.779679379928695, 22.603023890082675 ], [ -104.779347110079343, 22.602800139801168 ], [ -104.779177689977601, 22.602648829929201 ], [ -104.7786983501978, 22.602314219911285 ], [ -104.778361939733301, 22.602126860316197 ], [ -104.778053229534493, 22.601954449963305 ], [ -104.777843950073503, 22.601767520186147 ], [ -104.777733459935035, 22.601533420406593 ], [ -104.777692719847991, 22.601221780339174 ], [ -104.777761120418461, 22.600843740379773 ], [ -104.777894310322012, 22.60057166004751 ], [ -104.77808062049678, 22.600361280431635 ], [ -104.778265660412927, 22.600183599567316 ], [ -104.778408429769812, 22.59999579990102 ], [ -104.778484229605141, 22.599785579978096 ], [ -104.778519280111198, 22.599590649658374 ], [ -104.778485229591169, 22.599458679949979 ], [ -104.778367720139045, 22.599357280217657 ], [ -104.778209120457575, 22.599349249743376 ], [ -104.778039630144448, 22.599334119945294 ], [ -104.777788950213392, 22.599271449699998 ], [ -104.777435910320591, 22.599083480323273 ], [ -104.77700889016063, 22.598771519626215 ], [ -104.776701940096928, 22.598495569653039 ], [ -104.776528940096355, 22.598265309885569 ], [ -104.776362120407995, 22.598003169845999 ], [ -104.776183679841239, 22.59779389024472 ], [ -104.775958110070718, 22.597621800282134 ], [ -104.775918279918002, 22.597493569712935 ], [ -104.775964619571909, 22.597371059933423 ], [ -104.775959219728875, 22.597205909580129 ], [ -104.775950079636132, 22.59676748986298 ], [ -104.775880089774759, 22.596365580417888 ], [ -104.775808249688907, 22.595733980002485 ], [ -104.775817859745715, 22.595257110051538 ], [ -104.775928890374828, 22.594719370302453 ], [ -104.775897340159233, 22.594472050048935 ], [ -104.775804179535783, 22.594225829925882 ], [ -104.77538292022146, 22.593485199885865 ], [ -104.775070719908612, 22.593050420449142 ], [ -104.774971219715454, 22.592967749612015 ], [ -104.774677909903232, 22.592876780287117 ], [ -104.773996380188152, 22.592785510076624 ], [ -104.7737765702297, 22.592795819821191 ], [ -104.773666280160484, 22.592716059669499 ], [ -104.773588350275972, 22.592452319680856 ], [ -104.773434220096959, 22.592086430058853 ], [ -104.773230420474931, 22.591926649672011 ], [ -104.772910350256964, 22.591912429605372 ], [ -104.772721849899085, 22.592016599937484 ], [ -104.77257268038808, 22.591897599574455 ], [ -104.772716369877202, 22.591190399737076 ], [ -104.772875549522595, 22.590710829586875 ], [ -104.772831920321593, 22.590400149853654 ], [ -104.772746380236612, 22.590142909648986 ], [ -104.772679080094662, 22.58986898029811 ], [ -104.772864920285159, 22.589636830413752 ], [ -104.773733949721517, 22.58920082033557 ], [ -104.774049339704646, 22.5887556602869 ], [ -104.774319740153743, 22.587889089826607 ], [ -104.774394000301228, 22.587322970268058 ], [ -104.774544970069641, 22.586966119754699 ], [ -104.774776780005837, 22.586828490175574 ], [ -104.775055020183132, 22.586571969552161 ], [ -104.775461309859978, 22.586220519860976 ], [ -104.775842820409352, 22.585758749560171 ], [ -104.775963660099436, 22.585457830335077 ], [ -104.775934199676513, 22.585123310199442 ], [ -104.775749800197318, 22.584720740447622 ], [ -104.775630550212881, 22.58448861998987 ], [ -104.775375230049477, 22.584201719746087 ], [ -104.77517641980279, 22.584045490169085 ], [ -104.775088909790824, 22.583975320092527 ], [ -104.774961979997215, 22.583984859758306 ], [ -104.774982479997192, 22.584123430328852 ], [ -104.77495636994739, 22.584184739624067 ], [ -104.774822460169531, 22.584187140435176 ], [ -104.774586290424054, 22.584021579567377 ], [ -104.773984449653966, 22.583622880097394 ], [ -104.773016580228472, 22.582926550386148 ], [ -104.772274999732545, 22.582436830455237 ], [ -104.772088489622618, 22.582261289662803 ], [ -104.771860089859189, 22.582233619781327 ], [ -104.771326520463219, 22.582436600063705 ], [ -104.770647850408736, 22.582479660015878 ], [ -104.770247399943486, 22.582501369973993 ], [ -104.769786539922421, 22.582204540414818 ], [ -104.7692638600668, 22.581849799620599 ], [ -104.769005339651542, 22.581549340028374 ], [ -104.768482510045146, 22.581563249814273 ], [ -104.768158449907801, 22.581690630339107 ], [ -104.767787019581561, 22.581361380023967 ], [ -104.767562710332925, 22.581389829645865 ], [ -104.767337460068347, 22.581137029587527 ], [ -104.767087110259695, 22.580852770291198 ], [ -104.767030520178238, 22.580482399980639 ], [ -104.766988229609026, 22.580235280380542 ], [ -104.766633059818872, 22.579941979702497 ], [ -104.766516139779654, 22.57972614990156 ], [ -104.766505449841432, 22.579353150210014 ], [ -104.766233049834398, 22.578806860071278 ], [ -104.766172050458437, 22.578459279981331 ], [ -104.765934919953878, 22.578011339840813 ], [ -104.765623689573928, 22.577856179596047 ], [ -104.765210380057226, 22.577493119923137 ], [ -104.764760940128994, 22.577273260440908 ], [ -104.764363919977285, 22.576988890011862 ], [ -104.764044230334648, 22.576660460282579 ], [ -104.763740179618225, 22.576238229624408 ], [ -104.763499340440106, 22.575704979755479 ], [ -104.763506739523336, 22.575119180360314 ], [ -104.763336429694405, 22.574591950428072 ], [ -104.763047679577355, 22.573398539778804 ], [ -104.762314779858443, 22.57200422027093 ], [ -104.761936080232829, 22.570809689779523 ], [ -104.761520149968334, 22.570083449579659 ], [ -104.761258169521099, 22.569849319990304 ], [ -104.7609767799173, 22.569811680444335 ], [ -104.760694860244513, 22.569559749769851 ], [ -104.760516019893984, 22.569279649657794 ], [ -104.7601341101998, 22.569156629743649 ], [ -104.759812170114216, 22.568718369722717 ], [ -104.759253570353593, 22.568514060163061 ], [ -104.758315319643472, 22.568058650050855 ], [ -104.757641080116386, 22.567603970270675 ], [ -104.757192400390849, 22.567088059583185 ], [ -104.756267820257435, 22.566583369569152 ], [ -104.755118859989594, 22.566102649892304 ], [ -104.754165920245597, 22.565880850043108 ], [ -104.753239770490637, 22.565535060280233 ], [ -104.752502079758443, 22.565178659616119 ], [ -104.751767620143937, 22.565025579630866 ], [ -104.75123157966982, 22.565107769560559 ], [ -104.750672779735169, 22.565128629881674 ], [ -104.750134050476703, 22.565220850229061 ], [ -104.749866600445685, 22.565147519857071 ], [ -104.749274629810955, 22.564887479551235 ], [ -104.74861711953811, 22.564294449935552 ], [ -104.747700180381983, 22.56382588979368 ], [ -104.747119660220093, 22.563503880028989 ], [ -104.7457308898843, 22.563480459982312 ], [ -104.744307969961739, 22.562747569599164 ], [ -104.742988540381674, 22.562198059939142 ], [ -104.741887750448811, 22.561535689689972 ], [ -104.741125399546249, 22.561307689987181 ], [ -104.740813800178429, 22.561036279549487 ], [ -104.740317249613682, 22.559947310456028 ], [ -104.739099910449497, 22.559320579797166 ], [ -104.738271369619355, 22.55886856995312 ], [ -104.737052999610654, 22.558095660149593 ], [ -104.736067489639339, 22.557949690116921 ], [ -104.735357780389222, 22.55837994989022 ], [ -104.734816279911215, 22.558527550258813 ], [ -104.734179479656035, 22.558461660326461 ], [ -104.733373179764968, 22.558235310221747 ], [ -104.732318979673778, 22.558458279713886 ], [ -104.731753890430255, 22.558551819662014 ], [ -104.730826430435215, 22.558471060311316 ], [ -104.730474940420578, 22.558493620074707 ], [ -104.729755449994599, 22.558590780290775 ], [ -104.729310150238575, 22.558663119624022 ], [ -104.72877605977709, 22.558743400295949 ], [ -104.728188570372268, 22.558937199701795 ], [ -104.727732510416274, 22.559342950093576 ], [ -104.727301649769402, 22.560024310239353 ], [ -104.727116739860591, 22.560399860041372 ], [ -104.726457489613864, 22.560813749994104 ], [ -104.725899259978362, 22.561244030178916 ], [ -104.725230350305466, 22.561520970227932 ], [ -104.725092710220636, 22.561961060020938 ], [ -104.725141340076874, 22.5626648202045 ], [ -104.725145969722973, 22.562987079764067 ], [ -104.724330399725616, 22.563741509594195 ], [ -104.723608629964758, 22.564684950148223 ], [ -104.723335020037567, 22.565408920392017 ], [ -104.723259820153785, 22.56627377020877 ], [ -104.723259340358908, 22.566824030075381 ], [ -104.723230109764529, 22.566972549699976 ], [ -104.722497849539309, 22.567117119886849 ], [ -104.721854449979517, 22.567208369870936 ], [ -104.721485219784356, 22.567463679707458 ], [ -104.720733569833101, 22.567999939801481 ], [ -104.720417620015141, 22.568423180193115 ], [ -104.720207350454402, 22.568802819625979 ], [ -104.719796779955018, 22.569045219855131 ], [ -104.71935926014234, 22.568686090130026 ], [ -104.718838740167101, 22.567134379570575 ], [ -104.718654420144489, 22.566486580176498 ], [ -104.718513199665097, 22.565650969776641 ], [ -104.717802050412104, 22.564818140050427 ], [ -104.717916799544966, 22.564356660442638 ], [ -104.718360580385905, 22.563825830261916 ], [ -104.718623800175095, 22.563406249544769 ], [ -104.718590979532507, 22.562756690090058 ], [ -104.717867629749222, 22.562043020059399 ], [ -104.717350089939927, 22.561737949635557 ], [ -104.717067750233994, 22.561412400006958 ], [ -104.716853280129399, 22.560962169939014 ], [ -104.716724049851351, 22.560282520258891 ], [ -104.716658249743531, 22.559549109929044 ], [ -104.716551909633807, 22.558889050106327 ], [ -104.71618305036759, 22.557963000253306 ], [ -104.715507740116365, 22.556487569984441 ], [ -104.715164369628468, 22.555948799830119 ], [ -104.714509829676686, 22.555971199871305 ], [ -104.714122570225584, 22.556156890392092 ], [ -104.713834719733413, 22.556183739813875 ], [ -104.712860719866697, 22.556360660312084 ], [ -104.712377999885064, 22.556419090114847 ], [ -104.711651890427333, 22.556527180109232 ], [ -104.711051859718623, 22.556585850039113 ], [ -104.710495459655675, 22.556386769824993 ], [ -104.710271020212858, 22.556166429962484 ], [ -104.709876030399371, 22.555828320061337 ], [ -104.709649550098476, 22.555508139712622 ], [ -104.709485289719467, 22.555122400398162 ], [ -104.709175109544773, 22.554771909824243 ], [ -104.708737079879128, 22.554624319758108 ], [ -104.70820850955532, 22.554735290193687 ], [ -104.707785999909575, 22.554870720043088 ], [ -104.707610649902449, 22.554901050064597 ], [ -104.707204710098736, 22.554985340184739 ], [ -104.706763919832767, 22.555423459819316 ], [ -104.706570880425957, 22.555785509846871 ], [ -104.705939489625138, 22.555985449984504 ], [ -104.705299909575572, 22.556022079612056 ], [ -104.705036030424111, 22.555929539924481 ], [ -104.704604630369431, 22.555482180345567 ], [ -104.704298539806217, 22.554995420105421 ], [ -104.703651289692857, 22.554895060024766 ], [ -104.703084719522366, 22.55491678008773 ], [ -104.702687939842065, 22.554970950010013 ], [ -104.70229984956103, 22.555115750296324 ], [ -104.701957679584652, 22.555115380078679 ], [ -104.701702429900109, 22.554966400024707 ], [ -104.701300380390762, 22.555001579539365 ], [ -104.700841339544439, 22.555263859657416 ], [ -104.700497449759652, 22.555564080264332 ], [ -104.700036400190612, 22.555823649998711 ], [ -104.699776970152996, 22.555709249581113 ], [ -104.699291770058863, 22.555886619804685 ], [ -104.698380000086743, 22.556240320045255 ], [ -104.697554320455595, 22.55635645976793 ], [ -104.696717540420096, 22.55655177009864 ], [ -104.696191680289203, 22.55655642044082 ], [ -104.694998460231403, 22.556626280007023 ], [ -104.694557050102219, 22.556793779876365 ], [ -104.694163909716579, 22.556932309763205 ], [ -104.693716740000212, 22.557057249557424 ], [ -104.69329084978574, 22.557267170367858 ], [ -104.692849769566536, 22.557451919842308 ], [ -104.692222629863181, 22.557621749656619 ], [ -104.691784680256006, 22.557719280107648 ], [ -104.691189489641516, 22.557679719913253 ], [ -104.69068288985892, 22.557766629744414 ], [ -104.690163199561667, 22.558173399650521 ], [ -104.689794110303936, 22.558388679768875 ], [ -104.689363579858494, 22.558370749976543 ], [ -104.688683139756094, 22.558466140076938 ], [ -104.688250649536286, 22.558592619736554 ], [ -104.687493309966072, 22.558607620194216 ], [ -104.68678384954211, 22.558185939979108 ], [ -104.685800169576623, 22.557788089738036 ], [ -104.685416029711675, 22.557888289828391 ], [ -104.685018259913164, 22.558039579754027 ], [ -104.684691719888491, 22.558087939811038 ], [ -104.684238970401125, 22.558275599558019 ], [ -104.683463970098515, 22.558530599880353 ], [ -104.682530120120987, 22.558762030446577 ], [ -104.681642090004857, 22.558939079917142 ], [ -104.68095799955897, 22.559096249962494 ], [ -104.680584340473317, 22.559328820183257 ], [ -104.680282120453981, 22.559613739827572 ], [ -104.679763510127657, 22.559833379996423 ], [ -104.679202370151003, 22.560125519700261 ], [ -104.678570860153954, 22.56056505975571 ], [ -104.677748420478494, 22.560892580123941 ], [ -104.677171549589005, 22.561133219786978 ], [ -104.676801910428338, 22.561224980194829 ], [ -104.676416090385104, 22.561242570125557 ], [ -104.675943619813054, 22.561423280349647 ], [ -104.675511690046889, 22.561724950218924 ], [ -104.675203199700036, 22.561941859853519 ], [ -104.674829649791988, 22.562326060002565 ], [ -104.674441620309395, 22.562720509903937 ], [ -104.674159049721652, 22.563254770280388 ], [ -104.67358305963397, 22.563295619947105 ], [ -104.673159890199884, 22.563644350440097 ], [ -104.67288422971113, 22.563889740428682 ], [ -104.672538940214551, 22.564124540144821 ], [ -104.672177940070924, 22.564160749670087 ], [ -104.671935979709716, 22.564039630449649 ], [ -104.671685030305397, 22.564054879873613 ], [ -104.671072310332278, 22.564458649664861 ], [ -104.67050191025352, 22.565022380154545 ], [ -104.669998319755706, 22.565261739743516 ], [ -104.669635460108168, 22.56486393995247 ], [ -104.66938246042551, 22.564436110121811 ], [ -104.669217479536471, 22.564008569818423 ], [ -104.668731280311988, 22.563651949908987 ], [ -104.668182079933345, 22.563175659915487 ], [ -104.667621969617485, 22.562545200365225 ], [ -104.667520310261537, 22.56200941998565 ], [ -104.667522319876142, 22.561475479688834 ], [ -104.66761702973298, 22.561078859758204 ], [ -104.667929779770688, 22.560585849554705 ], [ -104.667854079696482, 22.560223049781474 ], [ -104.667556149710052, 22.559991220195016 ], [ -104.667306709536604, 22.559642309725049 ], [ -104.666870150103961, 22.559322970446903 ], [ -104.666668200303008, 22.558757140221886 ], [ -104.666665479529712, 22.558719050152252 ], [ -104.666622939600899, 22.558205850294474 ], [ -104.666594109778529, 22.557742350247043 ], [ -104.666666089560721, 22.55752864967803 ], [ -104.666767750375612, 22.557235420146629 ], [ -104.666675280076106, 22.556669509742648 ], [ -104.66666499952278, 22.556644259581031 ], [ -104.666519059799612, 22.556190969770491 ], [ -104.666317459580071, 22.555740449863002 ], [ -104.666180140142117, 22.555375979835006 ], [ -104.665948430343974, 22.555033140200205 ], [ -104.665761940016964, 22.554995490154401 ], [ -104.665604089778171, 22.55477756991694 ], [ -104.665531349995206, 22.554464660400878 ], [ -104.665386850180212, 22.554180229823803 ], [ -104.665138689871725, 22.55399201995532 ], [ -104.664959909773927, 22.553753570013232 ], [ -104.664614289645286, 22.553092149881365 ], [ -104.664039140429267, 22.552537309572781 ], [ -104.663674779910892, 22.552160420222869 ], [ -104.663424510086813, 22.551767940045504 ], [ -104.66331050968823, 22.551444830102675 ], [ -104.662924629648373, 22.551212689950933 ], [ -104.662503260475006, 22.551015650445319 ], [ -104.662349830320906, 22.550675079807146 ], [ -104.662574380360965, 22.550416949602599 ], [ -104.66301039981694, 22.550124320418892 ], [ -104.663340510176297, 22.549767230210417 ], [ -104.663602179830775, 22.549507570107622 ], [ -104.663724510376468, 22.549269379947745 ], [ -104.663520880056552, 22.54876532020743 ], [ -104.663198739909291, 22.548543879871033 ], [ -104.663116860275139, 22.548212970075479 ], [ -104.663067660372747, 22.547708060099641 ], [ -104.662744999867854, 22.547362229884772 ], [ -104.662459659816491, 22.54726907962527 ], [ -104.662154020402312, 22.547138150095236 ], [ -104.661902969658016, 22.547147019857686 ], [ -104.661577720240501, 22.54691654991537 ], [ -104.661250569878689, 22.547030249957992 ], [ -104.660971150105922, 22.546988750085017 ], [ -104.660813340276718, 22.546820770366242 ], [ -104.660798570013398, 22.546818429865301 ], [ -104.660627030105601, 22.546791289656642 ], [ -104.660015250074636, 22.546750080276066 ], [ -104.659950979817594, 22.546566859812415 ], [ -104.659691509707571, 22.546202679977291 ], [ -104.659231739761793, 22.546038979845584 ], [ -104.659058279969983, 22.545674230022218 ], [ -104.658993999799549, 22.545147779719805 ], [ -104.658799400248768, 22.544458339614156 ], [ -104.658714279708832, 22.544013060288734 ], [ -104.659020260163516, 22.543426680200689 ], [ -104.659173889779709, 22.542798420019931 ], [ -104.659002079856549, 22.542271109977648 ], [ -104.65841245006429, 22.541967090228656 ], [ -104.657799800109345, 22.541783339665432 ], [ -104.657176849649616, 22.541670569825094 ], [ -104.656495290007214, 22.541315460304915 ], [ -104.656453399876213, 22.540930290374032 ], [ -104.656160619732177, 22.540561229603302 ], [ -104.655857969726171, 22.540334890406143 ], [ -104.655754939948892, 22.540069710144735 ], [ -104.655892539535174, 22.539862139615931 ], [ -104.656293230323158, 22.539613719557071 ], [ -104.656593909538785, 22.539397889706709 ], [ -104.656691950309153, 22.539021199700951 ], [ -104.65662382033149, 22.538691860422119 ], [ -104.656345979599465, 22.538092820259852 ], [ -104.65645188962678, 22.537668780038196 ], [ -104.656512080160923, 22.53725550998125 ], [ -104.656229579868352, 22.537058799880324 ], [ -104.65593871008366, 22.536785049743468 ], [ -104.656092399865088, 22.536404679764896 ], [ -104.656514799792333, 22.536264829998803 ], [ -104.656889619598715, 22.536091310362156 ], [ -104.657146820172983, 22.535754550432518 ], [ -104.657078059536758, 22.535493339573232 ], [ -104.656470179754578, 22.53525228030967 ], [ -104.655957350469038, 22.534680889718526 ], [ -104.655868030401791, 22.534465420267733 ], [ -104.655610340403925, 22.534189280180264 ], [ -104.655611980070276, 22.533879619988973 ], [ -104.655695549602456, 22.533658450352593 ], [ -104.65596687980225, 22.533540279743917 ], [ -104.65634722964181, 22.533498319649439 ], [ -104.656591120032957, 22.533475060113126 ], [ -104.656771519531318, 22.533355739813878 ], [ -104.656791259925996, 22.533218279600451 ], [ -104.656687680448144, 22.533170119612109 ], [ -104.65656566047825, 22.533080519877768 ], [ -104.656532880321521, 22.532906750139052 ], [ -104.656423819969461, 22.532829630174469 ], [ -104.656270050112099, 22.53271513992026 ], [ -104.656240259997745, 22.532446889600394 ], [ -104.656210920269245, 22.532201319689484 ], [ -104.656058379845504, 22.531904309562851 ], [ -104.655999060004945, 22.531624749743692 ], [ -104.656068060387014, 22.531409280438723 ], [ -104.65617546029884, 22.531157740266572 ], [ -104.65632157041388, 22.530985429551119 ], [ -104.656462570175975, 22.530704249612668 ], [ -104.656395509662801, 22.530282280259346 ], [ -104.656290879607624, 22.529936310333696 ], [ -104.65600857031751, 22.529748679776755 ], [ -104.65567559989222, 22.529618199814898 ], [ -104.655297019796038, 22.529257879595352 ], [ -104.655267460223243, 22.52875625999895 ], [ -104.65564173992469, 22.528507399690348 ], [ -104.655758709977462, 22.528148539771042 ], [ -104.655344520091262, 22.527964079600533 ], [ -104.655300479835233, 22.527469969574561 ], [ -104.655332109929063, 22.527193399767576 ], [ -104.655620459513429, 22.526949629669961 ], [ -104.655652549572125, 22.526500539704195 ], [ -104.655401979993101, 22.526040860224342 ], [ -104.654711000168774, 22.525600550189807 ], [ -104.654050650310523, 22.525324079727792 ], [ -104.653787580083232, 22.524874599851351 ], [ -104.653680170476051, 22.524241769544883 ], [ -104.653923339526685, 22.523937030207666 ], [ -104.654307140245095, 22.523824199863334 ], [ -104.654571659923207, 22.523610819969647 ], [ -104.654584199631842, 22.523406289668099 ], [ -104.65416674952067, 22.499999939794758 ], [ -104.654164320401961, 22.499877399869309 ], [ -104.654168540061988, 22.499696629548858 ], [ -104.654113740193978, 22.499545939985097 ], [ -104.653971680162073, 22.499379490089016 ], [ -104.653829859892483, 22.4991285999353 ], [ -104.653721339648968, 22.498977919670022 ], [ -104.653614109888963, 22.498745509657557 ], [ -104.65362898010595, 22.498118740331332 ], [ -104.655272579580711, 22.462568820245014 ], [ -104.655291720302102, 22.462154659956656 ], [ -104.651982030316745, 22.462402030408548 ], [ -104.638359660130106, 22.463419400068659 ], [ -104.602591979537934, 22.46051481993435 ], [ -104.602560600257419, 22.46050807997068 ], [ -104.602715170063149, 22.459896739619658 ], [ -104.602791850422136, 22.459593480301393 ], [ -104.602935819774686, 22.459112540095376 ], [ -104.602951489659986, 22.45876451973081 ], [ -104.602824310315469, 22.458404379882577 ], [ -104.602738450358174, 22.458109829925416 ], [ -104.602638030343044, 22.457869999753424 ], [ -104.602595739958474, 22.457454859754428 ], [ -104.60248193973446, 22.456880220173797 ], [ -104.602312400043758, 22.456451780091903 ], [ -104.602211520371284, 22.45603853997342 ], [ -104.60218376956395, 22.455717580029646 ], [ -104.602126519568301, 22.455437079588023 ], [ -104.602186949663903, 22.455130059849868 ], [ -104.602561600476534, 22.454706080285884 ], [ -104.602763339953114, 22.454531969820646 ], [ -104.602850019852923, 22.454318049641859 ], [ -104.602807940480645, 22.454064520209801 ], [ -104.602765479850632, 22.453890910185969 ], [ -104.602766460327416, 22.453691140272692 ], [ -104.602868049959383, 22.45349057008745 ], [ -104.603027280288515, 22.453290849633511 ], [ -104.603820860406543, 22.452411249761425 ], [ -104.604139549660516, 22.451823859600744 ], [ -104.604298430045304, 22.45135629027229 ], [ -104.604372080285657, 22.450875630161534 ], [ -104.604357879946946, 22.450648879984502 ], [ -104.60415662974269, 22.450447980402217 ], [ -104.603984769996231, 22.450301060435127 ], [ -104.603725420095856, 22.450125659993347 ], [ -104.603640429718723, 22.449925519723809 ], [ -104.603625709615258, 22.449671539902788 ], [ -104.603654690132089, 22.449405019776705 ], [ -104.604119169894091, 22.448780659864809 ], [ -104.604207660102631, 22.448460459739618 ], [ -104.604323519924137, 22.448140720051146 ], [ -104.604784889548739, 22.447607220197657 ], [ -104.605073170397915, 22.447113849876903 ], [ -104.605203519882636, 22.446686719957057 ], [ -104.605219199967422, 22.446339599762247 ], [ -104.605321830457001, 22.445992849847833 ], [ -104.605436999819801, 22.445738479968643 ], [ -104.605438350126207, 22.44545788957938 ], [ -104.605309090341478, 22.445191309615367 ], [ -104.604906249758969, 22.445070090275767 ], [ -104.60458677968731, 22.444967429661627 ], [ -104.604445020170175, 22.444859969604426 ], [ -104.604371939811045, 22.444619679770014 ], [ -104.604345770396506, 22.444379509587844 ], [ -104.604200339963654, 22.44408504998983 ], [ -104.604008860324214, 22.443883980275078 ], [ -104.603828280126535, 22.443789880295462 ], [ -104.603611429852947, 22.443689120270157 ], [ -104.603332689688315, 22.443521309789581 ], [ -104.60306211975751, 22.443320680174395 ], [ -104.602831030175906, 22.443091230375195 ], [ -104.602656400005785, 22.442801800208176 ], [ -104.602519450138061, 22.442540800328437 ], [ -104.602453660285633, 22.442273150234875 ], [ -104.602394509615607, 22.441994489698686 ], [ -104.602316719666746, 22.441762450354421 ], [ -104.602293349970708, 22.441465940130097 ], [ -104.60234306005718, 22.4410102002869 ], [ -104.602385940434829, 22.440805179672584 ], [ -104.602392770193603, 22.440554480440113 ], [ -104.602302779586452, 22.440298119851356 ], [ -104.60217254977519, 22.440131429587005 ], [ -104.602005519756574, 22.439980800069126 ], [ -104.601890029687596, 22.439818419913365 ], [ -104.601700569803228, 22.439469310001407 ], [ -104.601509110008578, 22.439168369931863 ], [ -104.601123109975362, 22.438925029665647 ], [ -104.600738179632174, 22.438616690294609 ], [ -104.600396250161509, 22.438468119711441 ], [ -104.600202459550061, 22.438428180331396 ], [ -104.599889169884833, 22.438390250220916 ], [ -104.599671879680457, 22.438480339621126 ], [ -104.599401449753316, 22.438589829590065 ], [ -104.599098880050647, 22.438688290268701 ], [ -104.598771200008542, 22.438509919630889 ], [ -104.59836362961957, 22.438145429914929 ], [ -104.597910849846315, 22.437715420239126 ], [ -104.597725290087695, 22.437466120057245 ], [ -104.597477619714979, 22.437186090050933 ], [ -104.597281649660047, 22.437003260424923 ], [ -104.597176220089452, 22.436755339852851 ], [ -104.597143179905487, 22.436162999867413 ], [ -104.597095720212437, 22.435732510296297 ], [ -104.59697519986895, 22.435210630156806 ], [ -104.596952429551791, 22.434643539808008 ], [ -104.596954250210516, 22.434235819844691 ], [ -104.597076090101325, 22.43387239959182 ], [ -104.597442880149231, 22.433397710346423 ], [ -104.597614980107068, 22.433057949591245 ], [ -104.597885829997523, 22.432672950127902 ], [ -104.598470769940263, 22.43226722039763 ], [ -104.598766740384349, 22.432017980441984 ], [ -104.598765860172904, 22.431722910237909 ], [ -104.598523219593048, 22.43145005962641 ], [ -104.598229599830916, 22.431267970338052 ], [ -104.597621820358782, 22.43115290980343 ], [ -104.597132139896999, 22.431083970218317 ], [ -104.596768750419599, 22.430629750274239 ], [ -104.596476680403342, 22.430175229793022 ], [ -104.596136919908957, 22.429629819865454 ], [ -104.595844599730484, 22.429062710328949 ], [ -104.595522880056208, 22.428590519645279 ], [ -104.595650950055244, 22.428157090395377 ], [ -104.595502370359412, 22.42763751007249 ], [ -104.595567460000254, 22.427218740309936 ], [ -104.595649780041896, 22.426932249990013 ], [ -104.595640660186945, 22.426714490134955 ], [ -104.595531089818195, 22.426604659687907 ], [ -104.595404109572712, 22.426503280239224 ], [ -104.595206319613723, 22.426376769959884 ], [ -104.594870480086556, 22.426282540396556 ], [ -104.594327279900241, 22.426222679823006 ], [ -104.593939509542395, 22.426120250130761 ], [ -104.593667490322503, 22.425943219997816 ], [ -104.593549650361666, 22.425809000211434 ], [ -104.593470490111926, 22.425606050282738 ], [ -104.593452399952653, 22.425328509669768 ], [ -104.593461479714421, 22.425042339596292 ], [ -104.593534220333453, 22.424765089557173 ], [ -104.593825460472132, 22.424424250114118 ], [ -104.594170890205262, 22.424231399715346 ], [ -104.594364709587197, 22.423943940248783 ], [ -104.594413489760086, 22.423717950119787 ], [ -104.594490139743229, 22.423557770388577 ], [ -104.594472219888232, 22.423282050328048 ], [ -104.59457181987527, 22.423130549719833 ], [ -104.594581569654352, 22.422979659755548 ], [ -104.594555819815568, 22.422810310439164 ], [ -104.5944837095292, 22.422717999631264 ], [ -104.594330680156077, 22.422532619930436 ], [ -104.594167879749406, 22.422296569848552 ], [ -104.594121950288311, 22.422094860217541 ], [ -104.594077820415023, 22.421934889709803 ], [ -104.59392511040646, 22.421765849585078 ], [ -104.593798940185579, 22.421555509779129 ], [ -104.593662030188099, 22.421294489584465 ], [ -104.593446309677077, 22.42099849013432 ], [ -104.593310199929704, 22.420779250116571 ], [ -104.593195740080375, 22.420517850303629 ], [ -104.593097450186477, 22.419983800122203 ], [ -104.593042539724678, 22.419319180001523 ], [ -104.592964339883011, 22.41856234034104 ], [ -104.593051620061203, 22.417971600368215 ], [ -104.593189030139101, 22.417518309600933 ], [ -104.593379219591483, 22.417385480063317 ], [ -104.593353080356366, 22.416725379569097 ], [ -104.59390514028108, 22.41556929033873 ], [ -104.594078620392764, 22.415199550198942 ], [ -104.594095679913494, 22.414972279932719 ], [ -104.594005950222666, 22.414727720222391 ], [ -104.593735970345008, 22.414402680402546 ], [ -104.593456950196895, 22.414115909632027 ], [ -104.593366280402861, 22.413872279757566 ], [ -104.593248710383961, 22.413350350126873 ], [ -104.593187919770401, 22.412986370426669 ], [ -104.59308462960739, 22.412696649866376 ], [ -104.593085980152551, 22.412515029711198 ], [ -104.593257520249139, 22.412397749617771 ], [ -104.5932596903709, 22.412257879540118 ], [ -104.593190180424855, 22.412098339561474 ], [ -104.59308485958681, 22.411954829855475 ], [ -104.592975820224154, 22.411871320354674 ], [ -104.592828450394506, 22.411825680075438 ], [ -104.592724030236241, 22.411829249589751 ], [ -104.592670830003698, 22.41185556975686 ], [ -104.592605449754899, 22.411908420298776 ], [ -104.592513999869766, 22.411976230169582 ], [ -104.592363719846787, 22.412032339957886 ], [ -104.591941079998918, 22.412142030036502 ], [ -104.591593889690529, 22.412215970152833 ], [ -104.591395720250858, 22.412219289907238 ], [ -104.591204769898496, 22.412192539679367 ], [ -104.591123889603011, 22.412151230320944 ], [ -104.590980660295116, 22.412067380398693 ], [ -104.590737059607463, 22.411994289711664 ], [ -104.590529319969122, 22.41195691960387 ], [ -104.590448680473827, 22.411978250243994 ], [ -104.5899815096938, 22.412058739862488 ], [ -104.589692980169986, 22.412136219547676 ], [ -104.589442090258913, 22.412388310143854 ], [ -104.588908030346857, 22.41260999996825 ], [ -104.588469690203908, 22.412654399574514 ], [ -104.588203369575425, 22.412366430461056 ], [ -104.587988230405841, 22.412099459643564 ], [ -104.587845220447363, 22.411774979749509 ], [ -104.587677140058403, 22.411417350077613 ], [ -104.587464080162647, 22.411005079735521 ], [ -104.587200510095428, 22.410757979613031 ], [ -104.58699204977934, 22.410482740171929 ], [ -104.586800450448763, 22.410169980104659 ], [ -104.586729169685043, 22.409868819615042 ], [ -104.586777889746884, 22.409611950114691 ], [ -104.586768050124533, 22.409356080047214 ], [ -104.586718479546846, 22.408965570116479 ], [ -104.586648520156359, 22.408630799985076 ], [ -104.58652885989747, 22.408352250306965 ], [ -104.586505219670286, 22.408039379838616 ], [ -104.586519349829743, 22.40776131029024 ], [ -104.586700659766663, 22.407392370435115 ], [ -104.586780249826518, 22.40721669037158 ], [ -104.586822429911692, 22.407126109572935 ], [ -104.586910080000166, 22.406761449784494 ], [ -104.586814829826764, 22.406482480122417 ], [ -104.586610539809428, 22.406270720125264 ], [ -104.586382120139206, 22.406224619984236 ], [ -104.586021479814491, 22.406257890194816 ], [ -104.585590710275056, 22.406301450367391 ], [ -104.585407940193036, 22.406342649907433 ], [ -104.58515808976189, 22.406400400011055 ], [ -104.58484558003795, 22.406398369743361 ], [ -104.584543949837482, 22.406353490251565 ], [ -104.583992570295322, 22.406219259712238 ], [ -104.583776860322885, 22.40607306008787 ], [ -104.583599460053108, 22.405838150186444 ], [ -104.583383889838245, 22.405446800358195 ], [ -104.58332492010075, 22.405023769593246 ], [ -104.583385059567831, 22.404599649869173 ], [ -104.583566849684502, 22.4040536298555 ], [ -104.58356903039649, 22.403763049568092 ], [ -104.583496579806578, 22.403551800069362 ], [ -104.583425860002734, 22.403328719813672 ], [ -104.583145890200186, 22.402738689834344 ], [ -104.582536080269861, 22.401855459739387 ], [ -104.582321179751943, 22.40149860041004 ], [ -104.582300120318763, 22.401403690189209 ], [ -104.582185319886861, 22.4008861798239 ], [ -104.582074290235809, 22.400447680111554 ], [ -104.581671079588062, 22.399945969908792 ], [ -104.581244350312787, 22.399591740029702 ], [ -104.580953969595768, 22.399319679755781 ], [ -104.580438419708173, 22.39906771015044 ], [ -104.580125630029031, 22.398899520447472 ], [ -104.57983231992938, 22.398627509900901 ], [ -104.579587450460494, 22.398335600434113 ], [ -104.579318540374601, 22.398063169947047 ], [ -104.578936459527128, 22.397896139555453 ], [ -104.578667619844452, 22.397728120007468 ], [ -104.578310830125119, 22.397455340435634 ], [ -104.577883220143747, 22.397205539613232 ], [ -104.577482139558796, 22.397015219884977 ], [ -104.577098849646049, 22.396785550306209 ], [ -104.576675380453651, 22.396346819635518 ], [ -104.576091720384952, 22.395802709852148 ], [ -104.575645050105919, 22.395425180433456 ], [ -104.57524883009178, 22.395132180409984 ], [ -104.574804309697882, 22.394866310449579 ], [ -104.574589400090289, 22.394760030398306 ], [ -104.574373050395337, 22.394780889874188 ], [ -104.574166489988443, 22.394854250239309 ], [ -104.57397222039134, 22.394906520207179 ], [ -104.573838030018422, 22.394885150145377 ], [ -104.57371082044763, 22.394769249807002 ], [ -104.573417659797741, 22.394503570035301 ], [ -104.573052889737923, 22.394322619898229 ], [ -104.572656480294711, 22.394120400189465 ], [ -104.572256049957375, 22.394013579946893 ], [ -104.571868920142435, 22.393938320101455 ], [ -104.571493820059246, 22.393979979551709 ], [ -104.571209519834014, 22.39402195010608 ], [ -104.570799199753054, 22.394009720039648 ], [ -104.570097689732322, 22.394087689703287 ], [ -104.569448709511434, 22.394256489708173 ], [ -104.568924690033995, 22.394424119698261 ], [ -104.568593920485142, 22.394486830136646 ], [ -104.568207910288208, 22.394570450441396 ], [ -104.567626620183887, 22.394705419686499 ], [ -104.567147029669144, 22.394746999565022 ], [ -104.566838950435553, 22.394872880425378 ], [ -104.56668597982906, 22.394915710073342 ], [ -104.566463110200999, 22.394978109985828 ], [ -104.566042119649921, 22.395071370262311 ], [ -104.565634029934557, 22.395277000283265 ], [ -104.565260420268203, 22.395142480431552 ], [ -104.564947939875736, 22.395039629620015 ], [ -104.5644956203475, 22.395127969850407 ], [ -104.564074749513111, 22.395177629652959 ], [ -104.563563169836343, 22.394976399976631 ], [ -104.562519979674576, 22.39495650960183 ], [ -104.561853369816475, 22.394919460296027 ], [ -104.56136638023888, 22.39488124987259 ], [ -104.560879140060194, 22.394778570430944 ], [ -104.560628179974856, 22.394573910105048 ], [ -104.560309920062991, 22.394373089724716 ], [ -104.559563380269182, 22.393885180027873 ], [ -104.558956690471575, 22.393562030244684 ], [ -104.558715119734046, 22.393438940373706 ], [ -104.558634890082303, 22.393328579586417 ], [ -104.558512219989964, 22.392939289902333 ], [ -104.558485229851939, 22.392296890315489 ], [ -104.558432830305136, 22.391957279722348 ], [ -104.558406489720326, 22.39160179966359 ], [ -104.558273739733508, 22.391451460014522 ], [ -104.55824493950702, 22.39140737961586 ], [ -104.558203320022173, 22.391343680192573 ], [ -104.557986650408566, 22.390838820003257 ], [ -104.557971549530635, 22.390051860455454 ], [ -104.557991199995328, 22.389192600266892 ], [ -104.557993479518061, 22.388547919714139 ], [ -104.557688619927276, 22.387669520361904 ], [ -104.557796090360412, 22.38716473976514 ], [ -104.55786237992703, 22.386904859826871 ], [ -104.557864319847653, 22.38639546036282 ], [ -104.557735970459476, 22.386066200346015 ], [ -104.5573833699017, 22.385753350060874 ], [ -104.556927539995911, 22.385657399884163 ], [ -104.556527080197739, 22.385751200080772 ], [ -104.556311850167759, 22.385880970042361 ], [ -104.556134220478384, 22.386139060300902 ], [ -104.556050509847182, 22.386355629767138 ], [ -104.555918939799241, 22.386622940231497 ], [ -104.555694910012718, 22.386803709997483 ], [ -104.555246949915841, 22.386863779788467 ], [ -104.554696979984342, 22.387052679869981 ], [ -104.554379230285704, 22.387284919937567 ], [ -104.554201309750425, 22.387578429557355 ], [ -104.553502139792911, 22.388032179625871 ], [ -104.553240180465409, 22.388119139703772 ], [ -104.55282272024607, 22.388344880318449 ], [ -104.552280279979328, 22.388467339655762 ], [ -104.552074660328174, 22.388539750390862 ], [ -104.551839569972373, 22.388744710350824 ], [ -104.55165211975293, 22.388908109733741 ], [ -104.551252970424258, 22.388866600225583 ], [ -104.550900819599207, 22.388576430227761 ], [ -104.550648059922409, 22.388249350382889 ], [ -104.5505183800407, 22.388081549826964 ], [ -104.550356890280156, 22.38744866016981 ], [ -104.55034415025014, 22.386884120314292 ], [ -104.550418750091254, 22.386445250273894 ], [ -104.550715749954719, 22.386047179813225 ], [ -104.550954620052877, 22.385621030270666 ], [ -104.550954180423957, 22.385241519840672 ], [ -104.55080660021089, 22.38477363038437 ], [ -104.550704599940474, 22.384443020216018 ], [ -104.550484520343502, 22.38416700015954 ], [ -104.550335459857678, 22.384030549706729 ], [ -104.550292749666781, 22.383686230071348 ], [ -104.550234859582233, 22.383108819862265 ], [ -104.54988355037041, 22.38235194019305 ], [ -104.54954532039703, 22.381869950366699 ], [ -104.549410889931693, 22.381732350204722 ], [ -104.549381180309851, 22.381608460251702 ], [ -104.549382910171687, 22.381443179695562 ], [ -104.549295350083725, 22.381305709769421 ], [ -104.549208979537241, 22.380874050011368 ], [ -104.549175679948519, 22.380050169585068 ], [ -104.549183509981631, 22.379694119906613 ], [ -104.549132920193145, 22.379448000010392 ], [ -104.549117739823004, 22.379317489673141 ], [ -104.549113060466595, 22.379175030442124 ], [ -104.549053799516642, 22.379037089921553 ], [ -104.548951739747352, 22.378805430237886 ], [ -104.548642090265147, 22.378285750314841 ], [ -104.548415339610585, 22.377812819704882 ], [ -104.548189979879368, 22.377361660448791 ], [ -104.548189059757249, 22.377210950283988 ], [ -104.54808711955792, 22.377087339589746 ], [ -104.548027379859676, 22.376923980264873 ], [ -104.548021890424579, 22.376738849626253 ], [ -104.547933750045104, 22.376622279912734 ], [ -104.547860850414793, 22.3764854796426 ], [ -104.547668750084043, 22.376293430381679 ], [ -104.547441720301421, 22.376162800142154 ], [ -104.547132739794321, 22.375932750182798 ], [ -104.546728119707851, 22.375705179994483 ], [ -104.546366110412848, 22.375561349569683 ], [ -104.546064689548558, 22.375471889578474 ], [ -104.545774979965941, 22.375382260163619 ], [ -104.545191449904451, 22.375242079730537 ], [ -104.544641820049904, 22.3750886199199 ], [ -104.544144430280653, 22.374859850204214 ], [ -104.543769219560645, 22.374637250360358 ], [ -104.543241119965515, 22.374231019687858 ], [ -104.542698229554617, 22.373662509905941 ], [ -104.542184000308367, 22.373163450177088 ], [ -104.541844380297633, 22.37275954965585 ], [ -104.541519569624455, 22.372619630172196 ], [ -104.541221829983741, 22.372518309556359 ], [ -104.540435619676543, 22.371987400286965 ], [ -104.539893850440663, 22.371733019662752 ], [ -104.539584719822315, 22.371392179943015 ], [ -104.539396690091877, 22.370848690003534 ], [ -104.539271459732277, 22.37057745997615 ], [ -104.539056969696546, 22.370438449743084 ], [ -104.538852770292451, 22.37022388959543 ], [ -104.538691979904385, 22.369983219898543 ], [ -104.538409650419098, 22.369150720023047 ], [ -104.538126830070226, 22.368242889555187 ], [ -104.537923580219555, 22.367719620284113 ], [ -104.537871509727069, 22.367291019861469 ], [ -104.537776650184298, 22.367025630185459 ], [ -104.537047449846554, 22.366154200354252 ], [ -104.536656629618037, 22.365623119796616 ], [ -104.536303120261124, 22.365256680204233 ], [ -104.536169689960843, 22.365067289771051 ], [ -104.535910849763198, 22.364802799621152 ], [ -104.535682459903995, 22.36459953998574 ], [ -104.535180460171503, 22.364226459605767 ], [ -104.534993180143019, 22.364131480065314 ], [ -104.534571349915808, 22.364022179976786 ], [ -104.534241510121291, 22.36402762005482 ], [ -104.534054849584351, 22.364067909585593 ], [ -104.533827779823639, 22.364087980084491 ], [ -104.533449849967738, 22.364079659754719 ], [ -104.533167149988316, 22.363998060194646 ], [ -104.532884399595133, 22.363861970195437 ], [ -104.532593199736311, 22.36369151993301 ], [ -104.532207120133265, 22.363562570087986 ], [ -104.531954820154951, 22.363487719963391 ], [ -104.53172814012342, 22.363527770451334 ], [ -104.531430349627669, 22.363627979629221 ], [ -104.531238599526034, 22.363708310092537 ], [ -104.531014169959604, 22.363816419888003 ], [ -104.530811079930615, 22.363915980265283 ], [ -104.530518200189704, 22.36391534980319 ], [ -104.530227919668562, 22.363792999668672 ], [ -104.530012350484853, 22.363647630374878 ], [ -104.529852949719171, 22.363478650350658 ], [ -104.529701249768067, 22.363302280208888 ], [ -104.529485349938611, 22.363139660019559 ], [ -104.529316450258648, 22.362983540290855 ], [ -104.529151489672373, 22.362881830147167 ], [ -104.529021769995381, 22.362733229884029 ], [ -104.528780179843892, 22.362502050358923 ], [ -104.52850491968573, 22.362245060301579 ], [ -104.527888510140983, 22.3619119698199 ], [ -104.527635599538897, 22.361701829852215 ], [ -104.527388619829225, 22.361546090222095 ], [ -104.527183630029555, 22.361443220160584 ], [ -104.526958200467192, 22.361395150105874 ], [ -104.526718890305389, 22.361387279752734 ], [ -104.526291539886742, 22.361346149577113 ], [ -104.525933690001011, 22.361263949715635 ], [ -104.525612020377181, 22.361184779988019 ], [ -104.525253649814445, 22.361075340397988 ], [ -104.524972229754169, 22.361009120281931 ], [ -104.524706510173075, 22.361049799812015 ], [ -104.524551020218809, 22.360931580334121 ], [ -104.524270420304532, 22.360804520089108 ], [ -104.523865829634147, 22.360728520279711 ], [ -104.523580060066308, 22.360689630068705 ], [ -104.523394049570996, 22.360660889988829 ], [ -104.523105279865433, 22.360618399861234 ], [ -104.522934549544118, 22.360520420367902 ], [ -104.522825030242956, 22.360406890090001 ], [ -104.522632180014043, 22.36037828008973 ], [ -104.522262550131032, 22.360446969782313 ], [ -104.522138140112219, 22.360475340140599 ], [ -104.521916370157513, 22.360465339552718 ], [ -104.521739689826305, 22.360413749745963 ], [ -104.521568230373575, 22.360380249699777 ], [ -104.521434800441114, 22.360447799792954 ], [ -104.521081950153629, 22.360475349922979 ], [ -104.520658980383189, 22.360563079676282 ], [ -104.520309970161307, 22.360586050014341 ], [ -104.519871029892158, 22.360603200393118 ], [ -104.519166629536528, 22.360623800187362 ], [ -104.518913279680575, 22.360647000203524 ], [ -104.518768619606007, 22.360636649557637 ], [ -104.518658660046242, 22.360603940195023 ], [ -104.51863666003463, 22.360472649568063 ], [ -104.51864288041979, 22.360284599587288 ], [ -104.518684339550248, 22.360154089997373 ], [ -104.518683739538048, 22.360018819805305 ], [ -104.518573150150104, 22.359849020257702 ], [ -104.518374830300715, 22.359529940401231 ], [ -104.518266509707672, 22.359376450332725 ], [ -104.517386320132289, 22.358616340163891 ], [ -104.517222219600782, 22.358454679804069 ], [ -104.517186339943152, 22.358104799893155 ], [ -104.517204199756293, 22.357758579623123 ], [ -104.517100459817499, 22.357330819765377 ], [ -104.517041779948272, 22.357169250365171 ], [ -104.516910919846353, 22.357114179611024 ], [ -104.516729250035809, 22.357056320006933 ], [ -104.516644290220654, 22.35695147957329 ], [ -104.51652353969493, 22.356862650269957 ], [ -104.516297340278612, 22.356772829944617 ], [ -104.515952779664318, 22.356618649737122 ], [ -104.515769619618752, 22.356481819984204 ], [ -104.515620200398914, 22.356219119851406 ], [ -104.515180979531038, 22.355444549554743 ], [ -104.51484516984253, 22.355080489962504 ], [ -104.514482030315406, 22.354612459582277 ], [ -104.514284859870386, 22.354354199821415 ], [ -104.514033680229872, 22.354233000081965 ], [ -104.513868000418839, 22.35414309012523 ], [ -104.513645220296539, 22.354078620150091 ], [ -104.513498030410702, 22.354038350016364 ], [ -104.513304950146448, 22.354047849799411 ], [ -104.51318314044947, 22.353902749776623 ], [ -104.513106280295105, 22.353708800247961 ], [ -104.512864820074938, 22.353482110100991 ], [ -104.512753220043876, 22.35336134977975 ], [ -104.512717660123727, 22.353183979768687 ], [ -104.512605460304314, 22.353031460040544 ], [ -104.512520949911561, 22.352845800138049 ], [ -104.512451309729016, 22.352619939996561 ], [ -104.512418820313314, 22.352449779866205 ], [ -104.512279570122786, 22.352312229750847 ], [ -104.512185339992669, 22.35223205001007 ], [ -104.512062690461448, 22.352095119896486 ], [ -104.511985859879019, 22.351902080125146 ], [ -104.511726019832537, 22.351683860290549 ], [ -104.511429450451743, 22.351485319804819 ], [ -104.511130219575122, 22.351144259893779 ], [ -104.51093385025807, 22.350824230088513 ], [ -104.510789539768496, 22.350572349843482 ], [ -104.510622740321409, 22.350370780073707 ], [ -104.510507949843216, 22.350236460125625 ], [ -104.51041295022587, 22.350011940170162 ], [ -104.510297939625417, 22.349864909691536 ], [ -104.509903049670214, 22.349471830049129 ], [ -104.509609049743432, 22.349045349875244 ], [ -104.509393710023858, 22.348753769902757 ], [ -104.509237750383321, 22.34861012001938 ], [ -104.509122080358807, 22.348427689579392 ], [ -104.509035080020283, 22.348213019788339 ], [ -104.508896289739781, 22.347995550144518 ], [ -104.508685489916218, 22.347685750120878 ], [ -104.508054179599611, 22.347332850158743 ], [ -104.507971940271133, 22.347215229922053 ], [ -104.507848490480228, 22.34713825963604 ], [ -104.507779850262239, 22.347017709676965 ], [ -104.507712020027697, 22.346888059794857 ], [ -104.507632940285788, 22.346731369939388 ], [ -104.507725249595097, 22.346552819851187 ], [ -104.507861150432745, 22.346409880220087 ], [ -104.507891659709017, 22.346215979649557 ], [ -104.507790460321658, 22.34612865997439 ], [ -104.507604250394209, 22.34608719969177 ], [ -104.507398230123258, 22.346031519745097 ], [ -104.507195719548108, 22.345903170406455 ], [ -104.506927819948956, 22.345669650014248 ], [ -104.506708310015043, 22.345415350299852 ], [ -104.506513249738035, 22.345163400211888 ], [ -104.50637734966493, 22.345099319798504 ], [ -104.506220889647395, 22.345083710056638 ], [ -104.506113769664125, 22.345096349581695 ], [ -104.506037169731982, 22.345175679936759 ], [ -104.505855520463825, 22.345377480042121 ], [ -104.50562442995124, 22.3455455698099 ], [ -104.505412000092662, 22.345667949608842 ], [ -104.505182119580326, 22.345745229958148 ], [ -104.504938250220761, 22.345751920258177 ], [ -104.504606849684109, 22.345776369871906 ], [ -104.504298290229684, 22.34587308969725 ], [ -104.504060000199686, 22.345917819851802 ], [ -104.50385878013428, 22.345961940286497 ], [ -104.50360537961771, 22.345981489968754 ], [ -104.503357509602196, 22.345931050358963 ], [ -104.502958220132768, 22.345822220235458 ], [ -104.502725820300981, 22.345816910260986 ], [ -104.502316249987558, 22.3458362801702 ], [ -104.501931450038057, 22.345875199979638 ], [ -104.501662320241678, 22.345941309660446 ], [ -104.501404970072542, 22.346010860419291 ], [ -104.501129999871068, 22.346077060299148 ], [ -104.500840579690887, 22.346101740436374 ], [ -104.500657090265577, 22.346101980419604 ], [ -104.500383079518272, 22.346063749736814 ], [ -104.500148030141233, 22.346124769713544 ], [ -104.499960709887731, 22.346181369930189 ], [ -104.499807449709138, 22.346180229801554 ], [ -104.499626949725453, 22.346184060031838 ], [ -104.499494570276156, 22.346306970364637 ], [ -104.499300999592919, 22.346498950353133 ], [ -104.499130620190897, 22.346677860163915 ], [ -104.499025249547856, 22.346783980157763 ], [ -104.49898195016992, 22.346921779917409 ], [ -104.499032260026368, 22.347002680323083 ], [ -104.499085250417679, 22.347121680027772 ], [ -104.49906274012811, 22.34722281956353 ], [ -104.498517649821039, 22.347927139854974 ], [ -104.497442149663954, 22.349028659601462 ], [ -104.496029950016151, 22.350236400095419 ], [ -104.494829420335961, 22.350759739697221 ], [ -104.494441150419718, 22.350875880262279 ], [ -104.494219510235993, 22.351028370236996 ], [ -104.493856140425876, 22.35117044958108 ], [ -104.493273719649608, 22.351186220170934 ], [ -104.492810060137032, 22.351184629571765 ], [ -104.492420139527027, 22.351107420281163 ], [ -104.492235490342722, 22.350994170303672 ], [ -104.492056460261026, 22.350971650110193 ], [ -104.491796140484666, 22.350987660292972 ], [ -104.491434340482911, 22.35110882033327 ], [ -104.491104779836235, 22.351233080369386 ], [ -104.490613109991031, 22.351299140032932 ], [ -104.490145370092236, 22.351341199583583 ], [ -104.489733880054359, 22.351363279736582 ], [ -104.489451510015016, 22.351295199552194 ], [ -104.489119319580837, 22.351277860212218 ], [ -104.48857363017585, 22.35143194005019 ], [ -104.488181420193584, 22.351492750081263 ], [ -104.487578169536334, 22.351438919941987 ], [ -104.486975520410368, 22.351312460344694 ], [ -104.485964520104446, 22.35090474994232 ], [ -104.485495060071486, 22.350591819646958 ], [ -104.485140049768276, 22.350134490422178 ], [ -104.484805479758222, 22.349727680414158 ], [ -104.484606429654889, 22.349259660251874 ], [ -104.483879980098607, 22.349403030155226 ], [ -104.483690220395246, 22.349433320305657 ], [ -104.483576579909695, 22.349515949917098 ], [ -104.483531079765172, 22.349692830363132 ], [ -104.483451369915741, 22.349972860454002 ], [ -104.483250059972832, 22.350169489838212 ], [ -104.483082519683791, 22.350241180380465 ], [ -104.483069650298248, 22.3503358301679 ], [ -104.482923740239926, 22.350625089574809 ], [ -104.482564649675524, 22.351102089986171 ], [ -104.482252049724195, 22.351246049862141 ], [ -104.481938910390994, 22.351308280126275 ], [ -104.481647230277673, 22.351369279980378 ], [ -104.481413710339993, 22.351409350234277 ], [ -104.481209680300765, 22.351616919679206 ], [ -104.48120899963898, 22.351817779642563 ], [ -104.481207339595699, 22.352312800199655 ], [ -104.481205939972185, 22.352728309766466 ], [ -104.481683520359368, 22.352795970305415 ], [ -104.483665779906133, 22.352839419677249 ], [ -104.484066429918386, 22.352735780049013 ], [ -104.485226830350626, 22.352435650070369 ], [ -104.486490399813988, 22.352777540204528 ], [ -104.487332619631118, 22.353188879631812 ], [ -104.48817399953063, 22.354077780067172 ], [ -104.48882951017292, 22.355205770033141 ], [ -104.489554080485064, 22.356111090127271 ], [ -104.490327940011284, 22.356780460241485 ], [ -104.490985689692621, 22.357504369987474 ], [ -104.49113541981491, 22.357943219892931 ], [ -104.49120008021896, 22.358454279590848 ], [ -104.491257950365863, 22.358911830265619 ], [ -104.491697660472283, 22.359562980413859 ], [ -104.492501829737833, 22.360807490168522 ], [ -104.493197540392501, 22.360845279573432 ], [ -104.493706170382936, 22.360482949671194 ], [ -104.49371944955287, 22.360349480016843 ], [ -104.493744799874122, 22.360094629596592 ], [ -104.494009509887135, 22.359895140032112 ], [ -104.494608109571047, 22.360064320338704 ], [ -104.494990279825771, 22.360532090173471 ], [ -104.495052939961184, 22.361720480107007 ], [ -104.494800580066766, 22.362710599588048 ], [ -104.493822709836266, 22.36347911018396 ], [ -104.492782319707175, 22.363805170011577 ], [ -104.491578549766771, 22.363817080137501 ], [ -104.491035349688616, 22.363822449888861 ], [ -104.490033059968823, 22.364523690417041 ], [ -104.489900249778401, 22.364616600063947 ], [ -104.488918799656091, 22.365379690253636 ], [ -104.488016709857703, 22.367008259632509 ], [ -104.488000799741627, 22.367036979630054 ], [ -104.487860369603027, 22.368905080004968 ], [ -104.488112250346518, 22.369763570253344 ], [ -104.488263050212169, 22.370039340340107 ], [ -104.488482649753465, 22.370440920275318 ], [ -104.488594059565486, 22.370644679938636 ], [ -104.489293249622023, 22.371320709823394 ], [ -104.490121520440781, 22.371763119681383 ], [ -104.490801630386144, 22.372151600433188 ], [ -104.49112308048781, 22.372335179996146 ], [ -104.491231689898953, 22.372279109883507 ], [ -104.491558780044102, 22.372110230414883 ], [ -104.493148719816048, 22.371289279894725 ], [ -104.49356573969186, 22.371692029719146 ], [ -104.49392583024617, 22.371768249987614 ], [ -104.494801200026814, 22.37195350998789 ], [ -104.494883969734502, 22.372041889794151 ], [ -104.495416799737143, 22.372610889601109 ], [ -104.49559938005055, 22.373072569852486 ], [ -104.495772019598249, 22.373509049996894 ], [ -104.495792879574452, 22.373561780222868 ], [ -104.495932659959053, 22.374511049546829 ], [ -104.495858539611973, 22.374916710386067 ], [ -104.495655999538343, 22.375443179760556 ], [ -104.495537280188941, 22.37590908033193 ], [ -104.495389849862775, 22.376324139921863 ], [ -104.494135199902786, 22.376254999929117 ], [ -104.47520317951944, 22.382001510019347 ], [ -104.463627229557417, 22.385513819748692 ], [ -104.460307220067975, 22.386520970167812 ], [ -104.45924499972125, 22.386843179994127 ], [ -104.445215349529619, 22.393085619932645 ], [ -104.431925819792284, 22.39804827994416 ], [ -104.42297538027232, 22.401797909654309 ], [ -104.398760120341706, 22.41138297034016 ], [ -104.397410310471855, 22.411917110412375 ], [ -104.397010480439207, 22.412067550436287 ], [ -104.371512219602721, 22.421658650022195 ], [ -104.351181019813154, 22.410948579636656 ], [ -104.34884291972844, 22.409716650214914 ], [ -104.348890430460713, 22.409684879585051 ], [ -104.351771020179143, 22.407758339611515 ], [ -104.351834369521441, 22.407526690134329 ], [ -104.352101090238634, 22.406551420215177 ], [ -104.352406169942782, 22.405435889928331 ], [ -104.353345379824219, 22.402001479813407 ], [ -104.353533050387355, 22.401315249848601 ], [ -104.352613290290989, 22.395358769736347 ], [ -104.351661279835511, 22.389192829917455 ], [ -104.351566999995185, 22.389030649943603 ], [ -104.350040919869429, 22.386405420051812 ], [ -104.349626919637089, 22.386306780209793 ], [ -104.34954594019986, 22.386287490141804 ], [ -104.349411380303508, 22.386255429993145 ], [ -104.338749599535973, 22.383714879653859 ], [ -104.336048489986368, 22.383071109683833 ], [ -104.331231889924979, 22.381923019700469 ], [ -104.331155519641797, 22.381904819813609 ], [ -104.328165879821057, 22.381192109825829 ], [ -104.328040620099529, 22.381162249619347 ], [ -104.326471690455463, 22.38092451979492 ], [ -104.325315849964795, 22.380749400308897 ], [ -104.293127549834978, 22.365131150312646 ], [ -104.292989260046198, 22.364889580228155 ], [ -104.292873229897353, 22.364686909629381 ], [ -104.29281334035268, 22.364434780094051 ], [ -104.292797119888633, 22.364189579635987 ], [ -104.292805680088364, 22.363988629837042 ], [ -104.292909479945124, 22.363741650022835 ], [ -104.293048289918573, 22.363477479934406 ], [ -104.293076079965871, 22.362998720050573 ], [ -104.292939219805135, 22.362720650143164 ], [ -104.292788169787855, 22.362315749556032 ], [ -104.292457660026088, 22.361948539660997 ], [ -104.292055020358831, 22.361575199756032 ], [ -104.291839619705314, 22.360949540417792 ], [ -104.291807340370553, 22.360467999637812 ], [ -104.291658660243016, 22.360200919748227 ], [ -104.291499540036526, 22.360024969977104 ], [ -104.291265980232524, 22.359708509903481 ], [ -104.290961710387052, 22.359450259595377 ], [ -104.290362799847145, 22.358834399776228 ], [ -104.290092150416712, 22.358589999984815 ], [ -104.289990830279791, 22.358098720333693 ], [ -104.289826690306853, 22.358012979637369 ], [ -104.289675230321336, 22.357830980179692 ], [ -104.289448580194062, 22.357713879796098 ], [ -104.289152060189792, 22.35763032022907 ], [ -104.288498170459036, 22.357547400213097 ], [ -104.287852579838813, 22.357442539574553 ], [ -104.287364179885714, 22.357354830105031 ], [ -104.286868910383475, 22.357361890305395 ], [ -104.286491909623578, 22.356984019904623 ], [ -104.286081349748002, 22.356740539704493 ], [ -104.285740279778523, 22.356366139650746 ], [ -104.285915140330303, 22.356177740387682 ], [ -104.285984079798041, 22.355955349913501 ], [ -104.286266380298031, 22.355540599598918 ], [ -104.286546889963461, 22.355164289615729 ], [ -104.286885780241249, 22.354759919926821 ], [ -104.287232230068028, 22.354603460436405 ], [ -104.287529380367062, 22.3543481795856 ], [ -104.287886169747239, 22.35400152033727 ], [ -104.288086910280413, 22.353831429631004 ], [ -104.28803563005269, 22.353593249585806 ], [ -104.288161489585107, 22.353361970144334 ], [ -104.288270250163905, 22.353099690024184 ], [ -104.288361309816963, 22.352777120406657 ], [ -104.288473580433333, 22.352637279705995 ], [ -104.28867757048549, 22.352528350419536 ], [ -104.288980079515866, 22.352401550163123 ], [ -104.289184090013762, 22.35228651955704 ], [ -104.28927665043993, 22.352146599594146 ], [ -104.289258850362472, 22.351780450374221 ], [ -104.289069739900427, 22.351433539775581 ], [ -104.288850349650886, 22.350854829878809 ], [ -104.288691429917407, 22.350409059968513 ], [ -104.288657109608351, 22.350111200423196 ], [ -104.288749090291745, 22.349869109935707 ], [ -104.288767350434568, 22.349616379882573 ], [ -104.288846619522118, 22.349132289566089 ], [ -104.288962400319235, 22.348845749628161 ], [ -104.289347199719458, 22.348496630285219 ], [ -104.289905599722161, 22.348098979675935 ], [ -104.290373519670823, 22.347787949781267 ], [ -104.291041260140418, 22.346989849958316 ], [ -104.291748750273754, 22.346544829545927 ], [ -104.292215630279699, 22.346038649658333 ], [ -104.29252936960313, 22.345591910421405 ], [ -104.292694019886227, 22.345337969950158 ], [ -104.292714430187004, 22.345098830076498 ], [ -104.292532420180336, 22.344748490240061 ], [ -104.292512779541838, 22.344417459590314 ], [ -104.292563599912839, 22.344315800051234 ], [ -104.292739920377471, 22.343973090052799 ], [ -104.292886050449454, 22.344694539997743 ], [ -104.293123089976717, 22.344971549632682 ], [ -104.293593400185301, 22.34524782955739 ], [ -104.293888919986856, 22.345690139697265 ], [ -104.293924430486086, 22.346166259973014 ], [ -104.294316460208151, 22.346827749605321 ], [ -104.295258000087415, 22.347546430337189 ], [ -104.29632336980751, 22.347917340423574 ], [ -104.297169829723231, 22.348158950287345 ], [ -104.297860259753776, 22.348180429963818 ], [ -104.298378620010126, 22.347811419919253 ], [ -104.298376289669406, 22.346943849997761 ], [ -104.298229939586335, 22.346500490113328 ], [ -104.298147920271248, 22.345399629991423 ], [ -104.297718349990333, 22.344620489884516 ], [ -104.29723153954582, 22.343443580087424 ], [ -104.29706615023234, 22.34285883014218 ], [ -104.29669322991451, 22.341714940269814 ], [ -104.2965511400553, 22.341278579679578 ], [ -104.295691689895378, 22.340152429990521 ], [ -104.295258830361277, 22.339893509971496 ], [ -104.295164749636783, 22.339557369942316 ], [ -104.295176049579283, 22.337933350435367 ], [ -104.295163979598456, 22.337261600298245 ], [ -104.294769259718649, 22.336833710170104 ], [ -104.294292710237002, 22.336492229981896 ], [ -104.294048940107047, 22.336282849676962 ], [ -104.293832169943983, 22.33594284960666 ], [ -104.293367919627201, 22.333240709577485 ], [ -104.293023030371046, 22.330732510335007 ], [ -104.293189229882501, 22.329827910045626 ], [ -104.293234739921886, 22.329522860291739 ], [ -104.293321599724024, 22.329162090103242 ], [ -104.293554580144885, 22.328972229672789 ], [ -104.294158120350829, 22.328683659895599 ], [ -104.294552860287951, 22.328324979644698 ], [ -104.294916719614349, 22.328252999639616 ], [ -104.295517340439247, 22.32821075013327 ], [ -104.29568745002608, 22.328527769827026 ], [ -104.296265109937139, 22.328795090381401 ], [ -104.296738059962507, 22.32885808012464 ], [ -104.297173229730703, 22.328767570224787 ], [ -104.29754998010101, 22.328491219839705 ], [ -104.29804064986628, 22.328124460104522 ], [ -104.29839463015368, 22.327983829710991 ], [ -104.298952020049029, 22.327994179803916 ], [ -104.299211849884088, 22.327924949574061 ], [ -104.299401060274178, 22.327738020135019 ], [ -104.299518230137252, 22.327464250445363 ], [ -104.299542660075005, 22.327266349951561 ], [ -104.299525679626441, 22.327088490361962 ], [ -104.299470429815159, 22.32691445022143 ], [ -104.299407829616584, 22.326725049683606 ], [ -104.299309510168612, 22.326522419719648 ], [ -104.299280420152229, 22.326406939602144 ], [ -104.299290910181711, 22.32623039984183 ], [ -104.299301479720384, 22.32605638019356 ], [ -104.299255969589382, 22.32577484965206 ], [ -104.299106310322713, 22.325620889966352 ], [ -104.299008750289801, 22.325453480353417 ], [ -104.298866319979126, 22.325285820180593 ], [ -104.298722080387506, 22.325126349969572 ], [ -104.298569979901842, 22.324965309946474 ], [ -104.29845202957469, 22.324852229799937 ], [ -104.298390920378324, 22.324780059917163 ], [ -104.298310430320683, 22.324669910220443 ], [ -104.298297649741684, 22.324579620329711 ], [ -104.29831062991444, 22.324464579608321 ], [ -104.298319279538489, 22.324314830175524 ], [ -104.298293420216169, 22.324116880020256 ], [ -104.298146709763245, 22.323854579922482 ], [ -104.29808112024395, 22.323740719755452 ], [ -104.298002059614134, 22.323663539661386 ], [ -104.29792910958075, 22.323563850107984 ], [ -104.297849290475625, 22.323462449814233 ], [ -104.297777169545441, 22.323353659573836 ], [ -104.297650800407922, 22.323269290202418 ], [ -104.297536489800009, 22.323261019749502 ], [ -104.297292350319523, 22.323251029898682 ], [ -104.297131620253879, 22.323267049599671 ], [ -104.297004599897321, 22.323278370382717 ], [ -104.296922680403924, 22.323195150216478 ], [ -104.296832089751405, 22.323033310024758 ], [ -104.296751030242888, 22.322891019606036 ], [ -104.296687490085262, 22.322767429978821 ], [ -104.296600460112202, 22.32263497041852 ], [ -104.296461369837914, 22.322462689819741 ], [ -104.296219340378656, 22.322310979893587 ], [ -104.295995919615919, 22.322200830175344 ], [ -104.295705460252719, 22.322118079980122 ], [ -104.295456739876286, 22.322057230372202 ], [ -104.295235120121859, 22.321950739806649 ], [ -104.295040940344862, 22.321860479766595 ], [ -104.294832980415535, 22.321768479893823 ], [ -104.294585920476408, 22.321638940180126 ], [ -104.294488910082009, 22.321557750203397 ], [ -104.294379779507963, 22.321454969627997 ], [ -104.294263750212338, 22.321323260093692 ], [ -104.294168310187118, 22.321239619689575 ], [ -104.294084890054549, 22.321117980117378 ], [ -104.293976660099901, 22.321029799713198 ], [ -104.293887019537948, 22.320988599687841 ], [ -104.293797050386431, 22.320928509831347 ], [ -104.293664049955751, 22.320878509882334 ], [ -104.293559109887624, 22.320835170400855 ], [ -104.293409799901951, 22.32072159995354 ], [ -104.293196909791575, 22.320546800238954 ], [ -104.293011780207152, 22.320377150070041 ], [ -104.292871459807188, 22.320209820169978 ], [ -104.29273737037191, 22.32003345993224 ], [ -104.29268702957495, 22.319894490286654 ], [ -104.292632979832405, 22.319702479901096 ], [ -104.292628680086153, 22.319596149597253 ], [ -104.292647510090717, 22.31953343024076 ], [ -104.292685969744838, 22.319456519595789 ], [ -104.292729579575109, 22.319388800349522 ], [ -104.292805460471186, 22.319318290395668 ], [ -104.292871249766819, 22.319238659787075 ], [ -104.292942250226474, 22.319172850020269 ], [ -104.293037750404906, 22.319085859925622 ], [ -104.293118260312625, 22.318994459692 ], [ -104.293151120098798, 22.318880630092686 ], [ -104.293122230118968, 22.318790860180727 ], [ -104.293050770080271, 22.318682450336656 ], [ -104.292978690271369, 22.318572549805697 ], [ -104.292881679597883, 22.318440219608359 ], [ -104.292802860474183, 22.318346749959808 ], [ -104.29271263042618, 22.318247889931488 ], [ -104.292648859867739, 22.318139449979295 ], [ -104.292619029561337, 22.318024739893662 ], [ -104.292611170042761, 22.317926979750549 ], [ -104.29263360008413, 22.317791370164628 ], [ -104.292665550414043, 22.31766998039183 ], [ -104.292750089599679, 22.317544950222484 ], [ -104.292985480350652, 22.317193149921835 ], [ -104.293057519648897, 22.317062540279863 ], [ -104.29309942952672, 22.316909019991289 ], [ -104.293128719592602, 22.316795999851852 ], [ -104.293158689779233, 22.31666662981802 ], [ -104.293175629699817, 22.316516569756988 ], [ -104.293211879845373, 22.316354430374783 ], [ -104.293277050007106, 22.316171880177038 ], [ -104.293352649894473, 22.316028199735619 ], [ -104.29346377977113, 22.3159046502054 ], [ -104.293591419810781, 22.315736650280428 ], [ -104.293726180425708, 22.315584519978437 ], [ -104.293928049860469, 22.315338749727545 ], [ -104.29401846019185, 22.315203250399271 ], [ -104.294078020163695, 22.315071399717908 ], [ -104.294195619805109, 22.314919519900947 ], [ -104.294343080229851, 22.314779620322419 ], [ -104.294419550316604, 22.314687680366799 ], [ -104.294500119571708, 22.314549380167694 ], [ -104.294571170434168, 22.314425750107652 ], [ -104.294625179827463, 22.314275149866852 ], [ -104.294641689811115, 22.31413350976316 ], [ -104.294603519853766, 22.313866910137602 ], [ -104.294580749892191, 22.313677490162114 ], [ -104.294523570073849, 22.313430859902304 ], [ -104.294466479896855, 22.313282380358153 ], [ -104.294434549738185, 22.313187049700794 ], [ -104.294366489541005, 22.313106349557387 ], [ -104.294288080419207, 22.312999999566951 ], [ -104.294173460097284, 22.312860079977941 ], [ -104.294081799615043, 22.312750680435137 ], [ -104.294016999835549, 22.312669919819886 ], [ -104.293918950168276, 22.312529749788542 ], [ -104.293846399620506, 22.312395550161078 ], [ -104.293775970039519, 22.312272220282029 ], [ -104.293725580228426, 22.312179450371023 ], [ -104.293638510362044, 22.311938339986 ], [ -104.293623229886279, 22.31178784979738 ], [ -104.293605340077846, 22.311598349913542 ], [ -104.293555140345816, 22.311345800389706 ], [ -104.293533679974772, 22.31123263033848 ], [ -104.29344730994255, 22.311033259982391 ], [ -104.293383339594982, 22.310888050255873 ], [ -104.293331969596565, 22.310737180106297 ], [ -104.293256659896869, 22.310613919953006 ], [ -104.29320068006416, 22.310478570171615 ], [ -104.293144139727062, 22.310311449874682 ], [ -104.293081319570135, 22.310177089779881 ], [ -104.29309071959419, 22.309977260386457 ], [ -104.293073379870293, 22.309796659909711 ], [ -104.293047030447354, 22.309642650126392 ], [ -104.293011710373165, 22.309519660164504 ], [ -104.292934709535416, 22.309454649641555 ], [ -104.292814320337868, 22.309350569648718 ], [ -104.292741750351269, 22.309267829637434 ], [ -104.292730829659291, 22.309184169777819 ], [ -104.292776059671908, 22.309055569925238 ], [ -104.292839029881435, 22.308856120319739 ], [ -104.292831720413403, 22.308706249737352 ], [ -104.29278654013892, 22.308561349571608 ], [ -104.292726980106394, 22.308407850190282 ], [ -104.292677199801673, 22.308271829747678 ], [ -104.292661250266761, 22.308170620278794 ], [ -104.292683029592993, 22.308030969555453 ], [ -104.292680550221704, 22.307886380210821 ], [ -104.292690850244782, 22.307801660208991 ], [ -104.292703080211368, 22.307659580337614 ], [ -104.292686059927746, 22.307523420311767 ], [ -104.29264562966803, 22.307390309578551 ], [ -104.292549179713632, 22.307241679711485 ], [ -104.292428180314843, 22.307074229819044 ], [ -104.292341979762256, 22.306956719581684 ], [ -104.291886619772725, 22.306972679975292 ], [ -104.291485979534826, 22.307142229851213 ], [ -104.290993260152234, 22.307223829606315 ], [ -104.290723310431517, 22.307243280373196 ], [ -104.290229120264272, 22.307243949922004 ], [ -104.289962479911949, 22.30721744967715 ], [ -104.289720179701618, 22.307179150364821 ], [ -104.289498119857853, 22.307125309753335 ], [ -104.289254199764429, 22.306991829929874 ], [ -104.288435799898096, 22.306314579854522 ], [ -104.288329260157766, 22.30614668972672 ], [ -104.288232459743583, 22.305755830264165 ], [ -104.288155709749589, 22.305577950130566 ], [ -104.287989949597943, 22.305466150161056 ], [ -104.287833200181197, 22.305399919708016 ], [ -104.287611319574211, 22.305357509872813 ], [ -104.287376649663045, 22.305284829955561 ], [ -104.287240149526653, 22.305206859572802 ], [ -104.287199319938779, 22.305043089645139 ], [ -104.287213740329278, 22.304900339620275 ], [ -104.287202149784804, 22.304702460367036 ], [ -104.287199940262497, 22.304572980260694 ], [ -104.287052909910287, 22.304358080223643 ], [ -104.286484029677084, 22.303661880084036 ], [ -104.285921770418739, 22.30293303027371 ], [ -104.285564080170531, 22.302850719979887 ], [ -104.285257000401245, 22.302855280129073 ], [ -104.285009599777666, 22.302756120123966 ], [ -104.284835820385368, 22.302652049585475 ], [ -104.28470589045115, 22.30247876961705 ], [ -104.284723570325468, 22.30231472012737 ], [ -104.285003290326955, 22.30191066036269 ], [ -104.284818769902799, 22.301477510178973 ], [ -104.284742659567428, 22.301337719689371 ], [ -104.28472640013824, 22.301105629667845 ], [ -104.284827690051884, 22.30080322961274 ], [ -104.284878309623181, 22.300410170373969 ], [ -104.284927490154445, 22.300001520037355 ], [ -104.284828909540252, 22.299778630256032 ], [ -104.284674829631228, 22.299500489678593 ], [ -104.284603310246041, 22.299381279782697 ], [ -104.284568420119371, 22.299323139560045 ], [ -104.284522890189919, 22.299193350326536 ], [ -104.284478819722679, 22.298967000307552 ], [ -104.284496080257071, 22.298801149551064 ], [ -104.284749749611265, 22.298020200453013 ], [ -104.284825339659037, 22.297448169714986 ], [ -104.284833290040112, 22.297203120098416 ], [ -104.284865909742308, 22.297093520073648 ], [ -104.284877280360575, 22.29707427990601 ], [ -104.284919179934008, 22.297013429666588 ], [ -104.284966489540082, 22.296937369770326 ], [ -104.285005780133957, 22.296865180249849 ], [ -104.285069290122166, 22.296788880113279 ], [ -104.285117050017817, 22.29675018039238 ], [ -104.285193249777706, 22.296692829897161 ], [ -104.285418580316048, 22.296602820109783 ], [ -104.285612289982993, 22.296558510196412 ], [ -104.285767800054174, 22.296489999725807 ], [ -104.285943719650902, 22.29644290994262 ], [ -104.286149580130044, 22.296398400044023 ], [ -104.28638777985843, 22.296349650414509 ], [ -104.286694520030935, 22.29628104969153 ], [ -104.286940250480541, 22.296198259727714 ], [ -104.28713722987689, 22.296108659966329 ], [ -104.287337000397571, 22.29599823008223 ], [ -104.287704719569021, 22.295822089887793 ], [ -104.288113400332293, 22.295623140387775 ], [ -104.288289949950752, 22.295522549876573 ], [ -104.288618980194812, 22.295336779767762 ], [ -104.288766850486496, 22.295217780004233 ], [ -104.288881859685787, 22.295072879742499 ], [ -104.28900831041301, 22.294886369665221 ], [ -104.289096779639394, 22.294716320289577 ], [ -104.289206819901395, 22.294518740340923 ], [ -104.289305510196058, 22.294366540171225 ], [ -104.289396259560803, 22.294225769575252 ], [ -104.289502580215213, 22.294047090193278 ], [ -104.289604860365216, 22.293868459878961 ], [ -104.28971485010571, 22.293667109785577 ], [ -104.289781890338077, 22.293560599902758 ], [ -104.289795629562349, 22.2934172200356 ], [ -104.28966847990479, 22.292853860407327 ], [ -104.289571370146717, 22.292630480057067 ], [ -104.289572879616159, 22.292483489606049 ], [ -104.289607399863883, 22.292369920065337 ], [ -104.289711090021896, 22.292274180082096 ], [ -104.289839080408001, 22.29217807985609 ], [ -104.289873220368364, 22.292041909847704 ], [ -104.289792260081342, 22.291809480257889 ], [ -104.289650860102739, 22.291596799615945 ], [ -104.289512940103876, 22.291350140368024 ], [ -104.289415510025449, 22.291102890377221 ], [ -104.289194369642388, 22.290749419580894 ], [ -104.289067830021125, 22.290457379758699 ], [ -104.289146680062373, 22.290094479871939 ], [ -104.289396090477993, 22.289755380041139 ], [ -104.289530950008441, 22.28958758027407 ], [ -104.28969527988211, 22.289483400086308 ], [ -104.289861910112066, 22.289277449701029 ], [ -104.290066420033853, 22.288958629584766 ], [ -104.290098340048274, 22.28872407973649 ], [ -104.290065220076954, 22.288470419867025 ], [ -104.290011000288715, 22.288243829666378 ], [ -104.289940909628612, 22.287930520273044 ], [ -104.289685879788408, 22.287733680057837 ], [ -104.289238449655073, 22.287640000027256 ], [ -104.289235119603717, 22.287446090094235 ], [ -104.289520710113521, 22.287328149655647 ], [ -104.289805290058084, 22.287150030218548 ], [ -104.290150139776728, 22.286962879678548 ], [ -104.290260619714218, 22.286822139641625 ], [ -104.290205150278908, 22.286717650202611 ], [ -104.290045030415698, 22.286605980108895 ], [ -104.289733029993286, 22.286391780412046 ], [ -104.289339049693638, 22.286095089770203 ], [ -104.288949150026724, 22.285831220201676 ], [ -104.288758480484773, 22.285640030367848 ], [ -104.288910909881309, 22.285456889939166 ], [ -104.289152820041053, 22.28533819991565 ], [ -104.289499379966983, 22.28534292016705 ], [ -104.289887690201795, 22.285514739967191 ], [ -104.290576420282747, 22.284929909914609 ], [ -104.291089540119657, 22.285002860369573 ], [ -104.291374910321537, 22.285149890261131 ], [ -104.291677599761428, 22.285276939560564 ], [ -104.291958020277065, 22.285341829930896 ], [ -104.292243229739967, 22.28527508979608 ], [ -104.292447659978762, 22.285032000187051 ], [ -104.292614420359726, 22.284654619944828 ], [ -104.292787630194312, 22.284206879599513 ], [ -104.292911489918339, 22.283822260393741 ], [ -104.29303745982196, 22.283558969885924 ], [ -104.293262939729217, 22.283247540027762 ], [ -104.293459480347579, 22.283001880044413 ], [ -104.293646279724882, 22.282775029600543 ], [ -104.293793089725284, 22.282558110243688 ], [ -104.293920170162679, 22.282360170130683 ], [ -104.293935740357526, 22.282098539648366 ], [ -104.293964000326469, 22.281407249600104 ], [ -104.294127290072907, 22.281043169624855 ], [ -104.294566569852165, 22.280726380253903 ], [ -104.295197890135626, 22.280495370151616 ], [ -104.295362660424402, 22.279916719945888 ], [ -104.29563950951534, 22.276908460094464 ], [ -104.295986289996677, 22.276538740168547 ], [ -104.296267220102933, 22.276346260165532 ], [ -104.296475149894704, 22.276166890174984 ], [ -104.296710050410468, 22.276051219788251 ], [ -104.297030340476297, 22.275894200163332 ], [ -104.297479650413493, 22.275756229727779 ], [ -104.297743619678727, 22.275817379632421 ], [ -104.297965049550143, 22.275960739916641 ], [ -104.29811614020204, 22.276088850242214 ], [ -104.298321059679211, 22.276289490134722 ], [ -104.298602379906441, 22.276350479660302 ], [ -104.29883511979547, 22.276412119930271 ], [ -104.299146949627328, 22.276263249808071 ], [ -104.299489050081803, 22.276121939592191 ], [ -104.300115769778444, 22.275871319805308 ], [ -104.300182799860082, 22.275513780198377 ], [ -104.300252369690327, 22.275052030268085 ], [ -104.300309220308407, 22.274602490028567 ], [ -104.300378709557179, 22.274136740192457 ], [ -104.300403029709386, 22.273784879874555 ], [ -104.300393260111477, 22.273468540163986 ], [ -104.300316910415205, 22.273285400293421 ], [ -104.300279710154911, 22.273125710054252 ], [ -104.300289029964588, 22.272917249821734 ], [ -104.30045525045675, 22.272749940400118 ], [ -104.30075989010804, 22.272792889821954 ], [ -104.301223880448518, 22.272935319616117 ], [ -104.302838770073379, 22.271726830246106 ], [ -104.303048480121419, 22.27076403000434 ], [ -104.303051519837567, 22.270488889717367 ], [ -104.303172630356116, 22.27015841987485 ], [ -104.303351460329523, 22.269498420371036 ], [ -104.303531109600613, 22.269168890081193 ], [ -104.303828750007824, 22.268893880125365 ], [ -104.304067319718186, 22.26875684955462 ], [ -104.304482520177302, 22.268510950006689 ], [ -104.304780720265143, 22.268098849591254 ], [ -104.304960369850221, 22.267769310407186 ], [ -104.305257549665129, 22.267467979849794 ], [ -104.305645940000133, 22.267082659820613 ], [ -104.305884629597713, 22.266670539954568 ], [ -104.306152089844431, 22.266342419833283 ], [ -104.306421480156985, 22.265957059572983 ], [ -104.306573980244281, 22.265751400220918 ], [ -104.306635549621134, 22.26553168039467 ], [ -104.306666370072094, 22.265339649915717 ], [ -104.306696219817397, 22.265091340177332 ], [ -104.306726029926878, 22.264953800088897 ], [ -104.30696502978634, 22.264954770256164 ], [ -104.307140619974689, 22.264955769884075 ], [ -104.307407459660652, 22.264874600051709 ], [ -104.307588490199493, 22.264626749670867 ], [ -104.307705139821721, 22.264489720008712 ], [ -104.307766150244888, 22.264351719658514 ], [ -104.308168110464479, 22.264187719996794 ], [ -104.308439059653821, 22.264062910042558 ], [ -104.308670710162303, 22.263920520382985 ], [ -104.308865320019507, 22.263724230182689 ], [ -104.309059259929057, 22.263545180013381 ], [ -104.309195950119062, 22.263384259667674 ], [ -104.309388280446242, 22.263224310124784 ], [ -104.309774909869247, 22.263189459552208 ], [ -104.309948539722512, 22.263190489873793 ], [ -104.310043779600093, 22.263226279702337 ], [ -104.3101793398951, 22.263281449720001 ], [ -104.3103982300197, 22.263386969964611 ], [ -104.310614719807006, 22.263356340027464 ], [ -104.310797779941524, 22.263305689784065 ], [ -104.311071689626189, 22.262979890324836 ], [ -104.311204169562927, 22.262769150081116 ], [ -104.311305890325215, 22.262483580370159 ], [ -104.311408879539101, 22.26226988045396 ], [ -104.311533020284998, 22.262004490203644 ], [ -104.311646140219409, 22.261739309709409 ], [ -104.311738429820124, 22.261546259747504 ], [ -104.31184157971613, 22.261342820126288 ], [ -104.311979310293339, 22.261088829573204 ], [ -104.312045979965816, 22.260932139656472 ], [ -104.31214076954933, 22.260748449689405 ], [ -104.312259449685158, 22.260530220297316 ], [ -104.312372860357058, 22.260243690116354 ], [ -104.312435709562749, 22.260102260267089 ], [ -104.312558060121333, 22.259861179891974 ], [ -104.312672119802158, 22.259612630164202 ], [ -104.31289746023117, 22.259165250044717 ], [ -104.313167689741121, 22.258983140098803 ], [ -104.313422680480215, 22.258784949803776 ], [ -104.313620600319027, 22.25838614022835 ], [ -104.313719860148424, 22.258204879869389 ], [ -104.313797049747691, 22.258043019639505 ], [ -104.31393563025577, 22.257879320351378 ], [ -104.314150650123921, 22.257735370027014 ], [ -104.314306479561452, 22.257609549671798 ], [ -104.314600140406867, 22.257501649636882 ], [ -104.314893569679782, 22.257267540129153 ], [ -104.315109890479235, 22.257087249996538 ], [ -104.315284889940671, 22.256942080024999 ], [ -104.315500600336946, 22.256725479603581 ], [ -104.315716539815611, 22.256635079642415 ], [ -104.315952380196961, 22.256455400104585 ], [ -104.316048350172309, 22.25636497002299 ], [ -104.316185290471751, 22.256274849996533 ], [ -104.316449089541834, 22.256301749815851 ], [ -104.316586619969698, 22.256357779600879 ], [ -104.316761200134195, 22.256413280266266 ], [ -104.316995179970093, 22.256575889958338 ], [ -104.317131379639903, 22.256668279991413 ], [ -104.317266910241855, 22.256777910192383 ], [ -104.317461290461509, 22.256850339764128 ], [ -104.317813089977747, 22.256888629631497 ], [ -104.318164549763893, 22.256907849633674 ], [ -104.318412780171599, 22.256719230361224 ], [ -104.31867578027628, 22.256588140238726 ], [ -104.31888485967383, 22.256592460006033 ], [ -104.319061019548599, 22.256552419973794 ], [ -104.319260510261429, 22.256467149861141 ], [ -104.319435879674359, 22.256382249905172 ], [ -104.319562380149137, 22.256260679841763 ], [ -104.319728050315121, 22.256078689862974 ], [ -104.319802690315981, 22.255748490370948 ], [ -104.319934520215185, 22.255469780382032 ], [ -104.32013242970568, 22.25529478019094 ], [ -104.32033956980986, 22.255186970037784 ], [ -104.320555120476726, 22.255101459984928 ], [ -104.320754090068121, 22.254986280308835 ], [ -104.320984420276986, 22.254825750179155 ], [ -104.321117019826019, 22.254591889900265 ], [ -104.321301920400359, 22.25439765957892 ], [ -104.32145202014911, 22.254245829637956 ], [ -104.321610400478022, 22.254108819786637 ], [ -104.321859020040208, 22.254075150265408 ], [ -104.322059019572364, 22.254019779756355 ], [ -104.322234519855186, 22.253942350310204 ], [ -104.322393290222081, 22.253827769910412 ], [ -104.322470820238451, 22.253662059758703 ], [ -104.322521859805704, 22.253362140265232 ], [ -104.322566749617607, 22.25310330991999 ], [ -104.322702079831714, 22.2528792197817 ], [ -104.322849740102043, 22.252793709564372 ], [ -104.322956450231217, 22.252639450047155 ], [ -104.323012549728304, 22.252435060125091 ], [ -104.323073970121754, 22.252249090324415 ], [ -104.323229169799276, 22.252024710116086 ], [ -104.323294819770183, 22.251797049950429 ], [ -104.323321259631697, 22.251602349702864 ], [ -104.323322849897849, 22.251408029666106 ], [ -104.323328980416548, 22.251172919848386 ], [ -104.32339519981501, 22.251020880419262 ], [ -104.323451910268616, 22.250887310423806 ], [ -104.323533279551512, 22.250757939794262 ], [ -104.323614339558603, 22.250610249560573 ], [ -104.323699600068537, 22.250421319756324 ], [ -104.323795169672223, 22.250259690332026 ], [ -104.323905820212303, 22.250116150320803 ], [ -104.324002170360416, 22.250000280070648 ], [ -104.324103459711239, 22.249884319813056 ], [ -104.324267880198235, 22.249721659559089 ], [ -104.324487259958431, 22.249608510421925 ], [ -104.324638180068945, 22.249519259584975 ], [ -104.324827119527527, 22.249351660173559 ], [ -104.324973079516852, 22.249257919827194 ], [ -104.325158089923363, 22.249149859721761 ], [ -104.325364340476568, 22.249128429648295 ], [ -104.325565719899387, 22.249111680443981 ], [ -104.325765429706422, 22.248998820051252 ], [ -104.325851650287447, 22.248864780069301 ], [ -104.325947220087542, 22.24870315022627 ], [ -104.326041599641485, 22.248578119560378 ], [ -104.326159830191315, 22.248423319875613 ], [ -104.326382150160313, 22.24824242033236 ], [ -104.326439089839454, 22.248151679804398 ], [ -104.326497979528042, 22.248060909807467 ], [ -104.326695420124253, 22.24791720012896 ], [ -104.32694900047953, 22.24791790954335 ], [ -104.327163600470044, 22.24791920013206 ], [ -104.327378880014322, 22.247792480245803 ], [ -104.327419340359, 22.247484079617298 ], [ -104.327322579736872, 22.247248580405468 ], [ -104.327167539736479, 22.247138339810505 ], [ -104.327050180454279, 22.24712013967471 ], [ -104.326898550405772, 22.24709337988342 ], [ -104.32676171956868, 22.246965620035926 ], [ -104.326781650260699, 22.246820949637101 ], [ -104.326801199916986, 22.246711719560061 ], [ -104.326861059603758, 22.246620920268665 ], [ -104.326978480095377, 22.246531089998722 ], [ -104.327135550302629, 22.246422489904383 ], [ -104.327290349802041, 22.24635114980963 ], [ -104.327388909751278, 22.246297910306364 ], [ -104.327582689592518, 22.246225080357082 ], [ -104.327682220350781, 22.246171819641347 ], [ -104.327819449957914, 22.24609893957701 ], [ -104.327915399976675, 22.246009420312578 ], [ -104.328093630381645, 22.245883250217133 ], [ -104.328190219675989, 22.245829120273491 ], [ -104.32830861954838, 22.245739279630683 ], [ -104.328502769804004, 22.245575649855901 ], [ -104.328601659567084, 22.245486080281545 ], [ -104.328679419657774, 22.245358709913504 ], [ -104.328739950355597, 22.245195280200033 ], [ -104.328760879929376, 22.244997030001748 ], [ -104.328761950236768, 22.244779119773099 ], [ -104.328703539819429, 22.244505819634149 ], [ -104.328666650437427, 22.244179540339136 ], [ -104.328511370134038, 22.243943999719878 ], [ -104.328355350256331, 22.24383377981237 ], [ -104.328240030411919, 22.243652140007306 ], [ -104.328124380182444, 22.243452319829597 ], [ -104.328027289999653, 22.243197770351639 ], [ -104.328027369772627, 22.243034340303055 ], [ -104.328049279971509, 22.242780709789578 ], [ -104.328324800012254, 22.242473309866728 ], [ -104.328519479827278, 22.24217256977574 ], [ -104.328617059526479, 22.242063950453581 ], [ -104.328694830068883, 22.241882110397697 ], [ -104.328637710079903, 22.241682320162006 ], [ -104.328580600465131, 22.241483450374709 ], [ -104.328521820424527, 22.241356320125703 ], [ -104.328522580383847, 22.241120260395736 ], [ -104.328525249648891, 22.240993110100067 ], [ -104.328544199738218, 22.240794000328631 ], [ -104.328487079639245, 22.240594220094998 ], [ -104.328410769605128, 22.240412879785673 ], [ -104.328351340277692, 22.240248539887983 ], [ -104.328256539703844, 22.239957630131148 ], [ -104.328199119567643, 22.239740599707137 ], [ -104.328198539778228, 22.239595339629744 ], [ -104.328299430396086, 22.239341419845115 ], [ -104.328395749824026, 22.23916020033429 ], [ -104.328514510280058, 22.238979550359463 ], [ -104.32849678035069, 22.238634820259236 ], [ -104.328283339930337, 22.238306659669153 ], [ -104.327952140207685, 22.238160949996647 ], [ -104.327718750094348, 22.238087309845479 ], [ -104.327407380105441, 22.237959460130682 ], [ -104.327116179831435, 22.237758680253737 ], [ -104.327156969706579, 22.23746842990823 ], [ -104.327215549720478, 22.237305029678598 ], [ -104.327334679648203, 22.237033579558805 ], [ -104.327451779897288, 22.236870220231634 ], [ -104.32743380002411, 22.236398369729393 ], [ -104.327338320143809, 22.236235490433437 ], [ -104.327202539992058, 22.235998770257307 ], [ -104.327203050079135, 22.235916139940922 ], [ -104.327166060106123, 22.235752369634778 ], [ -104.327127460185565, 22.235607679579822 ], [ -104.327129169885069, 22.235426079956806 ], [ -104.32708893983451, 22.235244199685301 ], [ -104.327110169999116, 22.23506320036967 ], [ -104.327150259729564, 22.234845620086766 ], [ -104.327112630399284, 22.234645539827309 ], [ -104.327093910433561, 22.234409770323314 ], [ -104.327094659839616, 22.23417369036115 ], [ -104.327058720406512, 22.233901859564032 ], [ -104.327019749815022, 22.233792599618699 ], [ -104.326903799576201, 22.233573739632757 ], [ -104.326747850469317, 22.233410850251264 ], [ -104.326554199679336, 22.23321040018531 ], [ -104.326417079803065, 22.233064489820162 ], [ -104.326361940019041, 22.232810199959999 ], [ -104.326341539675539, 22.232647089696389 ], [ -104.326110220056933, 22.232355510148565 ], [ -104.32599228990442, 22.232192059574686 ], [ -104.325917319678027, 22.231918999555141 ], [ -104.325897570128134, 22.231792199982991 ], [ -104.326014369559061, 22.231611570058568 ], [ -104.326191940464597, 22.23144910998456 ], [ -104.326349369598717, 22.231249710048036 ], [ -104.326465829894104, 22.231105419962809 ], [ -104.326622909746277, 22.230997720160822 ], [ -104.327032549788512, 22.230889850112252 ], [ -104.327326170017358, 22.23078283043882 ], [ -104.327559579608518, 22.230747519869357 ], [ -104.327814150145372, 22.23069374023963 ], [ -104.328029740465581, 22.23058607989428 ], [ -104.328086980012856, 22.230513479810281 ], [ -104.328089690315963, 22.230277380417327 ], [ -104.328127120089974, 22.230186939898356 ], [ -104.328206859899794, 22.230006880261357 ], [ -104.328306079687877, 22.229824710337269 ], [ -104.328363019970595, 22.229733970311898 ], [ -104.328500910288682, 22.229644720277758 ], [ -104.328695950411245, 22.229645399699361 ], [ -104.328852619657624, 22.229682079808715 ], [ -104.329027449678676, 22.229810170303551 ], [ -104.329124280274257, 22.229882249650565 ], [ -104.32920065970211, 22.229956450361069 ], [ -104.329299750134084, 22.230046649792225 ], [ -104.329496880183072, 22.229999179740087 ], [ -104.329652919538717, 22.230000449594073 ], [ -104.329810289753809, 22.229965380450469 ], [ -104.329945859706143, 22.229910679823494 ], [ -104.330122749646932, 22.229820850195392 ], [ -104.330376030433371, 22.22969445021084 ], [ -104.330631949850741, 22.229550749802495 ], [ -104.330904479520925, 22.229353249691318 ], [ -104.33112101976937, 22.229189279931202 ], [ -104.331314859830684, 22.229009290368776 ], [ -104.331552600031458, 22.228774180243629 ], [ -104.331787720253786, 22.228557280116949 ], [ -104.332013769843087, 22.228353280212676 ], [ -104.332102019668824, 22.228058619937737 ], [ -104.332081229529081, 22.227537460028131 ], [ -104.331982170332438, 22.227213050307782 ], [ -104.332060060177653, 22.226994579907881 ], [ -104.332053430472882, 22.226614450330477 ], [ -104.331978480045763, 22.226333119555406 ], [ -104.331811479595729, 22.226129229759017 ], [ -104.331619279945585, 22.225966540391095 ], [ -104.331489860243579, 22.225786879739417 ], [ -104.331749200387591, 22.22551586010351 ], [ -104.331771249803055, 22.225162950204012 ], [ -104.331883229561129, 22.224889659782757 ], [ -104.331905710192942, 22.224592510147811 ], [ -104.331984820085637, 22.224376139578322 ], [ -104.332025519838581, 22.22419484976248 ], [ -104.332104290259025, 22.223958509616232 ], [ -104.332221750272524, 22.223705249616707 ], [ -104.332302820352183, 22.223433460182136 ], [ -104.332323089754425, 22.223198920047079 ], [ -104.332227000465537, 22.222888969612239 ], [ -104.332150060256879, 22.222671320281663 ], [ -104.332131280085591, 22.222544509808156 ], [ -104.332150879588482, 22.222271830026358 ], [ -104.332231250023966, 22.222127169739057 ], [ -104.332327879964197, 22.221965020404244 ], [ -104.332583279873887, 22.221760619894098 ], [ -104.332803649732355, 22.221569920397329 ], [ -104.33307899990541, 22.221326349794257 ], [ -104.333286549550976, 22.221042179620856 ], [ -104.333415650029252, 22.220748779566005 ], [ -104.333422460432004, 22.220498880145172 ], [ -104.333327200440209, 22.220167230198108 ], [ -104.333054649613388, 22.219931979952737 ], [ -104.332860549611254, 22.219705920110844 ], [ -104.332800829960405, 22.219488250163383 ], [ -104.332751320396611, 22.219244890051453 ], [ -104.33288861999506, 22.219010379712529 ], [ -104.333085029922714, 22.21881130973135 ], [ -104.333280119518818, 22.218703949854859 ], [ -104.333593549872447, 22.21850491040205 ], [ -104.333789399528598, 22.218383399678462 ], [ -104.333769889644344, 22.218164739568419 ], [ -104.333695879869452, 22.21796880010756 ], [ -104.333669549881975, 22.217808630206815 ], [ -104.333682170365819, 22.217633280234857 ], [ -104.333710859966033, 22.217479569828178 ], [ -104.333785429920454, 22.217259479695972 ], [ -104.333805380440907, 22.217054819797859 ], [ -104.333896780444903, 22.216900150045156 ], [ -104.333996570223661, 22.216774570128351 ], [ -104.334111619775015, 22.21662685043319 ], [ -104.334234769722201, 22.216493619577463 ], [ -104.334427080367945, 22.2162790296499 ], [ -104.334486370135338, 22.216081080185951 ], [ -104.334289419534841, 22.21591956987789 ], [ -104.334115860102202, 22.215864090342226 ], [ -104.333907430038835, 22.215821859572369 ], [ -104.334199879980019, 22.21565037012024 ], [ -104.334622780014499, 22.215578599884239 ], [ -104.334968739869922, 22.215456230326396 ], [ -104.335339630336037, 22.215309880287517 ], [ -104.335737710121961, 22.21521306039908 ], [ -104.335950920162531, 22.215138999973327 ], [ -104.336217779862992, 22.215065950336101 ], [ -104.336668660096251, 22.214921120113065 ], [ -104.337173340323915, 22.214675579929949 ], [ -104.337463710480151, 22.214553150379945 ], [ -104.33791575027567, 22.214308430259834 ], [ -104.33847409026292, 22.214064800368021 ], [ -104.338980430438497, 22.213746619994506 ], [ -104.339125249868843, 22.213664520243359 ], [ -104.3394583504531, 22.213476970006983 ], [ -104.339638879708247, 22.213348249773659 ], [ -104.339803109571648, 22.213231150171449 ], [ -104.340203249996208, 22.212862819954122 ], [ -104.340497110043813, 22.212494289880183 ], [ -104.340872679780816, 22.21155888983176 ], [ -104.34114052048163, 22.210819430032679 ], [ -104.341275340214139, 22.210055650440694 ], [ -104.341359320274648, 22.209563200320943 ], [ -104.341231030403037, 22.208752580438453 ], [ -104.341181249608724, 22.208415600094021 ], [ -104.341130199756293, 22.208173060173102 ], [ -104.34102884975411, 22.20778694041427 ], [ -104.340976709924291, 22.207593429781383 ], [ -104.340874120301066, 22.207303570255984 ], [ -104.340771519688715, 22.207012780267171 ], [ -104.340741520001899, 22.206413120421459 ], [ -104.340509650375793, 22.206145180269303 ], [ -104.340293679686141, 22.205894250014527 ], [ -104.33984756967385, 22.205474319907534 ], [ -104.339561620421847, 22.205290720023221 ], [ -104.339276089938465, 22.205021780279644 ], [ -104.338935319713329, 22.204770030181837 ], [ -104.338595999721008, 22.204434720191621 ], [ -104.338310220233183, 22.204149449547657 ], [ -104.338131179997077, 22.20394788994102 ], [ -104.337916890324976, 22.203680579940443 ], [ -104.337542550311923, 22.203294060401809 ], [ -104.337395019517487, 22.203108370190968 ], [ -104.33707082977476, 22.202801880070393 ], [ -104.336720630057627, 22.202568419990598 ], [ -104.336494319739515, 22.202450199622376 ], [ -104.336118819619472, 22.202330599663096 ], [ -104.335916599752409, 22.202308249713994 ], [ -104.335415970137731, 22.202281339853283 ], [ -104.334989489894966, 22.202256940236577 ], [ -104.334638059666958, 22.20223230960632 ], [ -104.334286229748059, 22.202184079922272 ], [ -104.333833980233194, 22.202135550060348 ], [ -104.333584599683121, 22.20192415032286 ], [ -104.333407860222096, 22.201853289942147 ], [ -104.333208709577207, 22.201782769815548 ], [ -104.332807780394234, 22.201547349577329 ], [ -104.332382400033509, 22.201195169607971 ], [ -104.332081260389032, 22.200866539950262 ], [ -104.331858260442857, 22.200491320164126 ], [ -104.331836259551537, 22.199789859807485 ], [ -104.331963340023265, 22.199417510054868 ], [ -104.332090479786885, 22.199161370420736 ], [ -104.33231793978409, 22.198787510261319 ], [ -104.332570290337472, 22.198555800010045 ], [ -104.332923630104418, 22.198299880340223 ], [ -104.333225140487997, 22.198091030377931 ], [ -104.333325890042843, 22.197998720131324 ], [ -104.333580370070777, 22.197776970036319 ], [ -104.33388334014208, 22.197428290399134 ], [ -104.33401005993727, 22.197148550419325 ], [ -104.334161950281853, 22.196914740389285 ], [ -104.334437860115841, 22.196635459633374 ], [ -104.33464129045251, 22.196449890348806 ], [ -104.334919600401022, 22.196029860048942 ], [ -104.335096619847775, 22.195726660182647 ], [ -104.335348060125312, 22.195331549656924 ], [ -104.335499949991444, 22.19509774018422 ], [ -104.335701450260032, 22.194912179728615 ], [ -104.33590380019217, 22.194609519918611 ], [ -104.33608210988362, 22.194212780256123 ], [ -104.336158739601203, 22.193744969868522 ], [ -104.336162049510122, 22.193488889833112 ], [ -104.336340950072042, 22.192847920156737 ], [ -104.33651681993156, 22.19259104958887 ], [ -104.336296540177045, 22.191702850347824 ], [ -104.336096229753707, 22.191398109851065 ], [ -104.335923539819447, 22.191000349870642 ], [ -104.335747219559195, 22.190672549649531 ], [ -104.335624490078203, 22.19034484977638 ], [ -104.335551349866449, 22.19006451045448 ], [ -104.335531720087786, 22.189778830077788 ], [ -104.33550894973034, 22.189591230404798 ], [ -104.335535249940051, 22.189311219570563 ], [ -104.335660340298773, 22.188938889584751 ], [ -104.335762660249586, 22.18865771023949 ], [ -104.335891490052589, 22.188331650280354 ], [ -104.336117229559548, 22.188028620356206 ], [ -104.336321219783514, 22.187819430003746 ], [ -104.336522679524904, 22.187632969572199 ], [ -104.336572150186711, 22.187563230200993 ], [ -104.336448719516852, 22.187306350043524 ], [ -104.336371450356069, 22.187235800088867 ], [ -104.336550620455697, 22.186721939757692 ], [ -104.336726430469867, 22.186630289690182 ], [ -104.337029890169248, 22.186256179767074 ], [ -104.337231689770746, 22.185978030090943 ], [ -104.337383170390353, 22.185721519986949 ], [ -104.337613520178664, 22.185347599924473 ], [ -104.337762919767542, 22.185139250076837 ], [ -104.338155060291228, 22.184989719798157 ], [ -104.3382500296145, 22.185207119821925 ], [ -104.338248289564817, 22.185381350194191 ], [ -104.338299000376111, 22.185536889598367 ], [ -104.338418920425781, 22.185535080314672 ], [ -104.338529719522242, 22.185560200360303 ], [ -104.338662630406887, 22.185477780030993 ], [ -104.338796939942128, 22.185475740104046 ], [ -104.338922679951324, 22.1855318897444 ], [ -104.339010349896924, 22.185606490284254 ], [ -104.339160079645396, 22.185662279868271 ], [ -104.339260819743302, 22.185660750397798 ], [ -104.339397660213322, 22.185529150193986 ], [ -104.339518710306365, 22.185317379842541 ], [ -104.339576200457046, 22.185188089966392 ], [ -104.339594080050389, 22.185083079666757 ], [ -104.339577090098658, 22.18497426037047 ], [ -104.339568629754069, 22.184888019603058 ], [ -104.339589019515088, 22.184789519777834 ], [ -104.339720259677847, 22.184631620227123 ], [ -104.33979746029658, 22.184497919866907 ], [ -104.339886970254554, 22.184348430346795 ], [ -104.339946690335537, 22.184172139556381 ], [ -104.340323950011012, 22.18376682967223 ], [ -104.34040369038695, 22.183450909807497 ], [ -104.340476020221288, 22.18340514955521 ], [ -104.340599309929445, 22.183401150156595 ], [ -104.340776459950717, 22.183341029660877 ], [ -104.341346859853729, 22.18303674979532 ], [ -104.34432193972394, 22.181687599591136 ], [ -104.344537859991533, 22.181514459678425 ], [ -104.344663800101912, 22.18129737963573 ], [ -104.344853380479194, 22.180830549802849 ], [ -104.344950250108965, 22.18068661960071 ], [ -104.345601350218104, 22.180461540156138 ], [ -104.345766909756065, 22.180260230368354 ], [ -104.346149259629541, 22.180254420406129 ], [ -104.346264150013226, 22.18013536965934 ], [ -104.346253419548404, 22.179524030301859 ], [ -104.34620933955955, 22.179319460183315 ], [ -104.346485749987323, 22.178917349714254 ], [ -104.347088349897362, 22.178899800021021 ], [ -104.347166880327492, 22.178603799797003 ], [ -104.347128999581301, 22.178273569999057 ], [ -104.347601689884797, 22.177129970224943 ], [ -104.347717709781563, 22.177039579583312 ], [ -104.348043320254121, 22.177086739954959 ], [ -104.348385380428837, 22.176794820417729 ], [ -104.348289820108093, 22.176524340020357 ], [ -104.348332890421617, 22.176336259676685 ], [ -104.349376710162659, 22.175784479893544 ], [ -104.349740089572933, 22.175795279554528 ], [ -104.350091369577584, 22.175694580118705 ], [ -104.350362460158351, 22.175886910036599 ], [ -104.350568849958762, 22.175893199604829 ], [ -104.350588800363596, 22.175813309581198 ], [ -104.350529949777055, 22.175689650324024 ], [ -104.350526910437509, 22.175544859557316 ], [ -104.350347710107698, 22.174977230079669 ], [ -104.350250520117484, 22.174440339934243 ], [ -104.350202030342757, 22.17406611984385 ], [ -104.350078000437591, 22.17338799994717 ], [ -104.34995695044492, 22.1729903798965 ], [ -104.349806880363261, 22.172382570207258 ], [ -104.349584650420496, 22.171774049553694 ], [ -104.349359880081607, 22.171353490017445 ], [ -104.349188049580448, 22.170838620172042 ], [ -104.349089679698338, 22.170510550113971 ], [ -104.349422779895249, 22.169775539714241 ], [ -104.349699309667955, 22.16942632030851 ], [ -104.349851080314309, 22.169077179729207 ], [ -104.350004619980353, 22.168774339628602 ], [ -104.350155620197768, 22.168658549949171 ], [ -104.350457799892581, 22.168659379863456 ], [ -104.350835180325035, 22.168613680299821 ], [ -104.351136060472285, 22.168264080182038 ], [ -104.351240370214924, 22.167821260150333 ], [ -104.351341820276957, 22.167493769827299 ], [ -104.351618399935774, 22.167425090260608 ], [ -104.352245509672983, 22.167334709606383 ], [ -104.352874120008693, 22.167219779641812 ], [ -104.353350540460625, 22.167152580437751 ], [ -104.353829049726571, 22.167037229864626 ], [ -104.354330519658816, 22.166898830450979 ], [ -104.354860579723777, 22.166667379570566 ], [ -104.355463629624154, 22.166318619864022 ], [ -104.355792939928719, 22.165923179551466 ], [ -104.356271660012041, 22.165434679763504 ], [ -104.356122380378366, 22.164873170054683 ], [ -104.355773850207171, 22.16428836966092 ], [ -104.355577310296923, 22.163920969624471 ], [ -104.355452880457037, 22.163663219998362 ], [ -104.355428450277088, 22.163383049985125 ], [ -104.355403579866078, 22.163079289887868 ], [ -104.355583080281392, 22.162589909988096 ], [ -104.355733970055454, 22.1621926804198 ], [ -104.355761949880218, 22.161679290136341 ], [ -104.355713859762872, 22.161328680070547 ], [ -104.355589450430358, 22.160906599746212 ], [ -104.355443450120688, 22.160641000382981 ], [ -104.35524359961299, 22.160196479992731 ], [ -104.355019630183364, 22.159821320297358 ], [ -104.354869749643967, 22.159446830152511 ], [ -104.35474732027761, 22.159025629771921 ], [ -104.354573800042672, 22.158581620305281 ], [ -104.354500679811409, 22.158137860163745 ], [ -104.354401820436266, 22.157505680255941 ], [ -104.354203089984566, 22.157013920189332 ], [ -104.354080379592631, 22.156687140163115 ], [ -104.354034679979492, 22.155752720321708 ], [ -104.35413952035762, 22.15467799972166 ], [ -104.354418019798345, 22.154000999737804 ], [ -104.354497310175319, 22.153523149710388 ], [ -104.35452443017293, 22.153125980369364 ], [ -104.354477090256083, 22.152542030088039 ], [ -104.354528150122377, 22.152120909758462 ], [ -104.354529659681475, 22.151653320212489 ], [ -104.354558879743507, 22.151209829700036 ], [ -104.354708950035047, 22.15076721986911 ], [ -104.354811980078409, 22.150253579620014 ], [ -104.354839079858792, 22.149855520263404 ], [ -104.355271709654915, 22.148689540104094 ], [ -104.355449179892446, 22.148363619982579 ], [ -104.355600889944881, 22.148013580163468 ], [ -104.3557271100901, 22.147710230399884 ], [ -104.355880510159253, 22.147290260388374 ], [ -104.356058679952753, 22.146893509705798 ], [ -104.356209679864122, 22.146614290412177 ], [ -104.356516830179871, 22.146181979779801 ], [ -104.356945490208062, 22.145786849765923 ], [ -104.357273580316871, 22.145436829636992 ], [ -104.357625519524305, 22.145111859674074 ], [ -104.358179779933252, 22.144600419629114 ], [ -104.358506890378877, 22.144250400107481 ], [ -104.358759420007075, 22.143925150298525 ], [ -104.358962049640979, 22.143645140010818 ], [ -104.35921691968575, 22.14317821977982 ], [ -104.35929466036896, 22.142338139972779 ], [ -104.359348399618284, 22.141683650167778 ], [ -104.359377050171318, 22.140656400205494 ], [ -104.35950678031088, 22.140001650148037 ], [ -104.359561140468813, 22.139658540089815 ], [ -104.35979202956257, 22.13877162987167 ], [ -104.360020450165962, 22.138352320349973 ], [ -104.360170579539101, 22.138024999741884 ], [ -104.360473909825885, 22.137652660396146 ], [ -104.360828720251817, 22.137327650303206 ], [ -104.361254090000216, 22.137024250374036 ], [ -104.361558230440252, 22.136699089836707 ], [ -104.361507150070224, 22.136179660055298 ], [ -104.361559219986418, 22.135817400345104 ], [ -104.36154551031656, 22.135360600216941 ], [ -104.36164468005326, 22.134907310409751 ], [ -104.36141576994271, 22.134427950192965 ], [ -104.361442019880158, 22.133983599765859 ], [ -104.361569799692873, 22.1334941099609 ], [ -104.361646320023283, 22.133027180211947 ], [ -104.36170102021714, 22.132372680081129 ], [ -104.361577800101514, 22.131741780193444 ], [ -104.361530969954202, 22.131297649798924 ], [ -104.361456429622621, 22.130829420105275 ], [ -104.36130959974048, 22.129964650374461 ], [ -104.36121242043518, 22.129427750401664 ], [ -104.361092659548589, 22.128551680189037 ], [ -104.361144879753709, 22.127921720054548 ], [ -104.361324569701296, 22.127337920108143 ], [ -104.361602119968722, 22.126778049980334 ], [ -104.3619057103937, 22.126312179825174 ], [ -104.362208739769812, 22.125705619698014 ], [ -104.362511480386658, 22.125192550134038 ], [ -104.36294282042175, 22.124237199888416 ], [ -104.363223279815927, 22.123677279779926 ], [ -104.36340045972355, 22.123117120321982 ], [ -104.363733689828479, 22.122400230075218 ], [ -104.363860680463176, 22.122143169660273 ], [ -104.363887340282375, 22.121722419672427 ], [ -104.363862910443373, 22.121443170416963 ], [ -104.363712180106617, 22.121184919918399 ], [ -104.363639830346941, 22.120949980041377 ], [ -104.363590200411139, 22.120622999574501 ], [ -104.363668379901924, 22.120086150447278 ], [ -104.363719429604274, 22.119666850106658 ], [ -104.363847569756985, 22.11919914002198 ], [ -104.364099580002289, 22.118849370216211 ], [ -104.364278050483435, 22.118196580220452 ], [ -104.364130980293453, 22.117704969767942 ], [ -104.364258739561819, 22.117215480092913 ], [ -104.364535820227502, 22.116795420157302 ], [ -104.364638889952758, 22.116398909927074 ], [ -104.36446580003296, 22.115977579745806 ], [ -104.364364629604808, 22.115766689895612 ], [ -104.36436691028274, 22.11550974042509 ], [ -104.364519830303209, 22.115066150364239 ], [ -104.364774780298546, 22.11433230988014 ], [ -104.364751599667429, 22.113958619822107 ], [ -104.364726619661965, 22.113537749902548 ], [ -104.364679909941188, 22.113210720219318 ], [ -104.364657030472486, 22.112743520266612 ], [ -104.364707180016666, 22.112439520426779 ], [ -104.365059509622455, 22.112253449896727 ], [ -104.365512940097105, 22.111999539987313 ], [ -104.365664600238475, 22.111485169937062 ], [ -104.365920150364047, 22.110785799912705 ], [ -104.366045890421788, 22.110458859656941 ], [ -104.366373170349959, 22.110343969794169 ], [ -104.366600480037832, 22.110250599729053 ], [ -104.36685135036744, 22.110112370376068 ], [ -104.367129350212537, 22.109855710005469 ], [ -104.36735462017576, 22.109647059603052 ], [ -104.367809259655232, 22.109462119850349 ], [ -104.368186339998005, 22.109299259647639 ], [ -104.368639310116194, 22.109019939905565 ], [ -104.369140580131827, 22.108718060046584 ], [ -104.369817999819062, 22.108074850089707 ], [ -104.370458019621424, 22.107190710417786 ], [ -104.370720290247704, 22.106762690050235 ], [ -104.370979550465009, 22.106548979575734 ], [ -104.371415770102246, 22.105985739745019 ], [ -104.371649380263932, 22.105314860105242 ], [ -104.371853720071499, 22.104751550095727 ], [ -104.372346539684457, 22.103974080417068 ], [ -104.372552319957848, 22.10349246030788 ], [ -104.372870310477353, 22.103019999732958 ], [ -104.373191509813211, 22.102563829807874 ], [ -104.373278970134862, 22.10189337984561 ], [ -104.373223629766343, 22.101355880031374 ], [ -104.372852219724422, 22.100628950103008 ], [ -104.372537680354526, 22.100198029643096 ], [ -104.372191910018557, 22.099928280209202 ], [ -104.371847050067501, 22.099819199792105 ], [ -104.371501179592897, 22.099818169718457 ], [ -104.371154289588588, 22.099924290408811 ], [ -104.371070220224865, 22.09941354028356 ], [ -104.371244740479952, 22.099092200058401 ], [ -104.370929740171974, 22.098634030443034 ], [ -104.37052857955365, 22.09798746025972 ], [ -104.370211570150957, 22.097690920043071 ], [ -104.369837580084877, 22.097367140054612 ], [ -104.369637000302589, 22.097043379929634 ], [ -104.369377979943224, 22.096720540300854 ], [ -104.369235349965805, 22.096478519810404 ], [ -104.369179969781783, 22.09610171025292 ], [ -104.368952250045766, 22.095510549893955 ], [ -104.369298739852297, 22.095108479989793 ], [ -104.36944498022666, 22.094840230327211 ], [ -104.369014199898729, 22.094059739882727 ], [ -104.368701659700349, 22.093575199803233 ], [ -104.368297199801631, 22.093289999821835 ], [ -104.368124949808319, 22.092805139796244 ], [ -104.367897709955272, 22.092185830120577 ], [ -104.367696259890849, 22.091702319761957 ], [ -104.367554219738722, 22.091217889725883 ], [ -104.367498849569444, 22.090841969850139 ], [ -104.367387049851089, 22.090304420127282 ], [ -104.367388080409071, 22.090088340318999 ], [ -104.36747598013946, 22.089551339778211 ], [ -104.367362169965077, 22.089175420402263 ], [ -104.3673063200076, 22.088772280304447 ], [ -104.367134090331078, 22.088288310311153 ], [ -104.366905820371201, 22.087884180172864 ], [ -104.366648280409976, 22.08753409033238 ], [ -104.366823679576598, 22.086852799641321 ], [ -104.367138550036998, 22.086537980110837 ], [ -104.367491170049831, 22.086268519823108 ], [ -104.368009080451202, 22.085594230185766 ], [ -104.368273219622509, 22.085139480046227 ], [ -104.368539710296716, 22.084326549809258 ], [ -104.368340309911531, 22.083518889833734 ], [ -104.368228050435633, 22.082955020124857 ], [ -104.367741400249258, 22.081878520025878 ], [ -104.367543420431389, 22.081259679876801 ], [ -104.367460369851017, 22.080695349761402 ], [ -104.367115830028553, 22.079941689702306 ], [ -104.366725089776423, 22.079329450336115 ], [ -104.366686999812899, 22.079268289748327 ], [ -104.366142260293017, 22.078594860133862 ], [ -104.365653460092474, 22.078110320168737 ], [ -104.365566060047797, 22.077960059981994 ], [ -104.365652430422514, 22.077611919586253 ], [ -104.365538679528527, 22.077127970379557 ], [ -104.365252489800369, 22.076643029753001 ], [ -104.364908339806576, 22.076185310296282 ], [ -104.364507710130866, 22.075673080411647 ], [ -104.364250220120567, 22.075322970363512 ], [ -104.364043819931027, 22.075052880069915 ], [ -104.363675379603961, 22.074488400185707 ], [ -104.363477290062477, 22.07413737013626 ], [ -104.363493950415162, 22.073676829621228 ], [ -104.363337000108558, 22.073225230233703 ], [ -104.363370970256298, 22.072739020229339 ], [ -104.363363229601461, 22.072519710142828 ], [ -104.363336750426484, 22.072249370187382 ], [ -104.363304379817038, 22.07188837011914 ], [ -104.363289150455941, 22.071387020333404 ], [ -104.363299019734654, 22.070893779950406 ], [ -104.363338080154705, 22.070477950222326 ], [ -104.363369550479604, 22.070157399902229 ], [ -104.363426739597344, 22.069715349675498 ], [ -104.36352328020368, 22.069026320042319 ], [ -104.363846490187214, 22.067982199577116 ], [ -104.363651829663723, 22.067008320295425 ], [ -104.363669720435837, 22.06619652042124 ], [ -104.363749139809897, 22.064301710014124 ], [ -104.363455340161053, 22.063194120402269 ], [ -104.363430370131098, 22.061781830387645 ], [ -104.363487519713772, 22.060015940188535 ], [ -104.363366110372553, 22.058923829860838 ], [ -104.363227680456887, 22.058364920181951 ], [ -104.36321275007424, 22.057520579971314 ], [ -104.363214149553713, 22.057102380012655 ], [ -104.363090199749124, 22.056563110213336 ], [ -104.362778229898026, 22.055694979708946 ], [ -104.362607979853365, 22.055265459800015 ], [ -104.36242475041098, 22.054838120039232 ], [ -104.362265629754418, 22.054503199988439 ], [ -104.362091220363922, 22.054090649668023 ], [ -104.361862029952775, 22.053730849608698 ], [ -104.361715250052029, 22.053304909728574 ], [ -104.361540140038144, 22.05285345002747 ], [ -104.361697820053493, 22.052533169564938 ], [ -104.363497349655958, 22.049933579616695 ], [ -104.363817460469704, 22.049586400181223 ], [ -104.364019179634369, 22.049318219803194 ], [ -104.364309630397869, 22.048781750129141 ], [ -104.364484120235019, 22.048460419779431 ], [ -104.364744689892603, 22.048326579579001 ], [ -104.364947820410762, 22.048248109548663 ], [ -104.36523665036222, 22.048060279765437 ], [ -104.365439779726742, 22.047872860328226 ], [ -104.365642459589338, 22.047604650400679 ], [ -104.365875370228721, 22.047283319783698 ], [ -104.366192540000526, 22.046936179841769 ], [ -104.366454120311147, 22.046695199962336 ], [ -104.366686480421919, 22.046507340120677 ], [ -104.367033279618553, 22.046294110325604 ], [ -104.367265659952849, 22.046053580201633 ], [ -104.367440120322271, 22.045732229828474 ], [ -104.367671050070626, 22.045464490385452 ], [ -104.367758820334544, 22.045196229757508 ], [ -104.367787599730903, 22.04500696971877 ], [ -104.367731249999238, 22.04473910992099 ], [ -104.367705540063227, 22.044497109883363 ], [ -104.367617450308344, 22.044362279669354 ], [ -104.367504109781038, 22.044120719612312 ], [ -104.367418460189825, 22.043958629795156 ], [ -104.367188749553762, 22.043635339865396 ], [ -104.367045340291668, 22.043510450085556 ], [ -104.367076660115544, 22.043079629829379 ], [ -104.367164490092847, 22.042705150131631 ], [ -104.367135860061623, 22.042463199659242 ], [ -104.366934799748051, 22.04238185968725 ], [ -104.366590570023703, 22.042300020420839 ], [ -104.36641930967626, 22.041976720017455 ], [ -104.365930570450473, 22.041598400100806 ], [ -104.36578703011476, 22.041356400265297 ], [ -104.365614289806643, 22.041059459554692 ], [ -104.365443519990478, 22.04076432043335 ], [ -104.365386200037847, 22.040441089892642 ], [ -104.365387800351058, 22.040091549848508 ], [ -104.365390480084002, 22.039582199671017 ], [ -104.365506920416905, 22.039394309608042 ], [ -104.36573732033807, 22.039207370409621 ], [ -104.365798349944342, 22.038804260212697 ], [ -104.365740549815172, 22.038454719716452 ], [ -104.365598519926749, 22.038131889914201 ], [ -104.365427279721004, 22.037809510130987 ], [ -104.365342179817915, 22.037513050200996 ], [ -104.365314050371509, 22.037298320421339 ], [ -104.365172460286047, 22.03700182035443 ], [ -104.365085889660577, 22.036787080421195 ], [ -104.365028539782358, 22.03657189027059 ], [ -104.365030120029076, 22.036276820181055 ], [ -104.365233059752157, 22.035913279704431 ], [ -104.365638260191076, 22.035700059592607 ], [ -104.366104879709042, 22.035380580337645 ], [ -104.366411849919274, 22.034843859909678 ], [ -104.366626349877407, 22.034419310275691 ], [ -104.366476079752104, 22.033796120380774 ], [ -104.366265119971303, 22.033540629762754 ], [ -104.36629706027486, 22.033144309802452 ], [ -104.366389920058381, 22.032889600394913 ], [ -104.366362419818159, 22.032436089913965 ], [ -104.366362229695468, 22.032040279823377 ], [ -104.366364509621135, 22.031728849908891 ], [ -104.366243650202151, 22.03150191958888 ], [ -104.366124219692324, 22.031245939667777 ], [ -104.365972649802714, 22.030934150211252 ], [ -104.365915450233572, 22.030452969861091 ], [ -104.365916219671291, 22.0300562301822 ], [ -104.366010449578198, 22.029603570233768 ], [ -104.36619240025253, 22.029321150436676 ], [ -104.366589050092855, 22.029010919775278 ], [ -104.367365569513112, 22.028882059992409 ], [ -104.367713459552263, 22.028765350227204 ], [ -104.368191370153113, 22.028761969905336 ], [ -104.368461749538582, 22.028606679931265 ], [ -104.368683380082985, 22.028591339645839 ], [ -104.36890623031843, 22.028643580433172 ], [ -104.36905803041887, 22.028200620206015 ], [ -104.369054000231259, 22.027972829717942 ], [ -104.368788080086077, 22.027749090060951 ], [ -104.368715059989952, 22.027571199763596 ], [ -104.368694420402591, 22.027326770071497 ], [ -104.368714319544708, 22.027090800008914 ], [ -104.368911080388017, 22.026981150239898 ], [ -104.369137140374932, 22.026826170385768 ], [ -104.369206489751747, 22.02666236959675 ], [ -104.369148539925646, 22.026450049728268 ], [ -104.369025769804495, 22.026075380220615 ], [ -104.368628220484723, 22.025826650340541 ], [ -104.368216940359474, 22.025769259932627 ], [ -104.367965629795805, 22.02574771044867 ], [ -104.36786189027525, 22.025584830199843 ], [ -104.368043969561342, 22.025425379782028 ], [ -104.368283769907535, 22.025202369890668 ], [ -104.368533079770529, 22.025041880041382 ], [ -104.368672720089492, 22.024859580081252 ], [ -104.368729180488486, 22.024725570278893 ], [ -104.368980710311078, 22.024690350164828 ], [ -104.369037310029555, 22.024564170099438 ], [ -104.36901029009357, 22.024462750386579 ], [ -104.368763850419811, 22.024309909789142 ], [ -104.368503369525754, 22.02431392035863 ], [ -104.368079629557656, 22.024116799707198 ], [ -104.367860889524522, 22.024104489823362 ], [ -104.367566249792716, 22.024077710343413 ], [ -104.367253289956608, 22.023985889998823 ], [ -104.367429569885942, 22.023546599749885 ], [ -104.367804619642371, 22.022995109956344 ], [ -104.367914519784776, 22.022588020222933 ], [ -104.367958350000933, 22.022228719914281 ], [ -104.367969829825782, 22.021932290352151 ], [ -104.368052089957345, 22.021853059848095 ], [ -104.367976889972297, 22.021386460118883 ], [ -104.367840420471794, 22.021106400038061 ], [ -104.367599220207154, 22.020926860077093 ], [ -104.367402289835667, 22.020910619737251 ], [ -104.367132279809411, 22.020856889625684 ], [ -104.366946049633668, 22.020859770286819 ], [ -104.366809320139453, 22.020736490105666 ], [ -104.366785219576428, 22.020543970174064 ], [ -104.366646289672374, 22.020295350301438 ], [ -104.366568400135407, 22.019987939573806 ], [ -104.366370980394592, 22.01994274975274 ], [ -104.366079420287278, 22.01984115010741 ], [ -104.365350479564199, 22.020111080183785 ], [ -104.36474452048698, 22.020203660363432 ], [ -104.364164490358178, 22.020245889947461 ], [ -104.363694830051116, 22.019961659621291 ], [ -104.363296339682321, 22.0196596799221 ], [ -104.363063050232824, 22.019604979954526 ], [ -104.362830399684754, 22.019636180065163 ], [ -104.362344920006151, 22.01943666008497 ], [ -104.362041630383587, 22.019519400177906 ], [ -104.361705219992771, 22.019490060117818 ], [ -104.36131278025978, 22.019431629777294 ], [ -104.361190509943029, 22.019289149728547 ], [ -104.361220660056219, 22.019177030165832 ], [ -104.36140415023921, 22.019092509733664 ], [ -104.36161771982529, 22.01878148033942 ], [ -104.361590749752892, 22.018357019767159 ], [ -104.361468849793809, 22.017959430148974 ], [ -104.361319659758536, 22.017505980443818 ], [ -104.361229950338796, 22.01722231025996 ], [ -104.361018619967865, 22.017108430105917 ], [ -104.360805150431119, 22.016717630304463 ], [ -104.36079787981032, 22.016304820209236 ], [ -104.360038619849561, 22.015056829900995 ], [ -104.360037540357027, 22.014744169945764 ], [ -104.360239459856743, 22.014598119617649 ], [ -104.360472919529144, 22.014308659623069 ], [ -104.360639649546599, 22.014099649811318 ], [ -104.360515350255753, 22.013815659878439 ], [ -104.360272910116819, 22.013597050175143 ], [ -104.360216769667616, 22.013312030353426 ], [ -104.360211999697427, 22.013042110329796 ], [ -104.360258049678833, 22.012755510452877 ], [ -104.360373679536139, 22.012547279798842 ], [ -104.360309940134982, 22.011833550300175 ], [ -104.360163579724869, 22.011264060393458 ], [ -104.360057400368106, 22.010808400007356 ], [ -104.360029459739962, 22.010424120028478 ], [ -104.360510260407437, 22.009986520355984 ], [ -104.361147780329603, 22.010069920025852 ], [ -104.36191088964118, 22.010071139645675 ], [ -104.362164969847072, 22.009666170096178 ], [ -104.362143109912552, 22.009167569841562 ], [ -104.362018309810352, 22.008836850016653 ], [ -104.361967089599759, 22.008463400064201 ], [ -104.362018000021337, 22.007977489687235 ], [ -104.362203180049917, 22.007517259712827 ], [ -104.362256550059982, 22.007169939797414 ], [ -104.362428340429943, 22.006793059905394 ], [ -104.36247680027202, 22.006168619944422 ], [ -104.362913259759637, 22.005621339866863 ], [ -104.36335658040575, 22.004786689840174 ], [ -104.363720800241452, 22.004569890305831 ], [ -104.363836170020122, 22.004282770140744 ], [ -104.363853080343489, 22.003819430143903 ], [ -104.363893849732392, 22.003570889651446 ], [ -104.363961539883704, 22.003424849864125 ], [ -104.364506999798522, 22.003336939945171 ], [ -104.36483748985728, 22.002968339964315 ], [ -104.365089880254189, 22.002632349888664 ], [ -104.365112780430081, 22.002416139768322 ], [ -104.365107649821596, 22.002125650120835 ], [ -104.3652619198092, 22.001782880294662 ], [ -104.36542642041438, 22.001514679950194 ], [ -104.365691369797844, 22.001386059633688 ], [ -104.36602039982543, 22.001356110089088 ], [ -104.366385060266722, 22.001325569795004 ], [ -104.366445350203819, 22.001208430427528 ], [ -104.366428949722874, 22.000785260233531 ], [ -104.366315419758536, 21.999528139647278 ], [ -104.366321450465108, 21.999035340096107 ], [ -104.366344739879679, 21.998426719923998 ], [ -104.366527509944646, 21.99802718012014 ], [ -104.367046579631989, 21.997819480222169 ], [ -104.36752245043499, 21.9975897195574 ], [ -104.367589569724132, 21.997422549957268 ], [ -104.367432630483336, 21.997190750285867 ], [ -104.367185890277952, 21.997000279581552 ], [ -104.367007319538459, 21.996811479996701 ], [ -104.366961369996972, 21.996579769870479 ], [ -104.366985350005038, 21.996285260381686 ], [ -104.367100650084879, 21.996033830174028 ], [ -104.367530549586419, 21.99557329036746 ], [ -104.367644120059097, 21.995280120442732 ], [ -104.367622850006114, 21.994902800242226 ], [ -104.367536399672233, 21.994418430126288 ], [ -104.367536449550997, 21.994146079999766 ], [ -104.367628859832593, 21.993977619677814 ], [ -104.367921679565242, 21.99374706028798 ], [ -104.368240749605278, 21.9933499500791 ], [ -104.368415490235336, 21.993136449945212 ], [ -104.368707919954289, 21.992795339610971 ], [ -104.368580619656314, 21.992477740136852 ], [ -104.367917569652192, 21.992140249598311 ], [ -104.367523750101398, 21.991779550351882 ], [ -104.367526420420276, 21.991380060315301 ], [ -104.367607979661003, 21.991149120149778 ], [ -104.367709180346807, 21.990982340245239 ], [ -104.367866749654283, 21.990920000363953 ], [ -104.36797877973197, 21.990814770045802 ], [ -104.368194089886927, 21.990715229900374 ], [ -104.368174909813604, 21.990455879614974 ], [ -104.368078309684918, 21.990223150158748 ], [ -104.367823890322498, 21.990038230057692 ], [ -104.367849349619718, 21.989827230068002 ], [ -104.367917829722273, 21.989680919976326 ], [ -104.368031659824098, 21.989513030336521 ], [ -104.368144379873684, 21.98928251977043 ], [ -104.36820735043645, 21.98911178013315 ], [ -104.368159950096015, 21.988761819606566 ], [ -104.368015659737736, 21.988057479793181 ], [ -104.368019140356225, 21.987788619790841 ], [ -104.367850739693708, 21.987583849939689 ], [ -104.367512490168679, 21.987558339928484 ], [ -104.367204819764325, 21.987619309950624 ], [ -104.36704909015485, 21.987345720026937 ], [ -104.366981430204788, 21.986988170397638 ], [ -104.367005339952499, 21.986798969962464 ], [ -104.367088919926076, 21.986570720084682 ], [ -104.367346109932768, 21.986363490031238 ], [ -104.367731539631521, 21.986471519577652 ], [ -104.367957679566487, 21.986376859698726 ], [ -104.368035679700739, 21.986178109994061 ], [ -104.367997949626982, 21.985889949689586 ], [ -104.3680003400804, 21.985563200451789 ], [ -104.368070170188787, 21.985364570244521 ], [ -104.36838322953345, 21.985091910125956 ], [ -104.368729179644319, 21.984927710053572 ], [ -104.369358849518079, 21.984633850022668 ], [ -104.369715799957163, 21.984298819878248 ], [ -104.37008598043424, 21.983800080410521 ], [ -104.370037029959391, 21.983312220450106 ], [ -104.369862859522456, 21.983040090032834 ], [ -104.369573780031118, 21.982767659587459 ], [ -104.369392599851693, 21.982430020336636 ], [ -104.369398369871234, 21.982041380438794 ], [ -104.369512309801536, 21.981769999846129 ], [ -104.369873980348757, 21.981581950392904 ], [ -104.370212079788686, 21.981436020150365 ], [ -104.37041679995454, 21.981289430143676 ], [ -104.370601150139649, 21.981050080122802 ], [ -104.370668600038172, 21.980815480072788 ], [ -104.370868429785389, 21.980478740216778 ], [ -104.370992920325236, 21.980233050102452 ], [ -104.371075120094488, 21.979990150021365 ], [ -104.371099109640127, 21.979695650335273 ], [ -104.37098802996401, 21.979359650330011 ], [ -104.370605819685736, 21.978937949957317 ], [ -104.370203749803366, 21.978494769624 ], [ -104.369911340289548, 21.97803173965692 ], [ -104.369800630065896, 21.977716619858889 ], [ -104.369805719992144, 21.977180019862605 ], [ -104.369943079713067, 21.976802050218264 ], [ -104.370167419708736, 21.97671871012329 ], [ -104.370461259816807, 21.976657890033124 ], [ -104.370596859653162, 21.976510539906478 ], [ -104.37069262961306, 21.976173170002273 ], [ -104.370422220301123, 21.975816020336474 ], [ -104.370182829983492, 21.975476549624457 ], [ -104.369979980097852, 21.975119280173228 ], [ -104.369863479680177, 21.974784259584403 ], [ -104.369057419860098, 21.97469752035175 ], [ -104.368556000444386, 21.974213419989077 ], [ -104.368420430341999, 21.974087489732451 ], [ -104.368172179719252, 21.974084969762863 ], [ -104.367946889830222, 21.974169230287011 ], [ -104.36774539952107, 21.974167799663448 ], [ -104.367293550476774, 21.973935080155197 ], [ -104.36721655044694, 21.973681169816359 ], [ -104.367366550050548, 21.973229720129098 ], [ -104.367090950349166, 21.972763829847775 ], [ -104.366241600224839, 21.973074459933819 ], [ -104.365849429760218, 21.974170140451825 ], [ -104.365125859608838, 21.974367660429401 ], [ -104.36426360042519, 21.974280549621167 ], [ -104.363722690247144, 21.974000919853601 ], [ -104.363105119683397, 21.973997280379358 ], [ -104.361735570006402, 21.973084579948356 ], [ -104.3604060498579, 21.972691030269999 ], [ -104.359046459577385, 21.972339119785904 ], [ -104.358151680040905, 21.972180799974979 ], [ -104.357148680045484, 21.972105520170668 ], [ -104.355546350354274, 21.972476880101819 ], [ -104.353672850368781, 21.972868690228474 ], [ -104.351670539903282, 21.97342650963531 ], [ -104.349695199591224, 21.973915490277705 ], [ -104.348157149542331, 21.973910319678883 ], [ -104.347031139651563, 21.973783420282739 ], [ -104.346043889813728, 21.974030820166401 ], [ -104.344685549807963, 21.974283879599042 ], [ -104.343577030219109, 21.974657019667294 ], [ -104.342743220071299, 21.975645350392501 ], [ -104.341478919566455, 21.976568249662471 ], [ -104.341200740451313, 21.97730974007311 ], [ -104.340870800297026, 21.977757580092216 ], [ -104.340327539970247, 21.978080749796341 ], [ -104.339896220134193, 21.978166050438553 ], [ -104.339506770327276, 21.978231020149646 ], [ -104.338842260475062, 21.978260799741506 ], [ -104.338267680037532, 21.97860412028043 ], [ -104.33792951993378, 21.978867260381431 ], [ -104.337273000061899, 21.979284849810657 ], [ -104.336670200273431, 21.979612480276245 ], [ -104.335924340034836, 21.97982062001477 ], [ -104.33512122956715, 21.979773770234669 ], [ -104.334185110066471, 21.979314509737801 ], [ -104.332362940377109, 21.978361710143776 ], [ -104.330876880345585, 21.977704280348366 ], [ -104.329111310326127, 21.976365660113242 ], [ -104.328236229712573, 21.975690779654251 ], [ -104.327561419758553, 21.97539324964384 ], [ -104.326863139593343, 21.975369319705507 ], [ -104.326183490251864, 21.97574546007959 ], [ -104.325456859766533, 21.976666090180728 ], [ -104.325092090028207, 21.977631180357285 ], [ -104.32504051035508, 21.979311450037276 ], [ -104.325350050293423, 21.980712080026809 ], [ -104.325659880117428, 21.982016490438589 ], [ -104.325700749876162, 21.982856520264594 ], [ -104.325403120013149, 21.98365264994483 ], [ -104.324905340426952, 21.984134059817276 ], [ -104.324229399588006, 21.984278650212595 ], [ -104.323192060180077, 21.98395842007908 ], [ -104.322224339999977, 21.983723379939327 ], [ -104.321277179888682, 21.983719519810876 ], [ -104.320418620362645, 21.983884999552501 ], [ -104.319786490161363, 21.984197749975532 ], [ -104.319402919941638, 21.98453127996887 ], [ -104.318675230234177, 21.985789599796536 ], [ -104.317253750135706, 21.988691569839109 ], [ -104.31636951992391, 21.989906860073479 ], [ -104.315780660000939, 21.990472229758556 ], [ -104.315056340133467, 21.990803599786183 ], [ -104.314057910317487, 21.99093392013954 ], [ -104.312999140124788, 21.990782819956376 ], [ -104.311717339857509, 21.990231060319953 ], [ -104.310504710004523, 21.989344180431988 ], [ -104.309603799739875, 21.988751290143913 ], [ -104.309130710265435, 21.988581370396609 ], [ -104.308657480213725, 21.98851584989092 ], [ -104.308138489746696, 21.988618969618308 ], [ -104.307597910194886, 21.988994750399545 ], [ -104.307211050093912, 21.989308309749646 ], [ -104.305510550057548, 21.991570709726712 ], [ -104.304896599648671, 21.992660229654245 ], [ -104.304206719590297, 21.99459789030503 ], [ -104.303522110301643, 21.996107879551847 ], [ -104.302815120301489, 21.997449350232014 ], [ -104.302295250294478, 21.998182490135211 ], [ -104.3017947702062, 21.998684749755348 ], [ -104.300901880028391, 21.999408050414861 ], [ -104.298531740175719, 22.000959690043572 ], [ -104.29579166048056, 22.00239037985197 ], [ -104.29484455003572, 22.002680510022284 ], [ -104.294076860203418, 22.002760950317818 ], [ -104.293107799544273, 22.002736370299012 ], [ -104.292297249810503, 22.002418000104544 ], [ -104.291735480258353, 22.002016949801156 ], [ -104.291263819751975, 22.001363080175555 ], [ -104.29086322981307, 22.000709949915333 ], [ -104.290633629738295, 22.000232079724135 ], [ -104.290281049943957, 21.999518250031858 ], [ -104.289948180031345, 21.998836199916457 ], [ -104.289377150433907, 21.998410800066175 ], [ -104.288505739848176, 21.998452779649469 ], [ -104.287669370225899, 21.998784779586803 ], [ -104.286787480132958, 21.99947331962991 ], [ -104.285615199838887, 22.000010659590721 ], [ -104.284684769948555, 22.000003339652242 ], [ -104.283475480146464, 21.999916540341157 ], [ -104.282559229658474, 21.99977054017787 ], [ -104.281654819954142, 21.999684689666651 ], [ -104.28138223048596, 21.999658819999166 ], [ -104.281201400461569, 21.999401970331007 ], [ -104.280641680123892, 21.998433450273076 ], [ -104.28023771024948, 21.997863859788943 ], [ -104.279701089796845, 21.997336200348713 ], [ -104.279388919954059, 21.996726230334048 ], [ -104.27880857969943, 21.99523237960198 ], [ -104.278295570387897, 21.993688510094891 ], [ -104.278142579785865, 21.992993549562634 ], [ -104.277967079611301, 21.992005709713052 ], [ -104.277924490149957, 21.991333649725441 ], [ -104.277859450337701, 21.990829859550079 ], [ -104.277725720312588, 21.990407879900342 ], [ -104.277168479840697, 21.989523740456193 ], [ -104.276579739666218, 21.988561999957923 ], [ -104.276179850112726, 21.987657369648332 ], [ -104.276181199987889, 21.987279689619182 ], [ -104.276206319860549, 21.986753690377203 ], [ -104.276502970026868, 21.985767940380629 ], [ -104.276891600048671, 21.98486705965874 ], [ -104.277255420009581, 21.984511259567359 ], [ -104.277571629692034, 21.984217889592806 ], [ -104.277752660428575, 21.983988249972072 ], [ -104.277755969568801, 21.983610540413959 ], [ -104.27753400044945, 21.982979259960633 ], [ -104.277151149620181, 21.982389400326042 ], [ -104.276500999822801, 21.981762650134371 ], [ -104.275806020377416, 21.980961340097711 ], [ -104.275446940008663, 21.980623489935073 ], [ -104.274772290153109, 21.980158689995822 ], [ -104.273895369523572, 21.979818509781474 ], [ -104.271668799978102, 21.978926349896561 ], [ -104.269891019657408, 21.978267199607686 ], [ -104.269013570101549, 21.977779940056937 ], [ -104.268167849777996, 21.977673880396559 ], [ -104.267607620284252, 21.977384479955056 ], [ -104.266763939802289, 21.977163949835575 ], [ -104.265982179992136, 21.976910169621682 ], [ -104.264728540004612, 21.976934570203923 ], [ -104.263288079659347, 21.977038999872558 ], [ -104.262021379837378, 21.976859170167625 ], [ -104.261152689931222, 21.976379690196197 ], [ -104.260747920029388, 21.976041570172018 ], [ -104.260153889905538, 21.975133380426307 ], [ -104.259736580198563, 21.974241820101259 ], [ -104.259269769615585, 21.973305540045871 ], [ -104.258906419661429, 21.972640710214971 ], [ -104.258503520110096, 21.97223993976452 ], [ -104.257940289968417, 21.972027599604065 ], [ -104.256467939755964, 21.971686430104345 ], [ -104.254563369634042, 21.971066750062921 ], [ -104.253465089569005, 21.97077557035302 ], [ -104.252473450288733, 21.969897090144826 ], [ -104.250508660161117, 21.968817249902937 ], [ -104.249146399528072, 21.968456979851286 ], [ -104.248178219780343, 21.967843379633166 ], [ -104.247288859896059, 21.96734317974375 ], [ -104.246703549606252, 21.967088460179866 ], [ -104.246005150321309, 21.966937980164722 ], [ -104.24525703037807, 21.966911619852091 ], [ -104.244366680362319, 21.967543519911565 ], [ -104.243993780418833, 21.96792917014908 ], [ -104.242768259692994, 21.969381879966463 ], [ -104.242156030216236, 21.969807909644114 ], [ -104.241297289625578, 21.969998310085057 ], [ -104.240687090086155, 21.970099219673806 ], [ -104.239678720104465, 21.969604779698475 ], [ -104.238539320432437, 21.969719139918904 ], [ -104.236222259560336, 21.969331969823621 ], [ -104.235541259899819, 21.969456060310296 ], [ -104.234848219746667, 21.969052369772385 ], [ -104.234474349698715, 21.968999259771241 ], [ -104.233901650025473, 21.969194140026033 ], [ -104.233056309597146, 21.969804570166716 ], [ -104.232176450346557, 21.970292570399096 ], [ -104.231180600038542, 21.970689350270209 ], [ -104.229573980025791, 21.971544050367736 ], [ -104.228391120080033, 21.972046679937485 ], [ -104.227491820436455, 21.972625569599991 ], [ -104.22691825027546, 21.972973710205984 ], [ -104.226472940054563, 21.973204689634706 ], [ -104.225950430430174, 21.974182620186625 ], [ -104.224885230392559, 21.975269259815395 ], [ -104.223859060248273, 21.976011259638913 ], [ -104.222998020168703, 21.976617429771458 ], [ -104.221804780369723, 21.977347890002367 ], [ -104.221107380264257, 21.977940220023996 ], [ -104.220486939646847, 21.978188919670405 ], [ -104.21882877022567, 21.979000600412078 ], [ -104.218569109571646, 21.979517849686573 ], [ -104.217370179578324, 21.98022034963935 ], [ -104.215490140246061, 21.980802799709121 ], [ -104.215029349714328, 21.981190720083781 ], [ -104.214306940421451, 21.981649579980605 ], [ -104.213400259911083, 21.982443369615819 ], [ -104.212742710147069, 21.982881320151034 ], [ -104.212021339886036, 21.983109570417348 ], [ -104.210781250273001, 21.983166449784637 ], [ -104.209137510335481, 21.983243340002307 ], [ -104.207852779552923, 21.98323642016241 ], [ -104.206383419549752, 21.983271370352895 ], [ -104.20591143037808, 21.983395259919337 ], [ -104.205593169659267, 21.983456110140342 ], [ -104.204449750267656, 21.983565279944884 ], [ -104.20363321967433, 21.98297522029209 ], [ -104.202656519678555, 21.982772399950701 ], [ -104.201090200467846, 21.983380999939616 ], [ -104.200082460396899, 21.983909340321475 ], [ -104.198830149545373, 21.984760880378911 ], [ -104.198229000368087, 21.985506459947572 ], [ -104.19725424980129, 21.985914320305291 ], [ -104.196635320135996, 21.985580080165064 ], [ -104.195702279929819, 21.986038139840336 ], [ -104.194924430270788, 21.985985709873855 ], [ -104.194605969944604, 21.985685289683978 ], [ -104.193319450040761, 21.98542012044247 ], [ -104.192552970349197, 21.98482208010163 ], [ -104.191916000129893, 21.984255379802995 ], [ -104.191535029587655, 21.983874980031587 ], [ -104.190710540417655, 21.983277599896496 ], [ -104.190229320291081, 21.982959340102987 ], [ -104.189777230104852, 21.983055889873548 ], [ -104.189422710064619, 21.98320654018119 ], [ -104.189021319918496, 21.982953050078283 ], [ -104.188689220208431, 21.982683259648855 ], [ -104.188742950047697, 21.982358370178375 ], [ -104.188921999689825, 21.982074510211699 ], [ -104.18814094005117, 21.98165142019376 ], [ -104.187227909826277, 21.981181279714011 ], [ -104.186102030107605, 21.980796769691459 ], [ -104.185562180291797, 21.980520290017868 ], [ -104.185091369886365, 21.980120279699861 ], [ -104.184598350415584, 21.979612550058238 ], [ -104.184060429982026, 21.979274320185606 ], [ -104.18237347977967, 21.978488509824363 ], [ -104.180978690253738, 21.977771259716743 ], [ -104.179734459944086, 21.977051649657849 ], [ -104.179196709622744, 21.976465569917565 ], [ -104.178155879661674, 21.975350570259799 ], [ -104.177178430230754, 21.974334479764899 ], [ -104.175543680329383, 21.972561969618496 ], [ -104.173655479982116, 21.970882889578537 ], [ -104.173810179606562, 21.970632280086598 ], [ -104.174199879655916, 21.970309739647682 ], [ -104.17457664956882, 21.969532290450836 ], [ -104.174568450216469, 21.96885011008591 ], [ -104.174390260358877, 21.96836604970947 ], [ -104.174088119819743, 21.967948579618032 ], [ -104.173960549894787, 21.967636319578034 ], [ -104.174056340328079, 21.967406570216415 ], [ -104.174161060473963, 21.967255180088877 ], [ -104.174308740381321, 21.967062680437778 ], [ -104.174177230328397, 21.966755879682939 ], [ -104.174076859642653, 21.966314180207121 ], [ -104.174181920013922, 21.96572726036738 ], [ -104.17433944995652, 21.965538939916154 ], [ -104.174409709680802, 21.965371819961135 ], [ -104.174321620176727, 21.965160630408956 ], [ -104.174095370471349, 21.965013140147434 ], [ -104.173925569559344, 21.964559430129196 ], [ -104.173951679881256, 21.964075909904345 ], [ -104.173923250110036, 21.963894140220727 ], [ -104.173832819625744, 21.963708690027971 ], [ -104.173698689863073, 21.963539920413851 ], [ -104.173699219686469, 21.96339284983949 ], [ -104.173834719841224, 21.963226619818364 ], [ -104.173995479966607, 21.963058219597464 ], [ -104.174424849645447, 21.962829739891834 ], [ -104.174770649671331, 21.962533720118291 ], [ -104.17491617022668, 21.962179029960922 ], [ -104.175019799560332, 21.961832770374173 ], [ -104.174964799615026, 21.961551459986392 ], [ -104.174911080219559, 21.961348479815452 ], [ -104.174886949554605, 21.961203660056629 ], [ -104.174865290075076, 21.96088897002539 ], [ -104.174890970124352, 21.96055270988569 ], [ -104.174912549807217, 21.960384460274096 ], [ -104.174914350423265, 21.960195620000135 ], [ -104.175141549958482, 21.959923690207258 ], [ -104.175300779781338, 21.959840649695177 ], [ -104.175414850404422, 21.959673800205991 ], [ -104.175390400384359, 21.959547059563668 ], [ -104.175303339721523, 21.959399420212964 ], [ -104.17534705040903, 21.959274420377476 ], [ -104.175463320434872, 21.95906397955682 ], [ -104.175576019710945, 21.958812739704118 ], [ -104.175553830097641, 21.958645110392869 ], [ -104.175509230228712, 21.958475979883172 ], [ -104.17551102997686, 21.958287139730636 ], [ -104.17560391027466, 21.958014380312228 ], [ -104.175694320168233, 21.957889650048791 ], [ -104.176285200475519, 21.957241280373779 ], [ -104.176442710359595, 21.957052940280633 ], [ -104.176465550339728, 21.956842020418854 ], [ -104.176491000424875, 21.956611969730577 ], [ -104.176494999636191, 21.956259689824932 ], [ -104.176584710151204, 21.956091379780126 ], [ -104.176654649633448, 21.955903379711533 ], [ -104.176610689739604, 21.955714279785134 ], [ -104.176545050124147, 21.955567230436859 ], [ -104.176520599783899, 21.955440490160051 ], [ -104.176522399684742, 21.955251630205659 ], [ -104.176546229767041, 21.955041599710231 ], [ -104.176614250115591, 21.954915350408047 ], [ -104.176706540137232, 21.954727050271444 ], [ -104.176708000190857, 21.954517320185765 ], [ -104.176685449636764, 21.954327909974971 ], [ -104.176641230460248, 21.954181459810805 ], [ -104.176598180392503, 21.953928799850342 ], [ -104.176599399886399, 21.953823479905076 ], [ -104.176621679979604, 21.953697880073815 ], [ -104.176735620336387, 21.953403949901293 ], [ -104.176782230057057, 21.953278020088767 ], [ -104.176806740336716, 21.953109720023075 ], [ -104.176785140324299, 21.952858570270546 ], [ -104.176745710067649, 21.95270134031097 ], [ -104.176698220064722, 21.952558860101377 ], [ -104.176650199859324, 21.95238270965358 ], [ -104.176691780215862, 21.952163180205879 ], [ -104.176823400181036, 21.951925549645193 ], [ -104.177080309987247, 21.951618770157566 ], [ -104.17704568010916, 21.951156139614561 ], [ -104.177008180302423, 21.950516710442983 ], [ -104.177083829616706, 21.949797709554311 ], [ -104.177090319640612, 21.949287649762699 ], [ -104.1769739502611, 21.949100920335496 ], [ -104.176915859895999, 21.948862849909624 ], [ -104.176987889888437, 21.948746950043223 ], [ -104.177069920001415, 21.948640120005003 ], [ -104.177205380199695, 21.948486600157153 ], [ -104.177336059585045, 21.948143800086285 ], [ -104.177554429703846, 21.947668450393369 ], [ -104.177695320304196, 21.947339179685891 ], [ -104.178017200489592, 21.947048250234456 ], [ -104.178116659752902, 21.946869579748942 ], [ -104.178288650009776, 21.946653510307879 ], [ -104.178552979520347, 21.94642248960864 ], [ -104.17870163043186, 21.946270380209253 ], [ -104.178977890079892, 21.946171019930574 ], [ -104.179210110396767, 21.946063170045203 ], [ -104.179324860296603, 21.945925180375482 ], [ -104.179413770155506, 21.945564940132929 ], [ -104.179496229653935, 21.945063890382059 ], [ -104.179257380432304, 21.944306879567428 ], [ -104.178955459909687, 21.943314049669823 ], [ -104.178913630240942, 21.942956059938897 ], [ -104.178983080233479, 21.942620090265816 ], [ -104.179095479938752, 21.942168479663486 ], [ -104.178965969573881, 21.941551850366711 ], [ -104.178808909660731, 21.941073370445149 ], [ -104.178611710275376, 21.940728050066618 ], [ -104.17858948960307, 21.940559520357095 ], [ -104.178613660292726, 21.940370349730838 ], [ -104.178681680366751, 21.940245019653439 ], [ -104.178703599787767, 21.940097649766916 ], [ -104.178683659620333, 21.939888230394377 ], [ -104.178685090063709, 21.939677600337792 ], [ -104.178684310174503, 21.939509660087705 ], [ -104.17866502968964, 21.939342000223746 ], [ -104.178718090417505, 21.939015339575175 ], [ -104.179078550269836, 21.938743340305436 ], [ -104.179332149768101, 21.938516860012797 ], [ -104.179400540142737, 21.938198539688099 ], [ -104.179580279843563, 21.93793867969876 ], [ -104.179717170306745, 21.937507850190716 ], [ -104.180707139994809, 21.937099309594171 ], [ -104.181187679932961, 21.936672219913564 ], [ -104.182402520125137, 21.935996519880359 ], [ -104.182838140218408, 21.935569880386275 ], [ -104.182974090198201, 21.935255680192608 ], [ -104.183134819615731, 21.935087260103284 ], [ -104.183292980263701, 21.934941580406278 ], [ -104.183541539736225, 21.934670249668045 ], [ -104.183588350108465, 21.934438999972674 ], [ -104.183522180067087, 21.934081370092549 ], [ -104.18374868961557, 21.933830320261237 ], [ -104.184074200201621, 21.933505230385382 ], [ -104.184389060297647, 21.933421780305988 ], [ -104.184593080253094, 21.933402540381085 ], [ -104.184818429697231, 21.933319460135337 ], [ -104.184933710242788, 21.933109939991944 ], [ -104.185068740363249, 21.93285837027188 ], [ -104.185115570095959, 21.932628029556977 ], [ -104.185229940285737, 21.932481150315898 ], [ -104.185612250037678, 21.932357709772024 ], [ -104.185725709666542, 21.932274379963445 ], [ -104.185931110438986, 21.93204270999037 ], [ -104.186452400223956, 21.931374419801159 ], [ -104.186611419895897, 21.931101630011518 ], [ -104.18672789033559, 21.930786779796616 ], [ -104.186750380158074, 21.930555879910653 ], [ -104.186773859528486, 21.930325880114363 ], [ -104.186820110089968, 21.93017814966916 ], [ -104.186955520141765, 21.930011000124029 ], [ -104.187001429563722, 21.929843310190339 ], [ -104.187025250346494, 21.929633279834142 ], [ -104.187117969800013, 21.929234340368637 ], [ -104.187276980010438, 21.928962459796448 ], [ -104.18736897011668, 21.928815910272252 ], [ -104.187574030103193, 21.92856424978833 ], [ -104.187890779512713, 21.928419029894755 ], [ -104.188159650289677, 21.928378889549911 ], [ -104.18843224987944, 21.928211600301353 ], [ -104.188477819544048, 21.92802305001382 ], [ -104.18850066000924, 21.927813920407914 ], [ -104.188502429984212, 21.927624170016408 ], [ -104.188666090313134, 21.927041749667115 ], [ -104.18898482957826, 21.926602380079405 ], [ -104.18916580015275, 21.926245769789734 ], [ -104.189280919621098, 21.925848319579519 ], [ -104.18919305990137, 21.925532749824956 ], [ -104.18892237015055, 21.925341429683606 ], [ -104.188790149811425, 21.925110019746477 ], [ -104.188475750478332, 21.924625179741781 ], [ -104.188367399722395, 21.924246370227198 ], [ -104.188346180016424, 21.923721949646811 ], [ -104.188348350152609, 21.923259860406382 ], [ -104.188350650484324, 21.922923940340702 ], [ -104.188307580479062, 21.922671280281918 ], [ -104.188149849828406, 21.922544619837453 ], [ -104.187971970220048, 21.922375579670842 ], [ -104.187792200033485, 21.922270110120849 ], [ -104.187724599674851, 21.922122200211465 ], [ -104.187725570078953, 21.92176541994737 ], [ -104.18790928962872, 21.921219940226511 ], [ -104.188207179966952, 21.920696450298539 ], [ -104.188411799864042, 21.920298629578379 ], [ -104.188569749877459, 21.919962319995978 ], [ -104.188709179665423, 21.919564540332082 ], [ -104.188733549696636, 21.919270060437629 ], [ -104.188802059729866, 21.918997660442677 ], [ -104.188981600334529, 21.918851660013541 ], [ -104.189210060464575, 21.918663220343387 ], [ -104.189368550416035, 21.918538420383459 ], [ -104.189868320471959, 21.918045620041298 ], [ -104.190167400231715, 21.917415889644332 ], [ -104.190303000253039, 21.917081709891999 ], [ -104.190622379819757, 21.916683169733808 ], [ -104.190937950031923, 21.916348229748543 ], [ -104.191210999944758, 21.915972139569572 ], [ -104.191775710370649, 21.915702649721542 ], [ -104.192386750053927, 21.915410709846068 ], [ -104.192837680111197, 21.915202739934657 ], [ -104.193311829889552, 21.914869169929265 ], [ -104.193652420029409, 21.914577449642916 ], [ -104.193856399945759, 21.914262249652932 ], [ -104.194220599541651, 21.91392752026589 ], [ -104.194715650344577, 21.913741619741021 ], [ -104.19541597028676, 21.913555509743077 ], [ -104.195867710320996, 21.913516369890171 ], [ -104.19645203007525, 21.913435400102202 ], [ -104.196815649523955, 21.913185090384513 ], [ -104.197110689982537, 21.912786890264588 ], [ -104.197268349836293, 21.912494139580321 ], [ -104.197505599831416, 21.911953340004949 ], [ -104.197799090025413, 21.911638679639061 ], [ -104.19816305969708, 21.911409250107887 ], [ -104.19870480032958, 21.911223570311407 ], [ -104.199290279875655, 21.911036350340407 ], [ -104.199518599880648, 21.910722630215933 ], [ -104.199562370460058, 21.910603080139332 ], [ -104.199677090325949, 21.910303680241924 ], [ -104.199792000268459, 21.91007327981189 ], [ -104.200063400120342, 21.909717150239668 ], [ -104.20024410984287, 21.909465829719171 ], [ -104.200247969585007, 21.909109020094061 ], [ -104.200022830165523, 21.908729150256455 ], [ -104.199754770204493, 21.908518750263717 ], [ -104.199438800093063, 21.908412520215617 ], [ -104.199306919932837, 21.908201080049945 ], [ -104.199331279700729, 21.907907519999675 ], [ -104.199535249811916, 21.90759232031899 ], [ -104.19964912044864, 21.907299290163483 ], [ -104.199651599936956, 21.906858059636725 ], [ -104.199562350013977, 21.906459000006475 ], [ -104.199429429774042, 21.906184940114265 ], [ -104.199454489864721, 21.905934030078342 ], [ -104.199478479698485, 21.90561776985794 ], [ -104.199502140403027, 21.905281550234143 ], [ -104.199621050437685, 21.90440746007857 ], [ -104.199693740478196, 21.903504080046908 ], [ -104.199946429529433, 21.902601750181613 ], [ -104.200153230328212, 21.901868020148932 ], [ -104.200380830138357, 21.901511630121647 ], [ -104.200584950158174, 21.901324430411144 ], [ -104.200831279790052, 21.901219230282525 ], [ -104.201013350075812, 21.901052309912711 ], [ -104.201082049733031, 21.900674580389087 ], [ -104.201063120488428, 21.900233680199499 ], [ -104.201019939834396, 21.899854829894899 ], [ -104.200863059794059, 21.899602910262569 ], [ -104.200932230310841, 21.899372249761317 ], [ -104.201113970128844, 21.899184450388418 ], [ -104.201318599744994, 21.898910999793515 ], [ -104.201499649836279, 21.898681459725371 ], [ -104.201569369558698, 21.898366370366325 ], [ -104.201547879586485, 21.897947279697419 ], [ -104.201482369718335, 21.897631379909555 ], [ -104.201417289988996, 21.897399920117131 ], [ -104.201192309699891, 21.897146249665596 ], [ -104.200923170400088, 21.896750680429847 ], [ -104.200611090039715, 21.89599260045058 ], [ -104.200323179795163, 21.895046280072329 ], [ -104.200145109720296, 21.894687520212631 ], [ -104.199967970344247, 21.894267030036609 ], [ -104.199992310011595, 21.893972550238011 ], [ -104.200059260159634, 21.893784600196032 ], [ -104.200330749598265, 21.893554660259507 ], [ -104.200533879927647, 21.893366570110508 ], [ -104.200649249844304, 21.892988179837118 ], [ -104.200720150389216, 21.892568680004217 ], [ -104.200743139932939, 21.892191620046944 ], [ -104.200835910058629, 21.891917949846253 ], [ -104.201040350405762, 21.891751629942306 ], [ -104.201040720150019, 21.891478379916304 ], [ -104.200772220088339, 21.891120019707053 ], [ -104.200526849711252, 21.890572510108278 ], [ -104.200147310474136, 21.890087740340128 ], [ -104.199900850473298, 21.889887019880778 ], [ -104.199539880195516, 21.889821370073637 ], [ -104.199178779952248, 21.889630460441765 ], [ -104.198889569981091, 21.889314150048399 ], [ -104.198686939549333, 21.888998420443226 ], [ -104.198687999760566, 21.888766909954121 ], [ -104.198649050403304, 21.888171969988061 ], [ -104.198427219773762, 21.887812940340822 ], [ -104.198224349573422, 21.887602509594764 ], [ -104.198069109872577, 21.887328750103791 ], [ -104.198094860173242, 21.886824570176781 ], [ -104.198072520247422, 21.886529859693201 ], [ -104.198098770392477, 21.886173629854923 ], [ -104.198076769936648, 21.885900709588544 ], [ -104.197987660252693, 21.885626920155509 ], [ -104.197943400215166, 21.885478680264892 ], [ -104.197944979612132, 21.885101020305807 ], [ -104.1979469497671, 21.884806860057864 ], [ -104.197858539797963, 21.884575740135762 ], [ -104.197702219735604, 21.884532579590132 ], [ -104.197521250391262, 21.884469820141877 ], [ -104.197387509778252, 21.884321940291549 ], [ -104.197297430238578, 21.884048169973727 ], [ -104.197298280270971, 21.883921970422779 ], [ -104.197253690000778, 21.883753770283402 ], [ -104.197143580104594, 21.883563799749929 ], [ -104.197029999916893, 21.883458309911685 ], [ -104.196940739799558, 21.883353370064697 ], [ -104.196875089761519, 21.883205430410573 ], [ -104.196877349606098, 21.882869520044601 ], [ -104.196857339854134, 21.882124519723572 ], [ -104.196838080017315, 21.881661820298469 ], [ -104.196772830094858, 21.881241540132695 ], [ -104.196705459621583, 21.88098923012565 ], [ -104.196574180370291, 21.88069426020532 ], [ -104.196418120388017, 21.880252580068468 ], [ -104.196193079793957, 21.879873629578459 ], [ -104.196039020080335, 21.879494570310133 ], [ -104.195716139789155, 21.87922093959936 ], [ -104.19491491969174, 21.879152970101522 ], [ -104.194351339667207, 21.879065690210997 ], [ -104.193833200086701, 21.879022259828467 ], [ -104.193270799800629, 21.878829660111933 ], [ -104.192350310217364, 21.878447920286213 ], [ -104.19165372027112, 21.877960400390389 ], [ -104.190892399865263, 21.877200540324782 ], [ -104.190357020435172, 21.876399340100978 ], [ -104.189887319969486, 21.875809630074713 ], [ -104.189451619624691, 21.875036060019998 ], [ -104.189183550181951, 21.874404430331417 ], [ -104.189030489817043, 21.873668580001596 ], [ -104.189078149993918, 21.873312059604302 ], [ -104.189102860263858, 21.873039370118963 ], [ -104.189082199549446, 21.872786400458267 ], [ -104.188903020348391, 21.872533860124083 ], [ -104.18840842047986, 21.872322140193205 ], [ -104.188207510231521, 21.872109850008961 ], [ -104.187693000064328, 21.871393680159326 ], [ -104.187268999628188, 21.870740659897155 ], [ -104.187112980139048, 21.870298980185215 ], [ -104.18702589047038, 21.869730139895559 ], [ -104.186893739794513, 21.869498720283158 ], [ -104.186870780270198, 21.8689870595664 ], [ -104.186813479568869, 21.868752769866983 ], [ -104.186775259888591, 21.868378399969448 ], [ -104.186385120424688, 21.868011750210297 ], [ -104.184441319598363, 21.867193370163655 ], [ -104.183203309864851, 21.867132889814119 ], [ -104.181509979783996, 21.867061630377819 ], [ -104.180457949906213, 21.867254489956665 ], [ -104.179605219982676, 21.86744359994907 ], [ -104.178803020144073, 21.867630180306641 ], [ -104.178265140132567, 21.868163419902665 ], [ -104.177881780413855, 21.868809740443769 ], [ -104.17719108033927, 21.870171199662455 ], [ -104.176663399533794, 21.871033819815498 ], [ -104.176274060316743, 21.871492309789481 ], [ -104.175556339546219, 21.871911880294615 ], [ -104.174975980391494, 21.871927350270475 ], [ -104.174271579938278, 21.871970000344618 ], [ -104.173458770238128, 21.871804489708598 ], [ -104.1729521102625, 21.871747199582199 ], [ -104.172515319706363, 21.871500110361392 ], [ -104.172233260135613, 21.871318910185021 ], [ -104.172616089914399, 21.869919150095409 ], [ -104.173509600330817, 21.868646520396407 ], [ -104.174917649651093, 21.8676189698934 ], [ -104.176074459808817, 21.866692090081518 ], [ -104.177055479620307, 21.86584031029745 ], [ -104.177765660310968, 21.865138520147728 ], [ -104.178143230175607, 21.864257169898639 ], [ -104.178694769921478, 21.863369709925937 ], [ -104.178919120422151, 21.862515030030519 ], [ -104.179113029893941, 21.861403889893463 ], [ -104.179281230317358, 21.860385710295791 ], [ -104.179585050087979, 21.860088850074931 ], [ -104.179865850264108, 21.860090220018154 ], [ -104.180098799573642, 21.859969289657435 ], [ -104.180234289542156, 21.859844399843382 ], [ -104.180413970006825, 21.859617320094916 ], [ -104.180558980479546, 21.859374690078337 ], [ -104.180728079526062, 21.859201219872048 ], [ -104.181257000463589, 21.858958459575287 ], [ -104.181411000406385, 21.858913510442619 ], [ -104.182175659578547, 21.858368030254763 ], [ -104.1826530298585, 21.858126020085933 ], [ -104.18413463001869, 21.857438520107543 ], [ -104.184425000221992, 21.857451319687357 ], [ -104.184756279708651, 21.857192799899803 ], [ -104.185404020007596, 21.856879019717681 ], [ -104.186274659803971, 21.85633363003069 ], [ -104.186590019770094, 21.856210709974366 ], [ -104.186761980174211, 21.856191339575663 ], [ -104.186967859606185, 21.856027660364436 ], [ -104.187135820115458, 21.855762999945068 ], [ -104.187314919737517, 21.855625090138702 ], [ -104.18837485973593, 21.855225079962896 ], [ -104.189246659915412, 21.855011830085942 ], [ -104.189946319661743, 21.854801030188732 ], [ -104.190819429934379, 21.854668089669207 ], [ -104.191872459779461, 21.8541309402964 ], [ -104.192981310330353, 21.853499280186341 ], [ -104.193207549859068, 21.853295220170931 ], [ -104.193715429582625, 21.852765850244168 ], [ -104.194127509860238, 21.852518949660059 ], [ -104.19460975033175, 21.852177369909075 ], [ -104.195157339733171, 21.851468949985094 ], [ -104.195313259702345, 21.851186679566545 ], [ -104.195468740010043, 21.850878350435291 ], [ -104.19557095011713, 21.850727089994322 ], [ -104.19574391977477, 21.850633450180926 ], [ -104.196169290169635, 21.850607829704106 ], [ -104.196545890167599, 21.850673540105923 ], [ -104.197000179730324, 21.850772249864502 ], [ -104.196640380181748, 21.850532420215671 ], [ -104.195532260113765, 21.850379419824556 ], [ -104.19496094032101, 21.850405739669721 ], [ -104.194421690321448, 21.850432509766833 ], [ -104.194009350387276, 21.850489230194587 ], [ -104.193503199772124, 21.85057633958186 ], [ -104.19312293971926, 21.85069162014528 ], [ -104.192581280338885, 21.850867280022207 ], [ -104.192232120009166, 21.851042020157777 ], [ -104.19175560014655, 21.851216750232179 ], [ -104.191408430250476, 21.85121534963346 ], [ -104.190712629975721, 21.851063689627104 ], [ -104.19052842980912, 21.850672429733091 ], [ -104.190494379978375, 21.85032425023687 ], [ -104.189833180187193, 21.849611999987157 ], [ -104.18935767997479, 21.849373680372263 ], [ -104.189170490175954, 21.849046820033145 ], [ -104.189172979730088, 21.848484879925703 ], [ -104.189083109631127, 21.847746320441392 ], [ -104.188801149893109, 21.847271949708311 ], [ -104.188644140213881, 21.846887480405552 ], [ -104.188551849875452, 21.846177999703865 ], [ -104.188461429611223, 21.845703620253705 ], [ -104.188242249939464, 21.845083109628003 ], [ -104.188190369787918, 21.844884140336152 ], [ -104.188181829688119, 21.844659139765348 ], [ -104.188083999918092, 21.844444479731262 ], [ -104.188041750254811, 21.84423901978953 ], [ -104.18803179967523, 21.844105710408861 ], [ -104.188086029789119, 21.843973309628886 ], [ -104.188230659620743, 21.843779710150315 ], [ -104.188362109702737, 21.843493710429925 ], [ -104.188399489758282, 21.843103739676394 ], [ -104.188357509732526, 21.842735780073607 ], [ -104.18822699985688, 21.842366370192551 ], [ -104.187963340089013, 21.84170202033717 ], [ -104.18792801953704, 21.841443799556579 ], [ -104.187820290344803, 21.841099479845369 ], [ -104.187766230474068, 21.840945019696388 ], [ -104.187730890102813, 21.840686800145406 ], [ -104.187584569663386, 21.840359369834996 ], [ -104.187511049892819, 21.840204279927875 ], [ -104.187439999869568, 21.83984308980688 ], [ -104.187349749595398, 21.839377779893621 ], [ -104.187297569917433, 21.838862019783555 ], [ -104.18720899992779, 21.838380339898848 ], [ -104.187191449859355, 21.838019290453268 ], [ -104.187194050050024, 21.837881280154747 ], [ -104.186818910075644, 21.837832149970883 ], [ -104.186543450209541, 21.837813379957559 ], [ -104.186157120065218, 21.837793459616918 ], [ -104.185806779623206, 21.837774849871302 ], [ -104.185603690071957, 21.83772236962794 ], [ -104.185272249576656, 21.83766898009285 ], [ -104.185179880207372, 21.837669380062444 ], [ -104.184794109648649, 21.837683949818839 ], [ -104.184239880275484, 21.837681850190098 ], [ -104.183579310151742, 21.83742071961402 ], [ -104.183413150045979, 21.837367719686547 ], [ -104.18326562984798, 21.837264510259075 ], [ -104.183045149869784, 21.837159619791446 ], [ -104.182659659635704, 21.837071599942369 ], [ -104.182453679582821, 21.837139890429761 ], [ -104.182123080106251, 21.837138230303612 ], [ -104.181866619609792, 21.836913110103637 ], [ -104.181794629757462, 21.836672679698399 ], [ -104.181612579930999, 21.836241339888762 ], [ -104.181339710225814, 21.835724169690042 ], [ -104.181265920228867, 21.835551829882377 ], [ -104.181065859908628, 21.835207909938479 ], [ -104.180957309650992, 21.834930750154847 ], [ -104.180938820275244, 21.834690460416045 ], [ -104.180848769587882, 21.834414879802406 ], [ -104.180721090015609, 21.834157060062385 ], [ -104.180426480426831, 21.83415579954028 ], [ -104.180314649852377, 21.834154660073761 ], [ -104.179928059584583, 21.834118399989496 ], [ -104.179724690230159, 21.834048660434981 ], [ -104.17952547996488, 21.833875380077206 ], [ -104.17937848981768, 21.833685920199194 ], [ -104.179120659846447, 21.833495320340699 ], [ -104.17873488027135, 21.833269320346009 ], [ -104.178459020020711, 21.833166119632519 ], [ -104.177998249695207, 21.833110919671867 ], [ -104.17753931012841, 21.833109260443305 ], [ -104.177348169724254, 21.832894110378053 ], [ -104.177311340418953, 21.832722150051463 ], [ -104.177221319937104, 21.832567289818712 ], [ -104.177091860445813, 21.832498320168202 ], [ -104.176926570467302, 21.832497939612622 ], [ -104.176724980436845, 21.83235828042832 ], [ -104.176613150081351, 21.83223731983999 ], [ -104.176651889528742, 21.832048860166477 ], [ -104.176691170222199, 21.831773250254802 ], [ -104.176581420152161, 21.831481599775138 ], [ -104.176326489791876, 21.831170220093881 ], [ -104.176086049627983, 21.830912180066765 ], [ -104.17583193988456, 21.830531799871853 ], [ -104.175741080249082, 21.830325220156055 ], [ -104.175704650059274, 21.829998030203747 ], [ -104.175578940308924, 21.829740179844293 ], [ -104.17546916980065, 21.829446719981178 ], [ -104.175322879961328, 21.829119279608491 ], [ -104.17516004997529, 21.828792059772219 ], [ -104.175033460159142, 21.828360849913995 ], [ -104.174814000200612, 21.828017199718051 ], [ -104.174630770139217, 21.827810090194038 ], [ -104.174281379919847, 21.8275490796794 ], [ -104.174058260223902, 21.827278980008234 ], [ -104.173967949958154, 21.827106890372185 ], [ -104.173894599957464, 21.826900050280464 ], [ -104.173749980436938, 21.826675150422137 ], [ -104.17352871019618, 21.826519429994111 ], [ -104.173309089862968, 21.826346430285614 ], [ -104.173124750294903, 21.826190180382191 ], [ -104.172667629647933, 21.825878940144968 ], [ -104.172482600121455, 21.825739940382217 ], [ -104.172282289768887, 21.825498579562609 ], [ -104.172209770286173, 21.825222740012105 ], [ -104.172173220162833, 21.824947290443145 ], [ -104.172048179978475, 21.824431649861442 ], [ -104.172031509928885, 21.824122340247342 ], [ -104.17201466016067, 21.823863859611045 ], [ -104.172014779666824, 21.823571550086253 ], [ -104.171777260050902, 21.82343239962702 ], [ -104.171483350359694, 21.823173310396164 ], [ -104.171263879839728, 21.822948550066613 ], [ -104.171081779737321, 21.822690619973297 ], [ -104.17100869031006, 21.822380279797692 ], [ -104.170771290269116, 21.82194882041108 ], [ -104.170620460099286, 21.821819319795864 ], [ -104.17049181998496, 21.821680449646053 ], [ -104.170420720291986, 21.821492629614543 ], [ -104.170364719983226, 21.821336379562297 ], [ -104.17023845029027, 21.821043140369198 ], [ -104.170167739583377, 21.820699200225491 ], [ -104.170039400172655, 21.820458630224717 ], [ -104.169910490217418, 21.820302509733597 ], [ -104.169340890310622, 21.820247920007969 ], [ -104.169008380225705, 21.820247169728418 ], [ -104.168326399995905, 21.820036219696075 ], [ -104.167961679945918, 21.819725460378919 ], [ -104.167153850200691, 21.819067850099856 ], [ -104.166770649831349, 21.81863661985534 ], [ -104.166255629754417, 21.818049310111558 ], [ -104.165944369518172, 21.817617970183491 ], [ -104.165646369698734, 21.817225479930777 ], [ -104.165516649783854, 21.817018520385918 ], [ -104.165372340012922, 21.816811780077714 ], [ -104.165244690407278, 21.816552140352027 ], [ -104.164968579833484, 21.816310940319624 ], [ -104.164768450007799, 21.816137660188517 ], [ -104.164619830279676, 21.815965460252933 ], [ -104.16453162984682, 21.815740680153525 ], [ -104.164456770254461, 21.815500260180137 ], [ -104.164367740270038, 21.81522466009736 ], [ -104.164294830269867, 21.815104050067031 ], [ -104.164224120093607, 21.814638459859342 ], [ -104.164113859803265, 21.814433049772639 ], [ -104.163948710469512, 21.814259260400906 ], [ -104.163767889640539, 21.813897799832919 ], [ -104.16378720029762, 21.81358888991063 ], [ -104.163888540257418, 21.813285830312001 ], [ -104.163921520031252, 21.812853629854871 ], [ -104.163776629962669, 21.81233270986327 ], [ -104.163426079607021, 21.812296800409396 ], [ -104.163149849637961, 21.812346979677404 ], [ -104.162816939539155, 21.812379819740357 ], [ -104.162484030320684, 21.812532460050441 ], [ -104.162226939776005, 21.812565139865487 ], [ -104.162000619855746, 21.812515659970334 ], [ -104.161968819945869, 21.812231980309729 ], [ -104.162172849887995, 21.812043940437157 ], [ -104.162274520166648, 21.811606880155978 ], [ -104.162260979849989, 21.811209050309451 ], [ -104.162215510372533, 21.810592749651086 ], [ -104.162073859673626, 21.810183460417704 ], [ -104.161748450019715, 21.809841340068441 ], [ -104.161244220429751, 21.809617880153684 ], [ -104.160696940174816, 21.809864510127266 ], [ -104.160337380119699, 21.810486509993893 ], [ -104.15995592047868, 21.810806999713439 ], [ -104.159548569984594, 21.810935430447916 ], [ -104.159338119732112, 21.810666400152815 ], [ -104.158994030009552, 21.810485489596967 ], [ -104.158473579513554, 21.810391219557637 ], [ -104.157732769568668, 21.810386179875387 ], [ -104.157092149664351, 21.810446920417778 ], [ -104.156584779586311, 21.810631970389597 ], [ -104.156179019814985, 21.810787449916834 ], [ -104.155910570266059, 21.810596950313556 ], [ -104.155377310342871, 21.809777480060792 ], [ -104.154942829872695, 21.80917719992831 ], [ -104.154542260220595, 21.808326820044286 ], [ -104.154297910224102, 21.807814799647698 ], [ -104.154055080355846, 21.807604280371617 ], [ -104.153859969887677, 21.807614219979261 ], [ -104.153795309846387, 21.80761750968729 ], [ -104.1535331497047, 21.80769461975439 ], [ -104.153435519896234, 21.808005680388192 ], [ -104.153280979555603, 21.808180250447037 ], [ -104.15298034042614, 21.808203620020905 ], [ -104.152622049808627, 21.808001519816109 ], [ -104.151795120319576, 21.807946290006221 ], [ -104.151135659639039, 21.807654180418965 ], [ -104.150402310438778, 21.807487059918532 ], [ -104.149962819637508, 21.807358879659272 ], [ -104.149559370020327, 21.80735725990618 ], [ -104.149322720455956, 21.80745135008981 ], [ -104.148985379951171, 21.807448799937383 ], [ -104.148751049548721, 21.807384000183408 ], [ -104.146531089978879, 21.806430139806118 ], [ -104.145759890234515, 21.805922579634565 ], [ -104.145156310078065, 21.805259289949916 ], [ -104.144924540206915, 21.804565370238066 ], [ -104.144266750363897, 21.802945150204796 ], [ -104.143803879641482, 21.802265350223156 ], [ -104.143081619782564, 21.801777079721603 ], [ -104.142042830273866, 21.801432109893565 ], [ -104.141472220014904, 21.801430080236877 ], [ -104.141263399616264, 21.801622709876064 ], [ -104.14079599967242, 21.801571119647935 ], [ -104.140590520315357, 21.801182749673384 ], [ -104.140229119711819, 21.800890049888377 ], [ -104.139813829561788, 21.800936679610146 ], [ -104.139348600098216, 21.80083786002605 ], [ -104.138778200392409, 21.800301169920392 ], [ -104.138365880038506, 21.799863020401293 ], [ -104.138006279720074, 21.799135480202484 ], [ -104.137804709540788, 21.79850374990756 ], [ -104.13744079963692, 21.79811485957611 ], [ -104.136670830163837, 21.797679880150529 ], [ -104.135990149688951, 21.797357109806001 ], [ -104.13570238022605, 21.797109660089571 ], [ -104.135571309555132, 21.796692110262121 ], [ -104.135497540244359, 21.796150310000851 ], [ -104.135264550048063, 21.795436430275895 ], [ -104.134897060055025, 21.794944090452102 ], [ -104.134740540006462, 21.794697540421865 ], [ -104.134769860145155, 21.794403030391223 ], [ -104.134772919645044, 21.793985420249928 ], [ -104.134583949607247, 21.793742400373254 ], [ -104.134312489533315, 21.793542709807234 ], [ -104.133930950338609, 21.793274110259684 ], [ -104.133699769629573, 21.792972109746461 ], [ -104.133586570327935, 21.792707599840917 ], [ -104.133516509868116, 21.792520749936291 ], [ -104.133103690045445, 21.792393449709998 ], [ -104.132496080290409, 21.792143630275124 ], [ -104.132105909838032, 21.791859510417169 ], [ -104.132075520015121, 21.791531229881262 ], [ -104.131892689653327, 21.791342139860156 ], [ -104.131644690406489, 21.791325940137213 ], [ -104.13141765021291, 21.791282119629535 ], [ -104.131088490168963, 21.791145829913351 ], [ -104.130924259567124, 21.790835079852446 ], [ -104.130702980264999, 21.790626850352592 ], [ -104.13038159994251, 21.790451320208909 ], [ -104.129790259750322, 21.790398970445555 ], [ -104.129264630002837, 21.790492650095096 ], [ -104.128921489602348, 21.790490139636564 ], [ -104.128613650007338, 21.790343949732478 ], [ -104.128306180098548, 21.79023297002291 ], [ -104.127936880054179, 21.790298459572043 ], [ -104.127604000435184, 21.790458479825631 ], [ -104.127130849997783, 21.790653850259382 ], [ -104.126682919647124, 21.790724489978164 ], [ -104.126391709762359, 21.790625050124913 ], [ -104.126105910030233, 21.790377549918837 ], [ -104.125815660267861, 21.790155550338444 ], [ -104.125527739904484, 21.790079660144599 ], [ -104.125159150075916, 21.79012742036856 ], [ -104.124446659537483, 21.790368749613378 ], [ -104.12405045046583, 21.790390570172679 ], [ -104.123549860016524, 21.790388420103305 ], [ -104.123103689935817, 21.790262969713467 ], [ -104.122604289959426, 21.790335229605802 ], [ -104.122101940332328, 21.790528260298856 ], [ -104.12149596971615, 21.790500320293411 ], [ -104.120997509829394, 21.790325660363681 ], [ -104.120551349962895, 21.790077659878882 ], [ -104.119835599526965, 21.789685850194338 ], [ -104.119326400434275, 21.789456910428211 ], [ -104.119043689766485, 21.789422400129965 ], [ -104.118543089984826, 21.789736600361287 ], [ -104.118068660283058, 21.789847420430174 ], [ -104.117267520006678, 21.789743230329492 ], [ -104.11632973976657, 21.789547629787197 ], [ -104.115430350285592, 21.789226939742978 ], [ -104.114563889691041, 21.788828570369486 ], [ -104.113775619980558, 21.788456350320363 ], [ -104.113238979800229, 21.78822984989533 ], [ -104.112157679848423, 21.787774819771187 ], [ -104.110979080312035, 21.787753800162989 ], [ -104.110020980330432, 21.787390690387131 ], [ -104.109455090282353, 21.787327540193417 ], [ -104.10884600036097, 21.787717149670719 ], [ -104.107812629514896, 21.789062089722304 ], [ -104.107093600138327, 21.790311029996627 ], [ -104.106590249938407, 21.79087438023517 ], [ -104.105955289677496, 21.791165400401017 ], [ -104.105271149922814, 21.791234689979891 ], [ -104.104822860406145, 21.791159139675528 ], [ -104.104298199583653, 21.790861320228068 ], [ -104.104117449606107, 21.790492539879615 ], [ -104.103775519528909, 21.790195850229829 ], [ -104.103152889562821, 21.790161540410182 ], [ -104.102397780051746, 21.790114149602623 ], [ -104.101676940285316, 21.790279860303947 ], [ -104.100982659934886, 21.790475550001705 ], [ -104.100612650149557, 21.790866399549479 ], [ -104.100451030300491, 21.791282539623083 ], [ -104.100316619907318, 21.791822679824609 ], [ -104.100236450135441, 21.792288540162442 ], [ -104.099969289949826, 21.792607169553676 ], [ -104.099443419555314, 21.792727829856304 ], [ -104.098436569612062, 21.792816889660749 ], [ -104.097542049576319, 21.792656180128791 ], [ -104.096878849735859, 21.792320799905546 ], [ -104.096358580454009, 21.791998720247449 ], [ -104.095838429961958, 21.791851340258678 ], [ -104.09503597030573, 21.79174766035862 ], [ -104.094040509978967, 21.791591799895432 ], [ -104.093513029587783, 21.791393629560126 ], [ -104.093251200041834, 21.791244710394491 ], [ -104.093196459530517, 21.790875710196644 ], [ -104.09318148048483, 21.789893120072136 ], [ -104.093156149643534, 21.789250849754367 ], [ -104.093189149890918, 21.788658920160071 ], [ -104.093348340243281, 21.788033740061074 ], [ -104.093501550227188, 21.787566340328098 ], [ -104.093801259727542, 21.786742080391896 ], [ -104.093966340073749, 21.78591848968339 ], [ -104.093812550314638, 21.785230709934083 ], [ -104.093723050291587, 21.784842479643743 ], [ -104.093318799716954, 21.784562819905563 ], [ -104.092871309683574, 21.784536229575171 ], [ -104.092239110090787, 21.784631090430079 ], [ -104.091482949820772, 21.784895280137622 ], [ -104.090936649971169, 21.78539106004585 ], [ -104.090453779931778, 21.7855906799035 ], [ -104.089906109786469, 21.785612619907521 ], [ -104.089233879525011, 21.785602460450392 ], [ -104.088091319668862, 21.785603520324937 ], [ -104.086896059653171, 21.785537740447726 ], [ -104.085967220035428, 21.785563879744075 ], [ -104.085440619653156, 21.785577090135405 ], [ -104.085005570319993, 21.78571256967814 ], [ -104.084488200338996, 21.785808579676473 ], [ -104.083980180304735, 21.78576084961627 ], [ -104.083716509578224, 21.785533720047763 ], [ -104.083690399769438, 21.785109109674256 ], [ -104.082484080018205, 21.784408170141148 ], [ -104.081394749824327, 21.783986090112361 ], [ -104.080967150244931, 21.783632119752863 ], [ -104.080809319944606, 21.782923320208194 ], [ -104.080307709963222, 21.782527519651712 ], [ -104.079856179799449, 21.782405150141134 ], [ -104.079601579726031, 21.782554230429742 ], [ -104.079476999535615, 21.78280431975702 ], [ -104.079569569544745, 21.783201050407371 ], [ -104.079856120062402, 21.783817149735818 ], [ -104.080088829680648, 21.784408569643553 ], [ -104.080084549722599, 21.785071280329056 ], [ -104.079978479961653, 21.785562889969235 ], [ -104.079763339583877, 21.78597882020097 ], [ -104.079209000317903, 21.786269539905035 ], [ -104.078550340254921, 21.786413710378859 ], [ -104.077731259709452, 21.786679880181001 ], [ -104.077175910056113, 21.787094050372986 ], [ -104.076857110155629, 21.78765754013035 ], [ -104.076665690379883, 21.788663169778498 ], [ -104.076477480145215, 21.789374659727503 ], [ -104.076237859829178, 21.789717399625541 ], [ -104.075763090261532, 21.789813680034712 ], [ -104.075184349729156, 21.789785180280855 ], [ -104.074291909516276, 21.789583940022368 ], [ -104.073581629629359, 21.789408350199821 ], [ -104.072818200466642, 21.789378710005955 ], [ -104.072437429950568, 21.789581740192371 ], [ -104.072224419692716, 21.789948619870056 ], [ -104.071907080027515, 21.790168029773838 ], [ -104.071345509800452, 21.790238170157775 ], [ -104.070696379516022, 21.790063739990316 ], [ -104.069770430374518, 21.789903829870017 ], [ -104.068890149979623, 21.789710949832983 ], [ -104.068451749773288, 21.789727649926224 ], [ -104.068191650464641, 21.790075949548612 ], [ -104.068087719751304, 21.790318460034108 ], [ -104.067982059874424, 21.790587680353052 ], [ -104.067744249604502, 21.790734290107658 ], [ -104.06745559967375, 21.790609289760738 ], [ -104.067087349858085, 21.790239349814168 ], [ -104.06685319962024, 21.789992880113974 ], [ -104.066434119938606, 21.789792460332162 ], [ -104.066247879934664, 21.789816750444668 ], [ -104.066063690012285, 21.790037079585506 ], [ -104.065955260412636, 21.790379849763855 ], [ -104.065822970432436, 21.790624909735644 ], [ -104.065792090217286, 21.791017459895162 ], [ -104.065896119662796, 21.791459949813394 ], [ -104.066104370188057, 21.791854740079739 ], [ -104.066339249924539, 21.792273679843106 ], [ -104.066414540172843, 21.792618509710433 ], [ -104.06638657956141, 21.793011030113227 ], [ -104.066160150464981, 21.793580509821989 ], [ -104.065784400261634, 21.794023540348451 ], [ -104.065287020407268, 21.794190450372174 ], [ -104.064603490084849, 21.794112490048992 ], [ -104.063921580174778, 21.79388746025187 ], [ -104.063421309747014, 21.793590089985909 ], [ -104.062686540000925, 21.793340350242769 ], [ -104.062188909637385, 21.793214509594748 ], [ -104.061712979973848, 21.793236340114689 ], [ -104.061528289513447, 21.79323517971201 ], [ -104.061318579804734, 21.793060979593182 ], [ -104.060925949628029, 21.792937349947124 ], [ -104.060398140291468, 21.792934459641703 ], [ -104.059924089794904, 21.79307879956044 ], [ -104.059423859909955, 21.793100030336376 ], [ -104.05876546005203, 21.7929490898916 ], [ -104.058319420346464, 21.792700909989847 ], [ -104.057405429944893, 21.792450149845738 ], [ -104.056610739789875, 21.792322579629055 ], [ -104.055926939865074, 21.792416149723625 ], [ -104.055474719602145, 21.79290602988949 ], [ -104.055132050117251, 21.793640820024788 ], [ -104.054865570350827, 21.793994860360524 ], [ -104.054465400122467, 21.794072720434201 ], [ -104.054061149935691, 21.793884770204443 ], [ -104.053890739853713, 21.793559919844565 ], [ -104.053761349976924, 21.793361949888908 ], [ -104.053656659940842, 21.793189970280455 ], [ -104.053498820198271, 21.79316484991832 ], [ -104.053156749977902, 21.793359140350031 ], [ -104.052808750469694, 21.794118119659334 ], [ -104.052615199522378, 21.794645949786965 ], [ -104.052253799515043, 21.794760949706358 ], [ -104.051826279961972, 21.794707340271906 ], [ -104.051569860219828, 21.794332569893946 ], [ -104.051438919604635, 21.794160029893515 ], [ -104.051181429639342, 21.794073689773295 ], [ -104.050857619939038, 21.794044480250324 ], [ -104.050155980161989, 21.793978380198336 ], [ -104.049715970085799, 21.793984259643643 ], [ -104.049344170385979, 21.793754460200166 ], [ -104.048890149675287, 21.793433539921967 ], [ -104.048399180390973, 21.793046030374722 ], [ -104.04795698009903, 21.792737799738322 ], [ -104.047456000354444, 21.792709980079447 ], [ -104.047034739919468, 21.792683830182661 ], [ -104.046382489986769, 21.79273754038541 ], [ -104.045815570211204, 21.792669629768795 ], [ -104.045484309578498, 21.792354999577835 ], [ -104.044776860434297, 21.791982280029522 ], [ -104.043963029646562, 21.791388549849469 ], [ -104.043306909521107, 21.791065970144217 ], [ -104.042965109724747, 21.791086850011212 ], [ -104.042647799618692, 21.791184569996943 ], [ -104.042094110270611, 21.791205549577466 ], [ -104.041542660160857, 21.791054939807466 ], [ -104.040678599775688, 21.790608019599784 ], [ -104.040339880300678, 21.790066060202651 ], [ -104.040158169553592, 21.789621859654918 ], [ -104.039212689587444, 21.789125180233036 ], [ -104.038661630029367, 21.788999060429802 ], [ -104.038152799677349, 21.789018619698112 ], [ -104.037826220475964, 21.789163969893636 ], [ -104.03751043016625, 21.789433600387124 ], [ -104.037162659966924, 21.78935528031715 ], [ -104.036663620392744, 21.789262349843394 ], [ -104.035867080037846, 21.789621630111892 ], [ -104.035441249825766, 21.790061170009182 ], [ -104.035095119725341, 21.790501479765123 ], [ -104.034472219862167, 21.790763889903019 ], [ -104.033736030166594, 21.790735519960812 ], [ -104.033235509727888, 21.7906096198532 ], [ -104.03297418004594, 21.790361650052432 ], [ -104.032399599556669, 21.78964669015711 ], [ -104.031955489561426, 21.789202320454002 ], [ -104.031586820371444, 21.789052890120203 ], [ -104.030876479558358, 21.788998749876153 ], [ -104.030428600182944, 21.788946579705758 ], [ -104.030140379771552, 21.788846909810584 ], [ -104.029667089938457, 21.78872153966207 ], [ -104.029432319905141, 21.78862207965421 ], [ -104.0289852902946, 21.788176829852528 ], [ -104.028515019729753, 21.787928880451236 ], [ -104.027964290246018, 21.787631150156425 ], [ -104.027017030289429, 21.787526570234469 ], [ -104.026013979633262, 21.787716819889656 ], [ -104.025539939672072, 21.787861949812076 ], [ -104.025222430003552, 21.788203820166487 ], [ -104.024904719866981, 21.788276090215213 ], [ -104.024616490126505, 21.788175489734137 ], [ -104.024091940378938, 21.788000860333838 ], [ -104.023200770160969, 21.787234679603834 ], [ -104.022702169964163, 21.786911749576518 ], [ -104.022360020337672, 21.786909890392547 ], [ -104.021858659806938, 21.787177020348054 ], [ -104.021409369677514, 21.787223780043099 ], [ -104.020922769794694, 21.787109139870839 ], [ -104.020230799554454, 21.78644508019666 ], [ -104.019770489598031, 21.785854710270897 ], [ -104.019016230000247, 21.785429339744169 ], [ -104.018180460221913, 21.785103750119195 ], [ -104.01706697972061, 21.785074479787284 ], [ -104.016274430253972, 21.785071890301992 ], [ -104.015958180135982, 21.785046090326183 ], [ -104.015537630128705, 21.784870969958739 ], [ -104.01525122985872, 21.784697719690385 ], [ -104.014569510347158, 21.78415295039229 ], [ -104.014201230262543, 21.784027979974361 ], [ -104.013885799544113, 21.783927720200076 ], [ -104.013677619779727, 21.783656320325903 ], [ -104.013494479779396, 21.783433620209031 ], [ -104.013180509553678, 21.783236219968096 ], [ -104.012679569557875, 21.783208279744695 ], [ -104.012043950045353, 21.782968769780378 ], [ -104.011607289614417, 21.782781179959816 ], [ -104.011385710172675, 21.782471140013108 ], [ -104.011256879967519, 21.782117680010188 ], [ -104.010739229533655, 21.781947449708397 ], [ -104.010200890451671, 21.781888229771528 ], [ -104.009383619642122, 21.781828119853078 ], [ -104.008905419758761, 21.781825309850877 ], [ -104.008427619703255, 21.781915079741637 ], [ -104.008127710146738, 21.782135939819312 ], [ -104.00790610990417, 21.7822650195527 ], [ -104.007505819676737, 21.782467230092976 ], [ -104.00694721971243, 21.782482690204436 ], [ -104.006628419928532, 21.782481420435971 ], [ -104.006210479699376, 21.782478710413496 ], [ -104.005712549581773, 21.782457079553946 ], [ -104.005412339723819, 21.782529079634148 ], [ -104.004893740086771, 21.782619349573736 ], [ -104.004433720255193, 21.782598139986263 ], [ -104.003956909951512, 21.782558060423955 ], [ -104.003636999623211, 21.782612170437822 ], [ -104.003316799606125, 21.78277702021326 ], [ -104.003070660463464, 21.782913890055514 ], [ -104.002625879836927, 21.782951429640818 ], [ -104.001978820109073, 21.782861630390137 ], [ -104.001620999706219, 21.782785510169521 ], [ -104.001363139803757, 21.782634550170478 ], [ -104.000944090432625, 21.782558319640152 ], [ -104.000746089664403, 21.782445619992039 ], [ -104.000488230457748, 21.782294660372671 ], [ -104.000329939615341, 21.782107920412063 ], [ -103.999932139699084, 21.781956970202494 ], [ -103.999674020153449, 21.781918580122682 ], [ -103.999513349683468, 21.781898889750092 ], [ -103.999115109759742, 21.781783340072156 ], [ -103.998837690051673, 21.781559120024372 ], [ -103.99864232044807, 21.781166800365508 ], [ -103.998524030347085, 21.780924150218077 ], [ -103.9982671702017, 21.780644290220266 ], [ -103.998048890003929, 21.780475570205049 ], [ -103.997713569942405, 21.779821829578349 ], [ -103.9974869204068, 21.779482570349259 ], [ -103.99706884961401, 21.77927468989262 ], [ -103.99654997034439, 21.779215170179334 ], [ -103.995890979705095, 21.779341739708926 ], [ -103.995053049582978, 21.779523289753364 ], [ -103.994416140070527, 21.77963141963491 ], [ -103.993557910141604, 21.779625310135415 ], [ -103.992839490189553, 21.779807109955229 ], [ -103.991540689620237, 21.779911089960759 ], [ -103.990765200067827, 21.779849449754369 ], [ -103.990345620147963, 21.779735969746334 ], [ -103.989849109769409, 21.779547250149598 ], [ -103.989589880474711, 21.77956421991518 ], [ -103.989510029903954, 21.779749519583945 ], [ -103.989149149908201, 21.779859489779181 ], [ -103.988892019691377, 21.779690349817329 ], [ -103.988793169550874, 21.779447459814019 ], [ -103.988656139893877, 21.779186000197402 ], [ -103.988517880012935, 21.778906380104381 ], [ -103.988519420091947, 21.778683060278862 ], [ -103.988340620071, 21.778422139631012 ], [ -103.988044889820159, 21.778140950160459 ], [ -103.987747509953266, 21.777748120292365 ], [ -103.987093720009923, 21.77724191038396 ], [ -103.986796339860959, 21.776979779617548 ], [ -103.98662100014829, 21.776624419854013 ], [ -103.986582029856891, 21.776159249899013 ], [ -103.986505280397566, 21.775898819768639 ], [ -103.986107490260778, 21.775746920364931 ], [ -103.985788709515035, 21.775745600036071 ], [ -103.985510319832628, 21.77565026010425 ], [ -103.985133399931286, 21.775462709734867 ], [ -103.984935419803676, 21.775218349952834 ], [ -103.984811919625145, 21.774427509882699 ], [ -103.984757149695739, 21.773682080017018 ], [ -103.984682399919819, 21.773031290180491 ], [ -103.984645349663637, 21.772695910240426 ], [ -103.984447379952371, 21.772583180013442 ], [ -103.984148319824058, 21.772599769583149 ], [ -103.983946419998631, 21.772878320410499 ], [ -103.983605799525421, 21.773042480014389 ], [ -103.982406430171167, 21.773556310356692 ], [ -103.981687320284266, 21.773886919849648 ], [ -103.981287289938621, 21.774108139982907 ], [ -103.981204230268148, 21.774275319916523 ], [ -103.980926120171873, 21.774328829562879 ], [ -103.980628050485066, 21.774215580340652 ], [ -103.980449780280821, 21.773990949765359 ], [ -103.980392510282883, 21.773731169809594 ], [ -103.980354889991844, 21.773488380449653 ], [ -103.980276489671482, 21.773115420269288 ], [ -103.980118250335067, 21.772928650034959 ], [ -103.979860170316769, 21.772759509815685 ], [ -103.979562349790697, 21.772664399930672 ], [ -103.979163620252635, 21.77264411954356 ], [ -103.9788455199417, 21.772622819822363 ], [ -103.978645749599679, 21.772453830161236 ], [ -103.97844963034666, 21.77213682975195 ], [ -103.9784517499088, 21.771820019699039 ], [ -103.978332919628926, 21.771670859777984 ], [ -103.977974060124978, 21.771520260009325 ], [ -103.977757489986359, 21.771332429906614 ], [ -103.977339050403913, 21.771293350176673 ], [ -103.9770194296037, 21.771234829700621 ], [ -103.976501849846628, 21.771195199755358 ], [ -103.97632051012296, 21.771287399594581 ], [ -103.976201169573912, 21.771563970339855 ], [ -103.976157820203625, 21.771786920447699 ], [ -103.976097679771456, 21.771991940383359 ], [ -103.97596374966524, 21.772267800142384 ], [ -103.975781830050764, 21.772452580076457 ], [ -103.97534475043868, 21.772468199937588 ], [ -103.97494658027999, 21.772354399576248 ], [ -103.974728349805346, 21.772185649623616 ], [ -103.974652370063993, 21.771645630294334 ], [ -103.974694659837738, 21.771218460291355 ], [ -103.974576119670886, 21.770956739852014 ], [ -103.97435871955193, 21.770843349903437 ], [ -103.973959979758177, 21.770823059861108 ], [ -103.973419029940914, 21.771043319589133 ], [ -103.972859739883503, 21.771206650155239 ], [ -103.972499830382731, 21.771315659852352 ], [ -103.972222580017402, 21.771295619853543 ], [ -103.971784710115017, 21.771125140320539 ], [ -103.971365169875781, 21.771011619798255 ], [ -103.970609220343718, 21.77082070956385 ], [ -103.970152169884628, 21.770799349872519 ], [ -103.969512910313057, 21.770943709940276 ], [ -103.969053719721131, 21.771108450210917 ], [ -103.968673569605187, 21.771161429890249 ], [ -103.968095850039887, 21.771195169624228 ], [ -103.967686339960125, 21.77130117018412 ], [ -103.967588799627876, 21.771608319894291 ], [ -103.967585720350911, 21.772060419608703 ], [ -103.967441909893822, 21.772325490234042 ], [ -103.966898830119362, 21.772402340400735 ], [ -103.966470420050214, 21.772346110219544 ], [ -103.965670549975528, 21.772341830243938 ], [ -103.964928620382111, 21.772442999934182 ], [ -103.964186690022885, 21.772545979668209 ], [ -103.963158999765696, 21.772511940205952 ], [ -103.962102369731809, 21.772559030104627 ], [ -103.961474719565317, 21.772635119992383 ], [ -103.96127335022824, 21.77282015004177 ], [ -103.961014449883649, 21.772924219657551 ], [ -103.960643179518399, 21.772922599918768 ], [ -103.96035937977976, 21.772787339579011 ], [ -103.959391370372117, 21.772248709963499 ], [ -103.958765860083844, 21.77200525975632 ], [ -103.958081059888457, 21.772027599752978 ], [ -103.957595509594952, 21.772183570006511 ], [ -103.957278660023007, 21.772314689702768 ], [ -103.95724894037339, 21.772608259952378 ], [ -103.957532349996725, 21.772849739861414 ], [ -103.957616340339854, 21.773143680420869 ], [ -103.957441579854176, 21.773488119769851 ], [ -103.9569297795138, 21.773511889727704 ], [ -103.955960419789577, 21.773346320238762 ], [ -103.955417320424189, 21.773289710258013 ], [ -103.954985400133197, 21.773659199771917 ], [ -103.954671879971556, 21.773950029861076 ], [ -103.954328400178341, 21.773921719797642 ], [ -103.953956749665423, 21.773759430084819 ], [ -103.953644949904756, 21.773703490025888 ], [ -103.953414429918197, 21.773888879704309 ], [ -103.953268460243379, 21.774341880046499 ], [ -103.953031460277799, 21.775617509759996 ], [ -103.952857879889038, 21.776042719986627 ], [ -103.952427320037955, 21.776173459592631 ], [ -103.952116520314718, 21.775985890173015 ], [ -103.951973250298536, 21.775690880059361 ], [ -103.95183643000243, 21.775104419910058 ], [ -103.951783749694513, 21.774490549941117 ], [ -103.951557119823875, 21.774143969602623 ], [ -103.951360019882131, 21.77395584955503 ], [ -103.951131250374814, 21.77392880028826 ], [ -103.950816539955227, 21.774006320214284 ], [ -103.950587750265981, 21.774110890041307 ], [ -103.950328249740096, 21.774509060122572 ], [ -103.950323550246509, 21.774988379759922 ], [ -103.950121180030024, 21.775305939802966 ], [ -103.948979180052575, 21.775432090212455 ], [ -103.948304949797446, 21.77551325960258 ], [ -103.947550350431015, 21.775748859591221 ], [ -103.946736400326401, 21.776113199932244 ], [ -103.946319229939888, 21.776295490009019 ], [ -103.945902369601299, 21.776366139716195 ], [ -103.945485850246172, 21.776326939603447 ], [ -103.94524852009431, 21.776379860448824 ], [ -103.944988180134942, 21.77665547977044 ], [ -103.944511460202378, 21.776819459825102 ], [ -103.944077019729718, 21.776816779920011 ], [ -103.943601909761966, 21.776758350271777 ], [ -103.943225829975376, 21.776626049895199 ], [ -103.942734180107834, 21.77636448993626 ], [ -103.942260180128514, 21.776047339605167 ], [ -103.941787449696491, 21.775749230347255 ], [ -103.941275049641007, 21.775597769871741 ], [ -103.94079833962266, 21.775427710315419 ], [ -103.940283489798944, 21.775443290099354 ], [ -103.939035600361748, 21.775638780000666 ], [ -103.938597919989093, 21.77595021983479 ], [ -103.938298259568811, 21.776262620213114 ], [ -103.937842780362857, 21.77635097042004 ], [ -103.93782465961344, 21.776240459830216 ], [ -103.937884370382406, 21.776000970031436 ], [ -103.937964309990605, 21.775816600438894 ], [ -103.93774781999835, 21.775630519551292 ], [ -103.937412230056481, 21.775610259687703 ], [ -103.93687794971305, 21.77562517003933 ], [ -103.936165019635425, 21.775584230056428 ], [ -103.935886940102293, 21.775507859754068 ], [ -103.935610979720494, 21.775376090354403 ], [ -103.935293260404464, 21.775448169960061 ], [ -103.935036429543374, 21.775631140295303 ], [ -103.934876090459369, 21.775833770023382 ], [ -103.934496169784865, 21.775904820006549 ], [ -103.933827109880056, 21.775537450055776 ], [ -103.933514370366808, 21.774742599995982 ], [ -103.932598539991929, 21.774042479546566 ], [ -103.931962509892315, 21.773740939751328 ], [ -103.931433349883704, 21.773638680008421 ], [ -103.93086616961142, 21.773865480310604 ], [ -103.930225619891161, 21.774125879743774 ], [ -103.929514569794165, 21.77448519990023 ], [ -103.928629109814807, 21.774610689570704 ], [ -103.92746388024139, 21.774339380230078 ], [ -103.926618030289788, 21.773772690426068 ], [ -103.926092939955154, 21.773074890098272 ], [ -103.925670319802208, 21.77261000001813 ], [ -103.924540150124017, 21.772205709588196 ], [ -103.923938579602861, 21.772136090225185 ], [ -103.92348191005037, 21.771802319862584 ], [ -103.923131200235119, 21.771404600255011 ], [ -103.922595620116667, 21.77098922979787 ], [ -103.921745569896075, 21.770329969850042 ], [ -103.921316689593866, 21.769562859768559 ], [ -103.921083180259799, 21.768662620258247 ], [ -103.921040779646418, 21.768077659684398 ], [ -103.920756080267282, 21.767536599794198 ], [ -103.920084549570262, 21.767127449996494 ], [ -103.919170379829069, 21.766940999825675 ], [ -103.918883399547184, 21.766579680446949 ], [ -103.918644370075185, 21.766174200077824 ], [ -103.919053109800544, 21.763299800036382 ], [ -103.919055740132265, 21.762669820310247 ], [ -103.918772509610719, 21.760873350128143 ], [ -103.91877664960775, 21.760280570272084 ], [ -103.918919579931185, 21.760083619893454 ], [ -103.919378830409542, 21.759921750286907 ], [ -103.919559370454337, 21.759297710080077 ], [ -103.919456540083871, 21.758902319584958 ], [ -103.91914121984486, 21.758800969679495 ], [ -103.917660059875928, 21.758644289761115 ], [ -103.918051879662087, 21.758185540223977 ], [ -103.918231800398729, 21.757857429631439 ], [ -103.917950619902399, 21.757559580292874 ], [ -103.917389060184362, 21.757226200036772 ], [ -103.916368850170372, 21.756890379872562 ], [ -103.916054180150013, 21.756426830351796 ], [ -103.916129310251975, 21.755768710053474 ], [ -103.916556570094258, 21.755409369876606 ], [ -103.916884660309108, 21.754028279656701 ], [ -103.917881289949364, 21.752717800439537 ], [ -103.919055689589399, 21.751473180388995 ], [ -103.920118550257897, 21.750855350174156 ], [ -103.920470719994967, 21.751021599837927 ], [ -103.920857380205661, 21.751220999715574 ], [ -103.92145642994069, 21.751324229855182 ], [ -103.921986540169002, 21.751228649884411 ], [ -103.922448220042696, 21.751034970073871 ], [ -103.923296110282351, 21.750875480390722 ], [ -103.92421189036736, 21.751045549912892 ], [ -103.924667539706491, 21.751312150184692 ], [ -103.925300510482401, 21.751612830161534 ], [ -103.926076909556045, 21.751683879863979 ], [ -103.927171059548073, 21.7517572900537 ], [ -103.92816033986918, 21.751631400035336 ], [ -103.928894219592792, 21.751651230011099 ], [ -103.93014082028364, 21.751717259872589 ], [ -103.931202090399466, 21.751666690106184 ], [ -103.931702350149223, 21.751319999583661 ], [ -103.932581680422004, 21.750511060099651 ], [ -103.932850490070535, 21.749949429750671 ], [ -103.933052629788449, 21.749614660419326 ], [ -103.933374399681, 21.749356460065965 ], [ -103.933533620046092, 21.749145680276985 ], [ -103.933550369778928, 21.748959380421056 ], [ -103.93356568032128, 21.748674170041646 ], [ -103.933647600374883, 21.748426249961852 ], [ -103.933607630024525, 21.748214340097043 ], [ -103.933462799906977, 21.748076379638231 ], [ -103.933263430137814, 21.748063460436043 ], [ -103.933104320344654, 21.748012819683485 ], [ -103.932971539980116, 21.747900110221519 ], [ -103.932812830022044, 21.747675180141805 ], [ -103.932654660274409, 21.747487460147457 ], [ -103.932484849782085, 21.747300799710999 ], [ -103.932219769823917, 21.746975540088695 ], [ -103.93211433999231, 21.746739049861141 ], [ -103.932011460313618, 21.746477109806747 ], [ -103.931985170437486, 21.74620422008654 ], [ -103.931988280443946, 21.745880119570455 ], [ -103.932162259920617, 21.745682780449879 ], [ -103.932244910231873, 21.745484769907044 ], [ -103.932257520356998, 21.745348460228215 ], [ -103.932261720395346, 21.744966259970855 ], [ -103.932150180234288, 21.744642689589913 ], [ -103.932122420405562, 21.744401600218712 ], [ -103.931994370329704, 21.744146320314645 ], [ -103.931853280090067, 21.743930260430972 ], [ -103.93184125974048, 21.743635400045473 ], [ -103.931827859950985, 21.743380509845178 ], [ -103.931728180280174, 21.743205659760147 ], [ -103.931599349962511, 21.743164619558929 ], [ -103.931413750028312, 21.74309615005469 ], [ -103.931169690010677, 21.742880460269649 ], [ -103.931058169573149, 21.742557819587613 ], [ -103.930830630482845, 21.742274750198895 ], [ -103.930604059680249, 21.741857340290835 ], [ -103.930432110310917, 21.741588090037716 ], [ -103.93012062992932, 21.741210769715302 ], [ -103.929747540169885, 21.740940429683004 ], [ -103.929319450219893, 21.74069617955567 ], [ -103.929061769561812, 21.740546939614209 ], [ -103.92863291974848, 21.740114800030309 ], [ -103.928255829709514, 21.739566750378778 ], [ -103.92804387971637, 21.73915095001168 ], [ -103.927994879706162, 21.73878394980402 ], [ -103.928049660351235, 21.738404750006691 ], [ -103.928077179932075, 21.73795418026215 ], [ -103.927991970020514, 21.737433319622713 ], [ -103.927716510451475, 21.736992920233789 ], [ -103.927413320198823, 21.736718060177882 ], [ -103.926971260105361, 21.736514829956011 ], [ -103.926516379973009, 21.736298150174065 ], [ -103.926123799976651, 21.736225019719193 ], [ -103.925718119866673, 21.73618653997066 ], [ -103.925362950193232, 21.736148339645734 ], [ -103.925020309626404, 21.736168970405153 ], [ -103.92472824968452, 21.736262490276495 ], [ -103.924370620246421, 21.736390430353914 ], [ -103.924104450279117, 21.736460029563339 ], [ -103.92373682963688, 21.736433769909919 ], [ -103.923476539669778, 21.736236429947251 ], [ -103.923163780220904, 21.735903600317148 ], [ -103.923012579837476, 21.735522429617422 ], [ -103.922675089802908, 21.735022890415333 ], [ -103.922459369573488, 21.734748739811231 ], [ -103.922220659810037, 21.734700889771123 ], [ -103.921853490289649, 21.734638320040553 ], [ -103.921534819856532, 21.734636879806033 ], [ -103.921318599889418, 21.734599630202212 ], [ -103.921199310375385, 21.734410509993772 ], [ -103.921005140450333, 21.73408071960278 ], [ -103.920832579650053, 21.733565489751484 ], [ -103.920704829534486, 21.732988880247859 ], [ -103.920508420211306, 21.732638250298002 ], [ -103.920178539850212, 21.732533450325516 ], [ -103.919695250230106, 21.732366119654063 ], [ -103.91930056995983, 21.732281200004273 ], [ -103.918883339864209, 21.732113940310484 ], [ -103.918571020115749, 21.731877309550015 ], [ -103.918419980013965, 21.731507050136674 ], [ -103.918356379986847, 21.731135679667183 ], [ -103.918316779835763, 21.730744950256536 ], [ -103.91823094013796, 21.730313049928988 ], [ -103.918036949537779, 21.72985980043876 ], [ -103.917861149933003, 21.729590599713312 ], [ -103.917600450131758, 21.729362400246021 ], [ -103.917204780158229, 21.729072339945589 ], [ -103.915621909561324, 21.727757769598977 ], [ -103.914264249875956, 21.726906050284793 ], [ -103.913013580174734, 21.726198199898807 ], [ -103.912419660307137, 21.725968689723885 ], [ -103.911872349627942, 21.725738600350958 ], [ -103.911233649747842, 21.72557046027519 ], [ -103.910772739882333, 21.725402830132531 ], [ -103.910300369577101, 21.724500110106149 ], [ -103.910015799535543, 21.723959939844079 ], [ -103.909758120431832, 21.723396740320979 ], [ -103.909470889995021, 21.722669620175253 ], [ -103.909188650120427, 21.722154830011014 ], [ -103.908778510420447, 21.721664319899315 ], [ -103.908371290314179, 21.721172880262689 ], [ -103.908113050055576, 21.720774890395109 ], [ -103.907906909532798, 21.720282749699088 ], [ -103.907876569637338, 21.719858319908226 ], [ -103.907895149659808, 21.719457799879688 ], [ -103.90781459998756, 21.718916909639596 ], [ -103.907735820361509, 21.718705489628142 ], [ -103.907454320231466, 21.718378579547409 ], [ -103.907125980142723, 21.718310950056022 ], [ -103.906321179808955, 21.718413539957933 ], [ -103.90501231951616, 21.718591369807122 ], [ -103.904228780113954, 21.718482179708289 ], [ -103.903972890290589, 21.718248450157276 ], [ -103.903715580310603, 21.717571770276805 ], [ -103.903556710196781, 21.717192510301754 ], [ -103.903476180240631, 21.71699381962372 ], [ -103.903350250003399, 21.716676770209904 ], [ -103.903043859791168, 21.716443660191565 ], [ -103.902790619729132, 21.716258000323908 ], [ -103.902410149748363, 21.716143819746652 ], [ -103.901366259775003, 21.717333120317765 ], [ -103.900819320470845, 21.718835780197882 ], [ -103.900764350158639, 21.718988749761902 ], [ -103.900730540465375, 21.719082859999933 ], [ -103.900221739528561, 21.720879140230103 ], [ -103.899908859592074, 21.722107510085099 ], [ -103.899698799711373, 21.723735779884045 ], [ -103.899491679994327, 21.725433939566077 ], [ -103.898959890359635, 21.727324889808955 ], [ -103.898761250016804, 21.727704049882885 ], [ -103.898539250362148, 21.727941890266262 ], [ -103.89816209033583, 21.728063650122795 ], [ -103.89748122953857, 21.728210939562114 ], [ -103.896371249635223, 21.728034049806155 ], [ -103.895913460029874, 21.727743779769646 ], [ -103.895581250201488, 21.727264999641772 ], [ -103.89544730956942, 21.726723849712794 ], [ -103.89526348046553, 21.726089820151795 ], [ -103.895160569824426, 21.723828199960597 ], [ -103.895488290472187, 21.72158667972597 ], [ -103.895759779999807, 21.718803949955365 ], [ -103.89595057004378, 21.717995570205346 ], [ -103.896239089788722, 21.716772969869538 ], [ -103.89624055032175, 21.716739369825468 ], [ -103.896344200242496, 21.714933580027488 ], [ -103.896532089607263, 21.71365868005315 ], [ -103.896570570075653, 21.712739620192259 ], [ -103.896259430168541, 21.711894769717187 ], [ -103.895842690320976, 21.710932320280047 ], [ -103.895405290344698, 21.710018230328007 ], [ -103.894636049631444, 21.709060119939409 ], [ -103.893621180295497, 21.70838642982855 ], [ -103.892956319768544, 21.707733849961866 ], [ -103.892747660082406, 21.707495230038088 ], [ -103.892038149729331, 21.706682260003511 ], [ -103.891654119898689, 21.706106969810378 ], [ -103.891396150470698, 21.705722570115398 ], [ -103.891158250074824, 21.704900419709862 ], [ -103.890922579584554, 21.704031030120689 ], [ -103.890868370292537, 21.70363049015948 ], [ -103.89063607960469, 21.703137750075026 ], [ -103.890424449900223, 21.702457780367126 ], [ -103.890365579753237, 21.70172781959527 ], [ -103.890457580271033, 21.70101960042992 ], [ -103.89060204952105, 21.70038152016809 ], [ -103.890622600169721, 21.699980079686416 ], [ -103.890440169570567, 21.69944043016406 ], [ -103.889855369690622, 21.698952050260168 ], [ -103.889222419625781, 21.698628519830677 ], [ -103.888691819954246, 21.698539750419236 ], [ -103.888134049858564, 21.698451309865774 ], [ -103.887853619588554, 21.698194250194959 ], [ -103.887724970035208, 21.697818229549416 ], [ -103.887745550327878, 21.697417690062959 ], [ -103.888391109757791, 21.696705379555613 ], [ -103.8893435397123, 21.69605918036968 ], [ -103.890317949824833, 21.695389120164858 ], [ -103.890697579963856, 21.695311830078069 ], [ -103.891046219917655, 21.695240349828751 ], [ -103.892201370462502, 21.694852149690586 ], [ -103.892917689803966, 21.694557059918406 ], [ -103.893039520134948, 21.694506879618515 ], [ -103.893432509787672, 21.694344089991887 ], [ -103.894031780318713, 21.693796630266608 ], [ -103.894604830082059, 21.69324856980694 ], [ -103.895000449708476, 21.692584710303915 ], [ -103.895721620053735, 21.691728920256264 ], [ -103.896292579817199, 21.690898600454378 ], [ -103.89713430972094, 21.689641049832591 ], [ -103.897674709626713, 21.688504289650282 ], [ -103.898070309830828, 21.687841320283319 ], [ -103.898620689538802, 21.687411539577244 ], [ -103.899522939585211, 21.687000980305687 ], [ -103.900225540110426, 21.686758110344904 ], [ -103.900954649780033, 21.686467690138279 ], [ -103.901709779682037, 21.686436549667931 ], [ -103.902162260136009, 21.68636194988493 ], [ -103.902591079602601, 21.686262249697176 ], [ -103.902991720213905, 21.686093890227173 ], [ -103.90330212008719, 21.685827950301395 ], [ -103.903549419980223, 21.685431110400113 ], [ -103.903605089945842, 21.684898819587957 ], [ -103.903167710415417, 21.683781969602848 ], [ -103.902649649536087, 21.682922080454201 ], [ -103.903148419840207, 21.682423679607918 ], [ -103.904626289906872, 21.682602229985658 ], [ -103.906161519660998, 21.682366579731799 ], [ -103.906829550177775, 21.680826289699056 ], [ -103.906962199524258, 21.68052044972989 ], [ -103.907686200287202, 21.678372030281643 ], [ -103.908546280153345, 21.675826179804183 ], [ -103.908801949756622, 21.675026970384433 ], [ -103.908798939904003, 21.674949059928213 ], [ -103.90877891955013, 21.674432720414131 ], [ -103.908839630060044, 21.673785710129149 ], [ -103.910462340432986, 21.671470889902626 ], [ -103.910761219834328, 21.671085400252068 ], [ -103.912400830281968, 21.668970600095026 ], [ -103.912899030157959, 21.668838230268644 ], [ -103.913654660076674, 21.668712619837486 ], [ -103.914060260077946, 21.66889634991113 ], [ -103.914266709559683, 21.669412970413791 ], [ -103.914501369633342, 21.670069919793416 ], [ -103.914732980401098, 21.670444629992033 ], [ -103.915267520403305, 21.670817370356787 ], [ -103.917478660003169, 21.670276000314971 ], [ -103.918759369807091, 21.669861519759525 ], [ -103.920014140444266, 21.669330259873099 ], [ -103.920790319862832, 21.668945679624759 ], [ -103.921337570370511, 21.668374249648423 ], [ -103.921606380103555, 21.667617510350951 ], [ -103.921841369793128, 21.66605970989772 ], [ -103.922529829645526, 21.66247121980685 ], [ -103.9230391995481, 21.66088637989526 ], [ -103.924390449917254, 21.657951260059694 ], [ -103.925125800241361, 21.656081310012407 ], [ -103.926234689987993, 21.653855380427043 ], [ -103.928245430072437, 21.649192829666983 ], [ -103.929251220145389, 21.644869660269713 ], [ -103.929767480269504, 21.643638720100597 ], [ -103.93007954953579, 21.642386749653078 ], [ -103.930249450257591, 21.641914429693134 ], [ -103.930122420363631, 21.641655540124908 ], [ -103.929892600140903, 21.641306649625839 ], [ -103.929383000185808, 21.641073939713038 ], [ -103.928727780137663, 21.641081280198861 ], [ -103.927942649956805, 21.640829740183083 ], [ -103.927081320126618, 21.640344059560437 ], [ -103.925988489994154, 21.63962440011235 ], [ -103.925053259590101, 21.639399229976121 ], [ -103.924269349896662, 21.639030570001957 ], [ -103.923226029554172, 21.638240370256462 ], [ -103.922485580253849, 21.637516260217001 ], [ -103.921796580476226, 21.636722519784168 ], [ -103.92113227985898, 21.636093659580194 ], [ -103.920387949967918, 21.63475873994205 ], [ -103.91919600029226, 21.634229050023894 ], [ -103.918132579672942, 21.633862050033368 ], [ -103.916866170059322, 21.633215280053427 ], [ -103.915672479686464, 21.632426910355232 ], [ -103.914884050165412, 21.631939349798159 ], [ -103.913284170145346, 21.63084925020576 ], [ -103.912597339587663, 21.630337720452115 ], [ -103.911834779862176, 21.629826230452981 ], [ -103.911297309866214, 21.629031480260775 ], [ -103.910886450303082, 21.628470219946674 ], [ -103.910601030425155, 21.627719489584436 ], [ -103.910368780286376, 21.627225910390663 ], [ -103.910258750244068, 21.626521110304207 ], [ -103.910295340313525, 21.625341599994428 ], [ -103.910284149745181, 21.624352399782431 ], [ -103.910200970247345, 21.623622770293451 ], [ -103.910141339915768, 21.622844740015609 ], [ -103.909931429748596, 21.622282779745532 ], [ -103.909521830363218, 21.621603520228803 ], [ -103.909111660240157, 21.621089449782787 ], [ -103.908423140062638, 21.620318340014858 ], [ -103.908138829884322, 21.619779090332742 ], [ -103.907904939722144, 21.619168430367743 ], [ -103.907698939617219, 21.618676309998186 ], [ -103.907638349680411, 21.617828420377016 ], [ -103.907983220144061, 21.617165170268294 ], [ -103.908502019875456, 21.616310950176427 ], [ -103.908922909601444, 21.615671259908428 ], [ -103.909297379693371, 21.615384320383157 ], [ -103.909820539561352, 21.614836850343782 ], [ -103.910496919510692, 21.614712379607695 ], [ -103.911345649881412, 21.614642029913572 ], [ -103.912211649956546, 21.615143599815234 ], [ -103.912500939636445, 21.615566950121057 ], [ -103.912915060399683, 21.615775279635272 ], [ -103.913190939974257, 21.615899940378188 ], [ -103.913465000143262, 21.615896510432123 ], [ -103.913793379565121, 21.615858259794024 ], [ -103.914177779822907, 21.615904689727792 ], [ -103.914377289852538, 21.615959979963485 ], [ -103.914491619663252, 21.616013919825928 ], [ -103.914615819873063, 21.616039279552769 ], [ -103.914751109809728, 21.616075369908163 ], [ -103.914841910157719, 21.616141420049292 ], [ -103.91486208989717, 21.616296519793558 ], [ -103.914963780074103, 21.616496799701508 ], [ -103.915004149919852, 21.616695539800997 ], [ -103.915019380368577, 21.616945860064831 ], [ -103.91499945013679, 21.617249259838314 ], [ -103.915150519858926, 21.617428910223392 ], [ -103.915493260402641, 21.617502690222913 ], [ -103.915854289730575, 21.617629120179711 ], [ -103.915950279614705, 21.617898149561412 ], [ -103.915975880402328, 21.618180919782347 ], [ -103.916510909594848, 21.618306150180334 ], [ -103.916902920365629, 21.618301250163302 ], [ -103.91742802970235, 21.618135319653845 ], [ -103.917528620000951, 21.618103540244221 ], [ -103.917839689601081, 21.618007380090866 ], [ -103.917976880195027, 21.617750289725315 ], [ -103.918226459849166, 21.617361289793475 ], [ -103.91877581987562, 21.617119910080952 ], [ -103.919084290010034, 21.616249710370546 ], [ -103.919229259728823, 21.615730520344066 ], [ -103.919243279601062, 21.61481089018525 ], [ -103.919262059648219, 21.614292380078492 ], [ -103.919080280253326, 21.613799080337674 ], [ -103.918798309698644, 21.613425939642461 ], [ -103.917784139842979, 21.612894030155942 ], [ -103.916846660081092, 21.612361150232292 ], [ -103.916086649693042, 21.61215734966305 ], [ -103.915529750436519, 21.61190291017806 ], [ -103.914794829648912, 21.611416510393546 ], [ -103.914080820406539, 21.6106938499316 ], [ -103.913519890089233, 21.610157149910393 ], [ -103.912904489535123, 21.609338880015315 ], [ -103.912596599663303, 21.608847139809686 ], [ -103.912365459739007, 21.608049089608379 ], [ -103.912853739873754, 21.607495770003851 ], [ -103.9133708596476, 21.606877170209909 ], [ -103.913991280381239, 21.606544800085029 ], [ -103.914138110001204, 21.605708230048887 ], [ -103.91538422958952, 21.604023169952679 ], [ -103.916065770258641, 21.603171549942836 ], [ -103.916540909781801, 21.60251721961966 ], [ -103.916595369649187, 21.601909949883741 ], [ -103.916317849922152, 21.600473429672203 ], [ -103.916522879952424, 21.59957482042795 ], [ -103.916751000198218, 21.598767549797923 ], [ -103.917160059594153, 21.598426430085919 ], [ -103.917152940443373, 21.597927580047671 ], [ -103.917732619717427, 21.597752309659171 ], [ -103.918142550023802, 21.597574740235398 ], [ -103.918521680351901, 21.597278630417264 ], [ -103.918675199910396, 21.597019849684106 ], [ -103.918880549559631, 21.596787649705234 ], [ -103.919021570442965, 21.59646911030665 ], [ -103.919171979694624, 21.596128679749739 ], [ -103.919456619623006, 21.59596926032339 ], [ -103.919649429564558, 21.595712540130979 ], [ -103.919882800070738, 21.595410909770798 ], [ -103.92006596999687, 21.595188950169597 ], [ -103.920124820081526, 21.595029380380296 ], [ -103.920194689996592, 21.594737950235384 ], [ -103.920599379639057, 21.594499780066695 ], [ -103.921065090392077, 21.594138089614837 ], [ -103.921221219524128, 21.59359485994376 ], [ -103.921695620332883, 21.592897619710392 ], [ -103.922003170440959, 21.592182710140897 ], [ -103.922800449847728, 21.591321719984066 ], [ -103.922845770274563, 21.591257460327206 ], [ -103.923001460273269, 21.59103665989791 ], [ -103.923190750114969, 21.590568910356389 ], [ -103.923182999756079, 21.590028049700955 ], [ -103.923029480162242, 21.589675999614812 ], [ -103.922979940200705, 21.589604909630236 ], [ -103.922618020316833, 21.589067580012923 ], [ -103.921904059844238, 21.588344970195141 ], [ -103.921495629673686, 21.587948000395915 ], [ -103.921213350013403, 21.587550370325733 ], [ -103.92080817973671, 21.587176950454349 ], [ -103.920272619828452, 21.58671167977398 ], [ -103.92014108046736, 21.586335749844064 ], [ -103.919732919946924, 21.585821690079975 ], [ -103.919472109749151, 21.585023509607137 ], [ -103.919466710357952, 21.584646000328071 ], [ -103.919713259840492, 21.584243539884085 ], [ -103.919914309617297, 21.584052230148764 ], [ -103.919934769591194, 21.583651709808365 ], [ -103.919749419960311, 21.583041369946695 ], [ -103.919234549763388, 21.58198588034525 ], [ -103.91867239953352, 21.58135575029754 ], [ -103.918034229791417, 21.580702060373756 ], [ -103.917624169792944, 21.580188919908345 ], [ -103.917369420231225, 21.579813630362612 ], [ -103.916689569536246, 21.579774020023059 ], [ -103.915983219816397, 21.579781030213045 ], [ -103.915402620362045, 21.579692079829876 ], [ -103.914747690477142, 21.579699349615346 ], [ -103.91421654958171, 21.579539879713874 ], [ -103.913633880150485, 21.579168679611122 ], [ -103.913050289978969, 21.578939059876777 ], [ -103.912017880330822, 21.578808539690762 ], [ -103.911183399515778, 21.57867642960877 ], [ -103.910248250424118, 21.578425779858126 ], [ -103.909717119855955, 21.578266289929566 ], [ -103.909161420253383, 21.578084430374375 ], [ -103.908427059884872, 21.577760459911758 ], [ -103.9075948495977, 21.577582029877647 ], [ -103.906709250313966, 21.577402450385986 ], [ -103.906029740268025, 21.577385479757091 ], [ -103.905123549703731, 21.577464819671462 ], [ -103.904567950193581, 21.577494420440761 ], [ -103.904039850097575, 21.577547259972199 ], [ -103.903813059863865, 21.577431170030518 ], [ -103.903836919591967, 21.577266600231667 ], [ -103.903857199922413, 21.576643710168021 ], [ -103.903781690473011, 21.576109140254296 ], [ -103.903738510445521, 21.575596859979445 ], [ -103.903376110087763, 21.574880690359826 ], [ -103.903229710086052, 21.574615659564493 ], [ -103.902981319586829, 21.574412709913776 ], [ -103.902518630207567, 21.574424819954885 ], [ -103.901920220209234, 21.574513919818703 ], [ -103.901338399699526, 21.574542019883197 ], [ -103.900955749543755, 21.574725550127514 ], [ -103.900838799812306, 21.574894920256725 ], [ -103.900687750454551, 21.57498664985609 ], [ -103.900504879944677, 21.574954430141574 ], [ -103.900356920177089, 21.574922679704084 ], [ -103.900023230388001, 21.574998520435873 ], [ -103.899524260112244, 21.575258849679717 ], [ -103.899407799647719, 21.575257549591029 ], [ -103.899091950468147, 21.575224259858143 ], [ -103.898926139830536, 21.575300739808835 ], [ -103.898759140370913, 21.57536179992816 ], [ -103.898445769903844, 21.575297620308362 ], [ -103.898280519620641, 21.5751408198314 ], [ -103.898065060465115, 21.575000980050788 ], [ -103.897716579615533, 21.575060680443261 ], [ -103.897218090067099, 21.575149430046284 ], [ -103.896736019980779, 21.575162660073659 ], [ -103.896470449712879, 21.575253080168803 ], [ -103.896303429816484, 21.5753141396671 ], [ -103.895938029580151, 21.575344079622457 ], [ -103.895672419777014, 21.575294709985609 ], [ -103.89549134030112, 21.575184399914161 ], [ -103.895395029694797, 21.575029479697065 ], [ -103.895228259547125, 21.57476468962389 ], [ -103.894882219893972, 21.574653710392745 ], [ -103.894566420023693, 21.57476016959372 ], [ -103.894251460273466, 21.574789480431154 ], [ -103.893836170290371, 21.574584940211928 ], [ -103.893639019851179, 21.574366819585862 ], [ -103.893573969958013, 21.574226940227383 ], [ -103.893375650070922, 21.574132279572712 ], [ -103.893226110061661, 21.574193119825434 ], [ -103.8930421496392, 21.574223519833939 ], [ -103.892811939656497, 21.574205490025594 ], [ -103.892578170454414, 21.574143029622221 ], [ -103.89248042996158, 21.573955450443897 ], [ -103.892482429796047, 21.573753919613068 ], [ -103.892567370108836, 21.573584059890564 ], [ -103.89276725964173, 21.573446350032206 ], [ -103.892701979721892, 21.573290140310203 ], [ -103.89246907963097, 21.573288479765065 ], [ -103.8922528903216, 21.573302940090361 ], [ -103.892139090136851, 21.573146420424418 ], [ -103.892155429552361, 21.572929290166059 ], [ -103.89197393962047, 21.572789030131378 ], [ -103.891760449910521, 21.572788030277579 ], [ -103.891660549799596, 21.572585050286488 ], [ -103.891646939940415, 21.572445449577266 ], [ -103.891547720182999, 21.572290550409505 ], [ -103.891297340115003, 21.572288199756457 ], [ -103.891080079841515, 21.572363489583363 ], [ -103.890833799789377, 21.572239459909067 ], [ -103.890240780424236, 21.571816550393063 ], [ -103.890225319548762, 21.571614340177735 ], [ -103.890260419890083, 21.571350689628517 ], [ -103.890469510179628, 21.571070319948856 ], [ -103.890785290290225, 21.570863170182033 ], [ -103.891001979716307, 21.570506490197978 ], [ -103.891218510165956, 21.570080319781678 ], [ -103.891303220065709, 21.569717019759153 ], [ -103.891325709785974, 21.569563029906959 ], [ -103.891089230367825, 21.569504480141759 ], [ -103.890862520452856, 21.56955594005608 ], [ -103.890710050288902, 21.569624429869044 ], [ -103.890551650019518, 21.569638920340488 ], [ -103.890464140431675, 21.569626400313176 ], [ -103.890466719529144, 21.569464799629404 ], [ -103.890552259649766, 21.569146660136674 ], [ -103.890587049567998, 21.568871540232198 ], [ -103.890741969917713, 21.568616619560963 ], [ -103.890990720128855, 21.568434519997471 ], [ -103.891151719788198, 21.568458120343259 ], [ -103.891273370060773, 21.568436490230987 ], [ -103.891319020138312, 21.5682816801706 ], [ -103.891211859586662, 21.568144380086213 ], [ -103.891152780066292, 21.568022279688165 ], [ -103.891152919756522, 21.567895220147964 ], [ -103.891193370063249, 21.567803949656806 ], [ -103.89121665031989, 21.567734679611295 ], [ -103.891304310152833, 21.567621049884156 ], [ -103.891465080459156, 21.56746204955946 ], [ -103.891562909730425, 21.567380969942405 ], [ -103.891649280265923, 21.567312740329992 ], [ -103.891797430023956, 21.567290939857394 ], [ -103.891982290206002, 21.567326780203231 ], [ -103.892154230323115, 21.56734008985493 ], [ -103.892337939570581, 21.567294259690406 ], [ -103.892426739655136, 21.567192419936141 ], [ -103.89231802958848, 21.567053080398932 ], [ -103.89215902015215, 21.566968779647503 ], [ -103.892021659709044, 21.5668891100682 ], [ -103.89203445010773, 21.566722680172699 ], [ -103.89230944964315, 21.566444149894149 ], [ -103.892445310039363, 21.566307250137996 ], [ -103.892579850231328, 21.566215720077228 ], [ -103.892735999948272, 21.566024139768228 ], [ -103.892661089609589, 21.565784510082885 ], [ -103.892374460103611, 21.565550250323493 ], [ -103.892165570229906, 21.565393079772189 ], [ -103.892044999586957, 21.565237540101872 ], [ -103.891821290334647, 21.564814510427674 ], [ -103.891521879586023, 21.564778279849389 ], [ -103.891383720410502, 21.564651200422343 ], [ -103.891321800255241, 21.564517259894807 ], [ -103.891261510039669, 21.56437862040173 ], [ -103.891140139747392, 21.564027940032162 ], [ -103.891072139657922, 21.563769849600369 ], [ -103.891213569556029, 21.56350463039681 ], [ -103.89179821974318, 21.563178059644272 ], [ -103.891968279662137, 21.562762459557359 ], [ -103.891837570403254, 21.562479709836957 ], [ -103.891400750461926, 21.562555280358399 ], [ -103.891233420172469, 21.562592739547235 ], [ -103.890984049785544, 21.562591280162106 ], [ -103.890820109699177, 21.562319180308542 ], [ -103.890779949972099, 21.562085520395875 ], [ -103.890452079666886, 21.561540449737574 ], [ -103.889926600467064, 21.561087660180124 ], [ -103.889481109905844, 21.560938859658457 ], [ -103.889416710467401, 21.560500350275948 ], [ -103.889255549689182, 21.55987222962327 ], [ -103.888933919531496, 21.559425249676956 ], [ -103.888893769721534, 21.558848550014826 ], [ -103.888895679560676, 21.558639779876327 ], [ -103.888629949736909, 21.558543570306025 ], [ -103.888140420005229, 21.558507479901913 ], [ -103.888004460350928, 21.558257750134111 ], [ -103.888208420279796, 21.557926680043536 ], [ -103.888099309683852, 21.55775830997483 ], [ -103.887831310242177, 21.557673570427319 ], [ -103.887448739900833, 21.557398579787161 ], [ -103.887143569789814, 21.557089250178169 ], [ -103.887055020090472, 21.55644290975517 ], [ -103.886657950074849, 21.556476320038293 ], [ -103.886276910177529, 21.556494629704712 ], [ -103.886055480386588, 21.556410219949694 ], [ -103.885996920178798, 21.556270179971456 ], [ -103.88619283046927, 21.556076740271024 ], [ -103.886620540032709, 21.555816749613925 ], [ -103.886884540463043, 21.555893549611124 ], [ -103.887131690229182, 21.555875089545722 ], [ -103.887266909713048, 21.55562474031607 ], [ -103.887089619970993, 21.555436310037738 ], [ -103.886784170280166, 21.555406059990975 ], [ -103.886508779515637, 21.55538990974939 ], [ -103.886398890054892, 21.555322550034244 ], [ -103.886264320360041, 21.555196820325012 ], [ -103.88624288981211, 21.554994399864437 ], [ -103.885993739649109, 21.554893229667229 ], [ -103.885711860471304, 21.554888000354513 ], [ -103.885514739562595, 21.554742770303214 ], [ -103.885533620042708, 21.554486109747767 ], [ -103.885291510027926, 21.554230820258667 ], [ -103.884411659727064, 21.554190080398321 ], [ -103.883943679628729, 21.55391268981715 ], [ -103.883492849581074, 21.553854829968593 ], [ -103.883118820018851, 21.553559690289646 ], [ -103.881561580260382, 21.553290629961854 ], [ -103.881027880164297, 21.553060449710237 ], [ -103.881358690071394, 21.552731350177442 ], [ -103.881745110151726, 21.552452879997951 ], [ -103.881646079855457, 21.552142279728468 ], [ -103.8807055502743, 21.552072140416904 ], [ -103.879881780304359, 21.552409220311308 ], [ -103.879458860061249, 21.552172950242234 ], [ -103.879175710016938, 21.551377859745809 ], [ -103.878522749592889, 21.551364569695597 ], [ -103.877527580079843, 21.551305779641549 ], [ -103.876634849648326, 21.551515449942304 ], [ -103.875433420468013, 21.550785340330709 ], [ -103.875162570348564, 21.550212880141075 ], [ -103.874974629854549, 21.549660459766027 ], [ -103.87443059956604, 21.549421350029998 ], [ -103.87364247987928, 21.549053650083408 ], [ -103.872561220326787, 21.549088630385651 ], [ -103.871300620112436, 21.54878545982378 ], [ -103.870751350004923, 21.548736749846576 ], [ -103.870027680212004, 21.549586149843403 ], [ -103.869675570283277, 21.549910000106781 ], [ -103.86930695012407, 21.550115969930239 ], [ -103.868744430381227, 21.550268689859568 ], [ -103.867497850347419, 21.550381150275417 ], [ -103.866098119910603, 21.550418490250721 ], [ -103.865208920200004, 21.550391769974095 ], [ -103.864308450058289, 21.55023139968435 ], [ -103.863671829905257, 21.550107220229254 ], [ -103.863153250371312, 21.550014580222186 ], [ -103.862293600179498, 21.549915110041908 ], [ -103.86139990983483, 21.549903969869987 ], [ -103.860461019590389, 21.550025309720017 ], [ -103.859383050448272, 21.55029121975938 ], [ -103.858415139629372, 21.55086362029407 ], [ -103.857890369532342, 21.551349200065452 ], [ -103.857765079924278, 21.551465139859424 ], [ -103.857561400242929, 21.552039260401223 ], [ -103.857553430293066, 21.552314170097237 ], [ -103.856856249549011, 21.552398279581269 ], [ -103.856415379913116, 21.552439910404409 ], [ -103.856271719509607, 21.552365419602246 ], [ -103.856000510015576, 21.552045580216461 ], [ -103.855943150452177, 21.551266629575178 ], [ -103.855699850340017, 21.550861139912751 ], [ -103.856209050259267, 21.550850449659496 ], [ -103.856211629682605, 21.550476460404536 ], [ -103.856073939754111, 21.55020130979716 ], [ -103.855466569729671, 21.549216629887685 ], [ -103.85523597009626, 21.549027909794852 ], [ -103.855224769761037, 21.548567889889867 ], [ -103.855057619666866, 21.548407450149558 ], [ -103.855535460028037, 21.548093980299146 ], [ -103.855201659965203, 21.5472484799805 ], [ -103.855002150419693, 21.547202800414567 ], [ -103.854692430040529, 21.547114880067635 ], [ -103.8545239501168, 21.546998920354092 ], [ -103.854543049521084, 21.546624750169652 ], [ -103.854665659578544, 21.546582420184489 ], [ -103.854895349735699, 21.546308400211373 ], [ -103.855786630122154, 21.545993090419536 ], [ -103.854721940244147, 21.545529800020542 ], [ -103.854832739639946, 21.544982980206768 ], [ -103.854731200215895, 21.544305309588051 ], [ -103.854606580298778, 21.544203349567105 ], [ -103.854515349807215, 21.544130939698093 ], [ -103.854087479859132, 21.543846580146433 ], [ -103.854026829605729, 21.543529650343604 ], [ -103.854382089693132, 21.543402829826618 ], [ -103.854662599816635, 21.543202479915784 ], [ -103.854924570416173, 21.543204750346643 ], [ -103.855092969520854, 21.543105599878732 ], [ -103.855095220118812, 21.542917689895894 ], [ -103.854974659791111, 21.542758510160606 ], [ -103.854728020411656, 21.542670719926026 ], [ -103.854607030400061, 21.542481600035973 ], [ -103.854591089625927, 21.542381049856854 ], [ -103.854422449620216, 21.542322279591744 ], [ -103.854284279704913, 21.542292169858161 ], [ -103.853990510477402, 21.542304800330484 ], [ -103.853714909574634, 21.542158379865594 ], [ -103.853377600105318, 21.541969140229618 ], [ -103.853349170228171, 21.541666340082422 ], [ -103.853426340340675, 21.541493859761932 ], [ -103.853611979731625, 21.541379080271422 ], [ -103.853827579725589, 21.541396429716595 ], [ -103.854091259761134, 21.541442419921758 ], [ -103.854304770140146, 21.541528619635738 ], [ -103.85450651966508, 21.541385489824119 ], [ -103.854577800427677, 21.541029120341538 ], [ -103.854889420043278, 21.540649709971504 ], [ -103.855237890066661, 21.540396420435307 ], [ -103.855240540002598, 21.540237549655107 ], [ -103.855225150048298, 21.540036250046935 ], [ -103.855290290455414, 21.539835780123379 ], [ -103.855413199832526, 21.539604680414655 ], [ -103.855587369672264, 21.539361140190973 ], [ -103.855823600212645, 21.538906280120319 ], [ -103.855885620029525, 21.538690430110442 ], [ -103.855871770449355, 21.538531750131778 ], [ -103.855764919774032, 21.53803022987919 ], [ -103.855630859545187, 21.537946540427996 ], [ -103.855393630218146, 21.537276860316847 ], [ -103.85522825039034, 21.536892229823998 ], [ -103.854560879713546, 21.536895770437088 ], [ -103.854486570128685, 21.536222310114582 ], [ -103.855164820441445, 21.535672250126328 ], [ -103.855215570245647, 21.535484659619254 ], [ -103.855184490417813, 21.53534162966093 ], [ -103.855041219619764, 21.535152769632859 ], [ -103.854535140126657, 21.534823080046113 ], [ -103.854186679646403, 21.534527779651008 ], [ -103.854046800091652, 21.534233579807214 ], [ -103.854029460323076, 21.53403140029403 ], [ -103.854075739907188, 21.53373041969812 ], [ -103.854051710175014, 21.533394889877972 ], [ -103.854008650066447, 21.533227510035093 ], [ -103.854584479787945, 21.5329881798143 ], [ -103.855072550159761, 21.532648280270461 ], [ -103.855397889821262, 21.532323949729591 ], [ -103.85560449021817, 21.532182579978638 ], [ -103.855864820439621, 21.532066890226886 ], [ -103.856599779982972, 21.531808109590617 ], [ -103.85723403016209, 21.531820680108329 ], [ -103.857662579539948, 21.531595850340555 ], [ -103.858012630160999, 21.531305709628924 ], [ -103.858223370429627, 21.530971860042843 ], [ -103.858364679996811, 21.530669739968193 ], [ -103.858495709745412, 21.530324149905109 ], [ -103.858557339730439, 21.52987141971359 ], [ -103.858684540173414, 21.529600320371568 ], [ -103.858722220198231, 21.529309429636449 ], [ -103.858713019693582, 21.528995510392839 ], [ -103.858842920385399, 21.52877972002965 ], [ -103.859192830472225, 21.527794049797688 ], [ -103.859926029568868, 21.526440370175017 ], [ -103.859978429962709, 21.526162020190164 ], [ -103.860110080013271, 21.525162949949681 ], [ -103.859924909972761, 21.524749509781174 ], [ -103.859383949877895, 21.524071740326089 ], [ -103.85894097972654, 21.523604249737339 ], [ -103.858668400471117, 21.523323460427708 ], [ -103.858385310254519, 21.523053710343046 ], [ -103.857927780287469, 21.522725250005816 ], [ -103.857643909992262, 21.522399229888734 ], [ -103.857176369770713, 21.521907519770362 ], [ -103.856349749812651, 21.521192349595037 ], [ -103.855517709826415, 21.520505379567005 ], [ -103.855344110398846, 21.520226120308124 ], [ -103.855235310070682, 21.520074060385621 ], [ -103.855048739635379, 21.519909320314664 ], [ -103.854951599762259, 21.519688139856001 ], [ -103.854829399653781, 21.519479049773704 ], [ -103.854794980410176, 21.519234399997515 ], [ -103.854682949873393, 21.519059690450998 ], [ -103.854509649786692, 21.518941080029926 ], [ -103.853930599722972, 21.518310940435974 ], [ -103.853461940218168, 21.517877319888505 ], [ -103.852955060083076, 21.517554890171617 ], [ -103.852670849928245, 21.517343230142252 ], [ -103.85242465032367, 21.517073919995397 ], [ -103.852338830340756, 21.516829910335964 ], [ -103.852304580157522, 21.516597059963708 ], [ -103.852254659688469, 21.51635352041178 ], [ -103.852158660061335, 21.516073320391868 ], [ -103.85198650973274, 21.515898419984687 ], [ -103.851776489803257, 21.515792050258234 ], [ -103.851483320476433, 21.515461179740512 ], [ -103.851031939930223, 21.515417979793316 ], [ -103.850263340204691, 21.515005650110083 ], [ -103.849811950133741, 21.514962460332079 ], [ -103.849505459992898, 21.514739139604778 ], [ -103.84929451964112, 21.514530859804307 ], [ -103.849008600238733, 21.514542429948605 ], [ -103.848737450147368, 21.514647029887584 ], [ -103.847754719975782, 21.514774150066504 ], [ -103.846696349688102, 21.514690690320567 ], [ -103.84571202011422, 21.514559149697817 ], [ -103.845057709994393, 21.514376430006052 ], [ -103.843896090130315, 21.514048249952616 ], [ -103.843510849905385, 21.513894049738521 ], [ -103.84327766027819, 21.51386417983861 ], [ -103.843078340443867, 21.513828460265323 ], [ -103.842617089619608, 21.513578059922072 ], [ -103.842389459683602, 21.513458279764418 ], [ -103.842295400206638, 21.513317820362477 ], [ -103.842091220221576, 21.513281250345983 ], [ -103.841411580186985, 21.513231320210309 ], [ -103.840855689931061, 21.513363249705936 ], [ -103.840523259825503, 21.513664030279394 ], [ -103.840341049842095, 21.513815060279558 ], [ -103.839998019619685, 21.513909030204886 ], [ -103.83964408005599, 21.513915109803833 ], [ -103.839193080374969, 21.513774380103712 ], [ -103.838703110109918, 21.51354974020181 ], [ -103.838045580075104, 21.513343429916691 ], [ -103.837606320371449, 21.513139049694384 ], [ -103.836987740099318, 21.512942249769608 ], [ -103.836773619757182, 21.512746950087777 ], [ -103.836607579554354, 21.512662720241586 ], [ -103.836409120020349, 21.512689600131512 ], [ -103.836055820413563, 21.512741939857623 ], [ -103.835711600154397, 21.512748779788446 ], [ -103.834601139821231, 21.512754819691072 ], [ -103.834213940150846, 21.512952779549749 ], [ -103.833539259977442, 21.513478180323659 ], [ -103.8327094495381, 21.513579780216023 ], [ -103.832457310013794, 21.513582799725846 ], [ -103.83212694012262, 21.513397060091847 ], [ -103.832123089665856, 21.51290245972671 ], [ -103.8322921799017, 21.512358600145287 ], [ -103.83236301956012, 21.511863109756888 ], [ -103.832276120357719, 21.51082675015564 ], [ -103.83203671042402, 21.509772259720805 ], [ -103.832008919666464, 21.509512109830904 ], [ -103.831627279869224, 21.509121859696624 ], [ -103.831091400376991, 21.508729830346439 ], [ -103.829543460428411, 21.507448630298736 ], [ -103.828432830183758, 21.506157659910606 ], [ -103.827921149963359, 21.505262509741577 ], [ -103.827700540119011, 21.504231380242658 ], [ -103.827623379596659, 21.503550709948971 ], [ -103.827710119805062, 21.502941569882335 ], [ -103.82800365996313, 21.50263222024158 ], [ -103.828150290455241, 21.502361819768804 ], [ -103.828472079997823, 21.501851619975955 ], [ -103.828868000093593, 21.501652680092302 ], [ -103.828886549688804, 21.50137644961087 ], [ -103.828868029555878, 21.501085340391622 ], [ -103.828722109591581, 21.50091008998961 ], [ -103.828663219821379, 21.500502369607364 ], [ -103.8286468796897, 21.500015179566333 ], [ -103.828159200241018, 21.498174049713153 ], [ -103.827514049990612, 21.497088090099243 ], [ -103.826536139874591, 21.495637600114453 ], [ -103.825776829911362, 21.494498549792713 ], [ -103.824959280391241, 21.493925620239096 ], [ -103.823712820286531, 21.493047369752997 ], [ -103.822906860388272, 21.492613150304653 ], [ -103.821987940241243, 21.492428949933274 ], [ -103.821477680434327, 21.492488569680379 ], [ -103.820256779651089, 21.493134749710187 ], [ -103.818362819853562, 21.494349820238551 ], [ -103.818063849927412, 21.494473170191505 ], [ -103.817764279529527, 21.494551149646071 ], [ -103.817037109676889, 21.49470589038912 ], [ -103.81534855003153, 21.494621539998043 ], [ -103.814013250284219, 21.494483970367 ], [ -103.813176290434072, 21.494265150279372 ], [ -103.812392650168206, 21.494044800165607 ], [ -103.811808060265477, 21.493843880447407 ], [ -103.811044820209304, 21.493553400302446 ], [ -103.810360090348709, 21.493261080420389 ], [ -103.809928690433139, 21.493128220356503 ], [ -103.809216510044095, 21.49281171013849 ], [ -103.806894599870731, 21.491421449759589 ], [ -103.804649999688237, 21.490511260069098 ], [ -103.803332719566399, 21.489762570241911 ], [ -103.800420970292407, 21.487188400273027 ], [ -103.800240880197293, 21.487353879769003 ], [ -103.800168909613831, 21.487554399781846 ], [ -103.800148020047232, 21.487804229918112 ], [ -103.80027124983188, 21.487955260145206 ], [ -103.80055554964737, 21.488040859979805 ], [ -103.800805109652359, 21.488209460165255 ], [ -103.800928120343542, 21.488344150397548 ], [ -103.80133187972281, 21.48916440041296 ], [ -103.801544649939416, 21.489483200050778 ], [ -103.801649149718955, 21.489683450417445 ], [ -103.801576279625195, 21.489816820116456 ], [ -103.801258089937463, 21.489447539699597 ], [ -103.800798230424391, 21.48892653985072 ], [ -103.800638599752119, 21.488809520404004 ], [ -103.80040828970894, 21.488773200207799 ], [ -103.800104290289852, 21.488738650229649 ], [ -103.799731600394566, 21.488569679911564 ], [ -103.799338799882406, 21.488566120077685 ], [ -103.798997799758567, 21.48866451976658 ], [ -103.798654579591201, 21.488741149862737 ], [ -103.798280689604752, 21.488845379562946 ], [ -103.797912770122551, 21.489467770165895 ], [ -103.79773878009118, 21.489654950196979 ], [ -103.797585049587383, 21.489761120366222 ], [ -103.797422230077814, 21.489768490403318 ], [ -103.797070660124916, 21.489729050451604 ], [ -103.796240290265558, 21.489491919931407 ], [ -103.795924259967052, 21.489426650017119 ], [ -103.795190579721449, 21.489457939711599 ], [ -103.794892340369969, 21.489490460025245 ], [ -103.794693020345278, 21.489596260030467 ], [ -103.794539660246983, 21.489586260183213 ], [ -103.794403909613138, 21.489586050179096 ], [ -103.794261819801108, 21.489620370072316 ], [ -103.794091510445483, 21.489575170373552 ], [ -103.793862290399389, 21.489331000117819 ], [ -103.793578049768925, 21.489249919644433 ], [ -103.793626310117617, 21.489088710257473 ], [ -103.793599080175596, 21.488864850436379 ], [ -103.793247419607184, 21.48881814029189 ], [ -103.792988740396993, 21.488691380088074 ], [ -103.792631139903932, 21.48914392017452 ], [ -103.792628349743893, 21.489662179959353 ], [ -103.792449819523327, 21.48972598008995 ], [ -103.792325540438441, 21.489715649644282 ], [ -103.792251349874945, 21.489751909836855 ], [ -103.792162350141325, 21.489840080426042 ], [ -103.792092949825033, 21.490089570246003 ], [ -103.792064539951681, 21.490285940389931 ], [ -103.79208242984366, 21.490536229998778 ], [ -103.792157430175394, 21.490705980027347 ], [ -103.792259340104806, 21.490930770212895 ], [ -103.792286090415416, 21.491118339685855 ], [ -103.792283859732109, 21.49131440013716 ], [ -103.792255219795038, 21.491493539773984 ], [ -103.792157350114664, 21.491644429837741 ], [ -103.791947739986071, 21.491705880113592 ], [ -103.791735949945434, 21.491677490381683 ], [ -103.79166054990813, 21.491623019787848 ], [ -103.791537890391254, 21.491515540171338 ], [ -103.791374709661881, 21.491495660264125 ], [ -103.791271540309296, 21.49153952041349 ], [ -103.791192200272008, 21.491770979807956 ], [ -103.79123812018193, 21.491941969733897 ], [ -103.791351550277852, 21.492084949967161 ], [ -103.791456520449927, 21.49217539958471 ], [ -103.792285579521973, 21.492169339789491 ], [ -103.792524369773716, 21.492259110144349 ], [ -103.792657320251564, 21.492411850065235 ], [ -103.792683920114811, 21.492733739603946 ], [ -103.792643750462716, 21.492992859777736 ], [ -103.792489400432373, 21.493053659800552 ], [ -103.792078400148483, 21.493140150287065 ], [ -103.791990340461282, 21.493444319672271 ], [ -103.791773289922659, 21.494111220247568 ], [ -103.791799769693625, 21.494424030218688 ], [ -103.791491279567211, 21.494779779590765 ], [ -103.791562049954365, 21.495504120244881 ], [ -103.79155889013208, 21.495849050035559 ], [ -103.791490369591571, 21.49594695003017 ], [ -103.791336740442503, 21.496062199765888 ], [ -103.791267719662201, 21.496195519828088 ], [ -103.791219679639923, 21.496373060372502 ], [ -103.791160139702257, 21.496489920183393 ], [ -103.791122650146278, 21.496587480014885 ], [ -103.791122260047104, 21.496703660243767 ], [ -103.791178370412908, 21.49676653961232 ], [ -103.791271940281234, 21.496874349907717 ], [ -103.791213480292271, 21.496998459711492 ], [ -103.791119030211433, 21.497043140024701 ], [ -103.791040570341664, 21.497123019582858 ], [ -103.791040150061534, 21.497309979845795 ], [ -103.791105350378061, 21.497471679903271 ], [ -103.791134289740057, 21.497605660185737 ], [ -103.791075090343426, 21.497747939585793 ], [ -103.790864280028174, 21.497719539726337 ], [ -103.79037370979654, 21.496931139730187 ], [ -103.78991619998898, 21.496803059849807 ], [ -103.789379450067983, 21.496914620205708 ], [ -103.789007120430753, 21.496992479829814 ], [ -103.788566769749309, 21.497061139870208 ], [ -103.788269460472861, 21.49716534988934 ], [ -103.788181799746042, 21.497281649994164 ], [ -103.78813276959184, 21.497460109670111 ], [ -103.788149940124228, 21.497655939679952 ], [ -103.788177170015345, 21.497880709866038 ], [ -103.788079780086605, 21.497995290136764 ], [ -103.787946520019318, 21.49803859979993 ], [ -103.787775319845863, 21.49807327966273 ], [ -103.787622109650016, 21.498073249995045 ], [ -103.787478549633164, 21.497999579758119 ], [ -103.787337140205864, 21.497793400044657 ], [ -103.787194710147844, 21.497658019938509 ], [ -103.787042350207528, 21.497505490348843 ], [ -103.786871220176437, 21.497397679738061 ], [ -103.786632859664962, 21.497341459913454 ], [ -103.786462030002141, 21.497403350005563 ], [ -103.786267649931176, 21.497589860260277 ], [ -103.786151680200916, 21.497766380419556 ], [ -103.785999000249234, 21.49795331008006 ], [ -103.78586245034046, 21.498112820163822 ], [ -103.785612420310486, 21.498271849996538 ], [ -103.785013489787744, 21.498449450022246 ], [ -103.784823020276505, 21.498492510307344 ], [ -103.784613519958398, 21.498418709588265 ], [ -103.784519619851949, 21.498284569730203 ], [ -103.784435029717216, 21.498122179641864 ], [ -103.784331920251788, 21.49788105990449 ], [ -103.784285779758875, 21.497692820320069 ], [ -103.784199740302569, 21.497566749881525 ], [ -103.784067380075442, 21.497459379643129 ], [ -103.783961919905011, 21.497405249622727 ], [ -103.783811020376362, 21.497359819547054 ], [ -103.783638620185002, 21.497304649698417 ], [ -103.783398549798022, 21.497338290192264 ], [ -103.783234820159976, 21.497568910118968 ], [ -103.783166749731521, 21.497773909944438 ], [ -103.783050570349459, 21.497934089840886 ], [ -103.782945179610749, 21.498032429554531 ], [ -103.782849139583448, 21.498102520456431 ], [ -103.782647880326621, 21.498136630340852 ], [ -103.782524689992272, 21.49813533966751 ], [ -103.782364020015834, 21.498450340283714 ], [ -103.781724519941207, 21.498859830363248 ], [ -103.781110859886951, 21.498876049998046 ], [ -103.78064014028017, 21.499213689912352 ], [ -103.780318780085977, 21.499479720303373 ], [ -103.780356739740952, 21.499782420415123 ], [ -103.780071349985263, 21.499981769855591 ], [ -103.779052289814885, 21.499558879688266 ], [ -103.778888739626638, 21.499658780360139 ], [ -103.777507630405154, 21.498992310133357 ], [ -103.777674379774552, 21.498402249557525 ], [ -103.778504919702399, 21.498723889886982 ], [ -103.778596689937189, 21.49833073967817 ], [ -103.777799290399145, 21.498167549801341 ], [ -103.777242830310072, 21.498036949644007 ], [ -103.776898200381666, 21.49801008979631 ], [ -103.776764229853384, 21.497999849912851 ], [ -103.776307680394083, 21.498089549824776 ], [ -103.776237079993095, 21.498103980265679 ], [ -103.775815549879113, 21.498276769584095 ], [ -103.775674540018414, 21.498311509880452 ], [ -103.775189170337512, 21.498431059884055 ], [ -103.7749131496182, 21.498459659762645 ], [ -103.774634259650043, 21.498417520039336 ], [ -103.774306260176857, 21.498401350160098 ], [ -103.774129479831956, 21.498380709790947 ], [ -103.774246710104592, 21.497930999574855 ], [ -103.773926450153155, 21.496812920451902 ], [ -103.773863450181125, 21.496595830204054 ], [ -103.773833799956108, 21.496407399603076 ], [ -103.77387949021491, 21.496195399828569 ], [ -103.774001399788276, 21.49602789007325 ], [ -103.774200550472429, 21.49590668983323 ], [ -103.774551229917378, 21.495804620181154 ], [ -103.77520182986963, 21.495721749957696 ], [ -103.775981030083443, 21.495611060057641 ], [ -103.776356579861101, 21.49555680042096 ], [ -103.776855349950381, 21.495359510380503 ], [ -103.777354429783827, 21.495113219664297 ], [ -103.777702919519029, 21.494918570180378 ], [ -103.778243220101928, 21.494343250050118 ], [ -103.778359419596782, 21.493963430291206 ], [ -103.778426819587381, 21.493561489802495 ], [ -103.778391489779835, 21.493090859811829 ], [ -103.778282139554776, 21.492669200354587 ], [ -103.778191920474271, 21.492082120104264 ], [ -103.777922259540432, 21.491710420430138 ], [ -103.777739489669486, 21.491456600348805 ], [ -103.77762095025308, 21.491292800393573 ], [ -103.777001120372844, 21.490621110176289 ], [ -103.776362780154997, 21.490162909609612 ], [ -103.77565069016525, 21.489847149701941 ], [ -103.775116919573406, 21.489669089739262 ], [ -103.774560200245688, 21.489514910104159 ], [ -103.774002820257607, 21.489384309849576 ], [ -103.773449279963828, 21.489325369967908 ], [ -103.772767749611333, 21.48926700039009 ], [ -103.772087889953966, 21.489186829958296 ], [ -103.771530520048927, 21.489057140047187 ], [ -103.771072980442952, 21.488923569727465 ], [ -103.770666220007271, 21.488743119719896 ], [ -103.770280550485609, 21.488397250204795 ], [ -103.769969279882048, 21.487956120343924 ], [ -103.769830650370096, 21.4873705201177 ], [ -103.769688509701012, 21.486666060136802 ], [ -103.769628050005281, 21.486125829751206 ], [ -103.769617600229992, 21.485701200387684 ], [ -103.769606860316856, 21.485254779665755 ], [ -103.769623850412685, 21.484924229899196 ], [ -103.76961818011776, 21.484642050350757 ], [ -103.769611549704422, 21.484359860148636 ], [ -103.769552939537448, 21.483959380068889 ], [ -103.769523350359492, 21.483701059611509 ], [ -103.769415860270456, 21.483491739955138 ], [ -103.769334889676628, 21.48323402011955 ], [ -103.769128510425659, 21.483024920078567 ], [ -103.768721150174471, 21.482798200235734 ], [ -103.767989000020933, 21.482647819640274 ], [ -103.766376250380276, 21.482561139939182 ], [ -103.764635260325804, 21.482384249566806 ], [ -103.763372819615839, 21.482242679668406 ], [ -103.762286569752504, 21.482005599974812 ], [ -103.761342520307252, 21.481742349704724 ], [ -103.75758639975632, 21.479847800444443 ], [ -103.755594539887952, 21.478796950085687 ], [ -103.753122220164059, 21.477483859631519 ], [ -103.751867600418862, 21.476823879809206 ], [ -103.750915479757296, 21.476308370253733 ], [ -103.75013774021474, 21.475632030132459 ], [ -103.749364579588274, 21.474488229970024 ], [ -103.748772660207194, 21.472592689830829 ], [ -103.748130859825281, 21.47118511026359 ], [ -103.748176460178797, 21.471112890307747 ], [ -103.748221779593649, 21.470870049595934 ], [ -103.748442689580514, 21.470708689733129 ], [ -103.748596079836986, 21.470425599714993 ], [ -103.748684219632835, 21.470120550338073 ], [ -103.748753250032891, 21.469837510029521 ], [ -103.748972219864982, 21.469676179773789 ], [ -103.749277219780581, 21.469495719963266 ], [ -103.749387919840146, 21.469211289741907 ], [ -103.749608659615646, 21.468888400364126 ], [ -103.749784600464935, 21.468625000408899 ], [ -103.750091110426425, 21.468485370060531 ], [ -103.750395229992222, 21.468385689860565 ], [ -103.750787770079015, 21.468226019711377 ], [ -103.750984689574778, 21.468084909881629 ], [ -103.751032110060379, 21.467780320260978 ], [ -103.751143690401918, 21.467415109932606 ], [ -103.751428770371902, 21.466970770392159 ], [ -103.751802149781696, 21.466608000346817 ], [ -103.752108459959729, 21.466304999872587 ], [ -103.752587120144028, 21.466206950399055 ], [ -103.752936549544373, 21.466087689564599 ], [ -103.752893950127543, 21.465944779777494 ], [ -103.752587630013352, 21.46572591963864 ], [ -103.752068950390168, 21.465357030133607 ], [ -103.751422600240829, 21.464640179777479 ], [ -103.750844569746363, 21.463661149891685 ], [ -103.75037144958452, 21.463067569677843 ], [ -103.750070950466792, 21.462699799704655 ], [ -103.749766550441635, 21.46255442971675 ], [ -103.749419449714708, 21.462552949983721 ], [ -103.749029650399095, 21.462549229669339 ], [ -103.748680049749993, 21.462506030157591 ], [ -103.748355050058024, 21.462341829819707 ], [ -103.74816225978195, 21.462055430039836 ], [ -103.748102049531497, 21.461527000047649 ], [ -103.748197520236133, 21.460296150050507 ], [ -103.748201920164021, 21.459889510303412 ], [ -103.748181739897433, 21.459604749678984 ], [ -103.748007550167941, 21.459481490273664 ], [ -103.747834880257884, 21.459399059603616 ], [ -103.747663860213677, 21.45929574026772 ], [ -103.747427459882402, 21.459009830297646 ], [ -103.7474308803573, 21.458379019647563 ], [ -103.747217140383398, 21.457971229901574 ], [ -103.746506509740541, 21.457153449890875 ], [ -103.74629223028758, 21.456928090086155 ], [ -103.745922199772153, 21.456803429593357 ], [ -103.745729949713137, 21.456557859578517 ], [ -103.745581690164542, 21.455966909852041 ], [ -103.745565290313394, 21.455600430430668 ], [ -103.745544150156718, 21.455316599550802 ], [ -103.745589980397838, 21.455113689789933 ], [ -103.745570599949147, 21.454889739554538 ], [ -103.745375369563945, 21.454787599603048 ], [ -103.745200849960852, 21.454785950280449 ], [ -103.745006660016045, 21.454764570048461 ], [ -103.744855029691038, 21.454660110401868 ], [ -103.744682459939668, 21.454435180303413 ], [ -103.74453307971217, 21.454130119720205 ], [ -103.744515180460695, 21.453723739951652 ], [ -103.744521540066003, 21.453092909547145 ], [ -103.744547800081307, 21.452503580078954 ], [ -103.744659979828214, 21.452183749949196 ], [ -103.744920179770375, 21.452063709857327 ], [ -103.745206480261061, 21.451863510359868 ], [ -103.74533666002084, 21.451661449763517 ], [ -103.745252660272712, 21.45131482021824 ], [ -103.745038399879036, 21.451089450167707 ], [ -103.744757850378321, 21.450762290398192 ], [ -103.744479769928674, 21.450251770358314 ], [ -103.744398249836237, 21.449722680133341 ], [ -103.744487260363073, 21.449336860054629 ], [ -103.744491059950832, 21.449031880052843 ], [ -103.744384779939935, 21.448686400033186 ], [ -103.744540000085848, 21.448321599637882 ], [ -103.744565629931216, 21.448056289660723 ], [ -103.744374919567562, 21.447405019703652 ], [ -103.743943849956125, 21.446832710160148 ], [ -103.743576849554202, 21.446565519677268 ], [ -103.743209310321831, 21.446481680341048 ], [ -103.743034280392379, 21.446440109693405 ], [ -103.742904970080019, 21.446337199866555 ], [ -103.742841260025003, 21.44613372028665 ], [ -103.74286449005632, 21.445832150067684 ], [ -103.742794220200992, 21.445497149773121 ], [ -103.742694220437841, 21.445037249881427 ], [ -103.742548049757488, 21.444605089550151 ], [ -103.742430549999142, 21.444366830413657 ], [ -103.742402709800771, 21.444087620312313 ], [ -103.742406140179497, 21.443754509978952 ], [ -103.742383109871739, 21.443100419667509 ], [ -103.742030650052058, 21.44155782989786 ], [ -103.740644319848755, 21.441573580349502 ], [ -103.740043119797875, 21.441707109548794 ], [ -103.73945233965857, 21.441713820189396 ], [ -103.738957679525072, 21.441137800075133 ], [ -103.738670770248049, 21.44095538008472 ], [ -103.738617429947539, 21.440561079763309 ], [ -103.738458220002116, 21.440371060335295 ], [ -103.73807004988187, 21.440194919872201 ], [ -103.737681479681982, 21.439984939933094 ], [ -103.737077620216752, 21.439912800047122 ], [ -103.737020480273983, 21.439225149914197 ], [ -103.736656289721537, 21.439037460353166 ], [ -103.7361218896325, 21.438738860047629 ], [ -103.735638489744872, 21.438142140105665 ], [ -103.73454267998433, 21.438352420417402 ], [ -103.734084149533999, 21.437499140290289 ], [ -103.733805799541571, 21.437313860342751 ], [ -103.733741179756336, 21.436930720145458 ], [ -103.73323857000581, 21.436706089760499 ], [ -103.732973259987418, 21.43695337009504 ], [ -103.73246842032728, 21.437133549631529 ], [ -103.732269399607105, 21.437317280243928 ], [ -103.731804890428322, 21.437155030244174 ], [ -103.731354110206055, 21.436901880190078 ], [ -103.730973339851957, 21.43677457981978 ], [ -103.730471620381536, 21.436780249592232 ], [ -103.729729749707971, 21.436471000428156 ], [ -103.729528230292289, 21.436293740285706 ], [ -103.729523690246381, 21.43594165043444 ], [ -103.729135229967568, 21.435736309560596 ], [ -103.728923550365224, 21.435738709869685 ], [ -103.728647770476442, 21.435864779714194 ], [ -103.72837523020668, 21.435676570332618 ], [ -103.728230829515553, 21.435234149964778 ], [ -103.7282266897667, 21.434913119781029 ], [ -103.728243679815293, 21.434530350399907 ], [ -103.728036219559442, 21.434293599619764 ], [ -103.727711780081819, 21.434044490257094 ], [ -103.727671169924903, 21.433723859833353 ], [ -103.727217229738358, 21.433253080148386 ], [ -103.726429909722967, 21.432687449943987 ], [ -103.725746289887212, 21.43193611992989 ], [ -103.725367630127238, 21.43110757963483 ], [ -103.724447110056204, 21.430049910217672 ], [ -103.72300541967499, 21.429056149701832 ], [ -103.722236520073096, 21.42804259989002 ], [ -103.722080850203383, 21.427959890199137 ], [ -103.721831339772891, 21.426826520377922 ], [ -103.721233620406736, 21.42635504979803 ], [ -103.72101538011124, 21.425970020157703 ], [ -103.720895550069486, 21.425431230108934 ], [ -103.72103148973072, 21.424607109696236 ], [ -103.721289229895234, 21.423841630071276 ], [ -103.721662569573539, 21.42360260041411 ], [ -103.723075020339138, 21.42302111956354 ], [ -103.723195140314516, 21.422269029865657 ], [ -103.723409400397784, 21.421312659756133 ], [ -103.723400380030995, 21.421215489614461 ], [ -103.723564279588487, 21.421207889575339 ], [ -103.724521660460184, 21.421189849683689 ], [ -103.725451889798521, 21.421171200318771 ], [ -103.72603038019848, 21.421160149812739 ], [ -103.726457049690566, 21.421175309799896 ], [ -103.726886310410336, 21.421166830266902 ], [ -103.727288450166924, 21.421159580191873 ], [ -103.727637709983, 21.421034939866757 ], [ -103.727909199977546, 21.420816779618573 ], [ -103.728277420171693, 21.420433280096557 ], [ -103.728471819885584, 21.420099820062713 ], [ -103.728909350434535, 21.419455059928513 ], [ -103.729153539713991, 21.419073849777785 ], [ -103.729395769961883, 21.418691750234817 ], [ -103.729562489779298, 21.418240629687581 ], [ -103.729803200049432, 21.417741489721578 ], [ -103.729992860347764, 21.417266509800296 ], [ -103.730162740190721, 21.416910649837 ], [ -103.730504459610088, 21.41650292013194 ], [ -103.730950180398423, 21.416117619773708 ], [ -103.731272050222444, 21.415899800269234 ], [ -103.731897449980522, 21.415769309585134 ], [ -103.732552709767447, 21.415850830323627 ], [ -103.734953320416693, 21.416369090093376 ], [ -103.73654231982745, 21.416479950366508 ], [ -103.737552170129831, 21.416625509885609 ], [ -103.738638460442544, 21.416909950055604 ], [ -103.739371260183759, 21.416990569686661 ], [ -103.740303290118291, 21.417113400388804 ], [ -103.741010220068787, 21.417216979574647 ], [ -103.742450200071616, 21.417495570443315 ], [ -103.743937770105561, 21.417631110048955 ], [ -103.744745479556357, 21.417733539938762 ], [ -103.746610339713754, 21.417814829671673 ], [ -103.747965680160917, 21.417694090027695 ], [ -103.749120689898433, 21.417671829858413 ], [ -103.749826400200277, 21.417681020362675 ], [ -103.750528290375613, 21.417620349623633 ], [ -103.75130707958867, 21.41751071956983 ], [ -103.751880539922141, 21.417263660087752 ], [ -103.752678799798019, 21.41701311034911 ], [ -103.753228339855156, 21.41678991960843 ], [ -103.753551110014939, 21.416642829917681 ], [ -103.753972119723542, 21.416374820095879 ], [ -103.754343719619669, 21.416109180244149 ], [ -103.754786800272484, 21.415675739694041 ], [ -103.754979600287129, 21.415224289631929 ], [ -103.755117859583251, 21.414680000074345 ], [ -103.755282599727309, 21.41415897982295 ], [ -103.755371399523753, 21.413686049918731 ], [ -103.755460579911826, 21.413095110267641 ], [ -103.755525120136952, 21.41269323043667 ], [ -103.755518260377897, 21.412316680284054 ], [ -103.755611289540894, 21.412019750054927 ], [ -103.75565774018915, 21.411865850338273 ], [ -103.755748170421342, 21.411370179683008 ], [ -103.755764860341984, 21.411016050419342 ], [ -103.755884569545287, 21.410683419825453 ], [ -103.756102799709367, 21.410326060453741 ], [ -103.75644822011688, 21.410059829607459 ], [ -103.757046479808309, 21.40985965043318 ], [ -103.757850080278573, 21.409797799811422 ], [ -103.758727340217987, 21.409662479558133 ], [ -103.759380719526561, 21.409602339584595 ], [ -103.760312120276225, 21.409678749815747 ], [ -103.760946659568873, 21.40980760039038 ], [ -103.761831769803422, 21.410048819578861 ], [ -103.762612349845583, 21.410080660289434 ], [ -103.763165259945055, 21.410116949758553 ], [ -103.763670319853361, 21.410200980082237 ], [ -103.764403399995899, 21.41030417043282 ], [ -103.764401540106675, 21.407949090410689 ], [ -103.762679780182921, 21.406357119564909 ], [ -103.760876570418432, 21.404461120353695 ], [ -103.759997169773371, 21.403394880412769 ], [ -103.759527709829996, 21.402697830028426 ], [ -103.759164400010633, 21.402114820447991 ], [ -103.756903119545683, 21.399864650140284 ], [ -103.756934260450279, 21.399799849807977 ], [ -103.757202999664031, 21.39960073994877 ], [ -103.757525420059181, 21.399653309616536 ], [ -103.757712199531582, 21.399855370174969 ], [ -103.758006849998793, 21.399933659815101 ], [ -103.758302449604784, 21.399935710434814 ], [ -103.759570340297614, 21.399441970092912 ], [ -103.759700509861844, 21.399244429816203 ], [ -103.759814479608764, 21.399067059780688 ], [ -103.76000657047102, 21.398565709948375 ], [ -103.760063660281844, 21.398263740356043 ], [ -103.761171280150194, 21.397743689571033 ], [ -103.761334679663463, 21.397493140010063 ], [ -103.761363050396326, 21.397217830096434 ], [ -103.761526749885434, 21.396991779757354 ], [ -103.761688600014892, 21.396918229961585 ], [ -103.762065910258045, 21.396870320299683 ], [ -103.762311949946621, 21.396420080038467 ], [ -103.76260783025613, 21.396295970239787 ], [ -103.763036850220075, 21.396274690238908 ], [ -103.76336016954113, 21.39617567978474 ], [ -103.764526350100454, 21.394952479992245 ], [ -103.765207720463707, 21.394077019966637 ], [ -103.766125619809799, 21.393354919697739 ], [ -103.766188680372125, 21.392992079607843 ], [ -103.766431170145637, 21.392641689641309 ], [ -103.766544420093297, 21.392190249722656 ], [ -103.76684214978367, 21.391840140383447 ], [ -103.767601400012438, 21.391141629732438 ], [ -103.767769109681907, 21.390263019968764 ], [ -103.767719199823702, 21.389784400046459 ], [ -103.767333199760785, 21.388433000401424 ], [ -103.767126050404656, 21.388154949853689 ], [ -103.765418710202212, 21.386021059891604 ], [ -103.764232139811298, 21.385832349772272 ], [ -103.762258780349725, 21.385352290024311 ], [ -103.760306910313844, 21.38466050955542 ], [ -103.758435650008408, 21.384202829777411 ], [ -103.757247820333831, 21.38399048991359 ], [ -103.756392169671258, 21.383913179831751 ], [ -103.75545620016581, 21.383696120061078 ], [ -103.754269349522261, 21.383483749661512 ], [ -103.753005379558715, 21.383154280356596 ], [ -103.751994859516486, 21.382938949770281 ], [ -103.750928580046349, 21.3825354896146 ], [ -103.749761939799455, 21.382087800398875 ], [ -103.748637779663255, 21.381331969583865 ], [ -103.748253479944978, 21.38098694986757 ], [ -103.747943419562347, 21.380615679845818 ], [ -103.747707050142367, 21.380172770366467 ], [ -103.747397000072624, 21.379801510210513 ], [ -103.746886140427264, 21.379411650106807 ], [ -103.74618251013419, 21.378949569951352 ], [ -103.745734909956781, 21.378656090189065 ], [ -103.744941420075577, 21.377989019562307 ], [ -103.744401290413293, 21.377434320302154 ], [ -103.743581049706194, 21.376720349848256 ], [ -103.742910859708502, 21.376072749669063 ], [ -103.742370149612782, 21.375470859760739 ], [ -103.741905020475329, 21.374868110158719 ], [ -103.74167112031283, 21.374613920052841 ], [ -103.741438889625798, 21.374264449632602 ], [ -103.741332510262822, 21.374055110083773 ], [ -103.741423569921494, 21.373604850260911 ], [ -103.741784139803116, 21.372868370110254 ], [ -103.742393370333929, 21.372031049936478 ], [ -103.7428808196088, 21.371292219843234 ], [ -103.743315680199046, 21.370458680110456 ], [ -103.743747029662686, 21.36957890988835 ], [ -103.744180679572551, 21.3686519201033 ], [ -103.744468460340741, 21.368056919840612 ], [ -103.744650249735159, 21.367134630283424 ], [ -103.744905289978107, 21.36625777014218 ], [ -103.745064709671468, 21.36547729041542 ], [ -103.745197350380238, 21.364650830313526 ], [ -103.745454319725596, 21.363773950156702 ], [ -103.745689889536465, 21.363038890100803 ], [ -103.74595406011008, 21.362492280393123 ], [ -103.745991540224708, 21.362394740250288 ], [ -103.746333459599654, 21.361495110084952 ], [ -103.746721379786962, 21.360781000413557 ], [ -103.746910909631907, 21.3603060201098 ], [ -103.747077200140694, 21.359832199701252 ], [ -103.747115349904647, 21.35926547977488 ], [ -103.747197569683593, 21.358510380168401 ], [ -103.74713348966975, 21.357828650444628 ], [ -103.746869170189086, 21.357244489709764 ], [ -103.746460780282661, 21.355862460443301 ], [ -103.746093539940063, 21.355185999998241 ], [ -103.745778580302826, 21.354580649854253 ], [ -103.745440570408277, 21.354139820208989 ], [ -103.745158940118657, 21.353862599882 ], [ -103.744825350290483, 21.353538780107552 ], [ -103.744539280375648, 21.353143650438327 ], [ -103.744380050312984, 21.352817850065993 ], [ -103.744322489799501, 21.352488170420926 ], [ -103.744319739852912, 21.352276739936322 ], [ -103.744462979716772, 21.351967460383907 ], [ -103.744756080482958, 21.351561180270075 ], [ -103.745026430042856, 21.35134391995344 ], [ -103.745474649592438, 21.351170020018941 ], [ -103.745850820438577, 21.351045030053655 ], [ -103.746094109967913, 21.350757289776787 ], [ -103.746186370406335, 21.350402310290303 ], [ -103.746356110027335, 21.350046429721385 ], [ -103.746421310160002, 21.349620970434501 ], [ -103.746312420192211, 21.349292779713984 ], [ -103.746327950481302, 21.348774419849835 ], [ -103.746413650315162, 21.348137260169253 ], [ -103.74663025006744, 21.34766105965824 ], [ -103.746872319551457, 21.347279859736219 ], [ -103.747066880112882, 21.346970000066758 ], [ -103.747922689917175, 21.345738709831036 ], [ -103.748234519800832, 21.345285020198755 ], [ -103.74831702006405, 21.345147940111595 ], [ -103.748544289542792, 21.345119940114873 ], [ -103.748805459649361, 21.345090630457246 ], [ -103.749589200172267, 21.345170619920619 ], [ -103.750092970367447, 21.345174850419721 ], [ -103.750648229949107, 21.345041429584107 ], [ -103.751529279989114, 21.344485029982856 ], [ -103.751891110340765, 21.344153279618475 ], [ -103.752104719821617, 21.343820489759654 ], [ -103.752271949694062, 21.343274079747836 ], [ -103.752359260457922, 21.342391879887384 ], [ -103.752415420463933, 21.341647060397488 ], [ -103.752388890381084, 21.341099229769274 ], [ -103.752193679633194, 21.340985290357626 ], [ -103.751918120220466, 21.340875920342349 ], [ -103.751705000038569, 21.340874720177464 ], [ -103.751444819562806, 21.340979350161 ], [ -103.751020000396579, 21.341234679622719 ], [ -103.750839459707436, 21.341354720179126 ], [ -103.750432429697071, 21.341489150165188 ], [ -103.750270080432429, 21.341518230271443 ], [ -103.749880830354869, 21.341529949689662 ], [ -103.749637650314966, 21.341452859693458 ], [ -103.749573650093126, 21.341224000165692 ], [ -103.749431340225584, 21.340858080302525 ], [ -103.749449480319896, 21.340614660199815 ], [ -103.74950170988896, 21.340310949860147 ], [ -103.749537249702783, 21.339915770200914 ], [ -103.749556089780398, 21.339504449818783 ], [ -103.749668459639068, 21.3392073196014 ], [ -103.74964909026086, 21.338984290155018 ], [ -103.749555680255952, 21.338504369699958 ], [ -103.749536230134495, 21.338127079879321 ], [ -103.749619000306737, 21.337735860297727 ], [ -103.74958465013998, 21.336944119847775 ], [ -103.749351819602936, 21.336708480109934 ], [ -103.749700910352971, 21.336640490373874 ], [ -103.750397250298491, 21.336558110170454 ], [ -103.750774689762565, 21.336532919832234 ], [ -103.751263229934025, 21.336485580121199 ], [ -103.751666420404263, 21.336058080098553 ], [ -103.752115909570321, 21.335987580067901 ], [ -103.752242510402326, 21.336039679708634 ], [ -103.752506429729934, 21.336222709795138 ], [ -103.752657399691756, 21.336286319628307 ], [ -103.752888380360389, 21.336321780373297 ], [ -103.753111199623916, 21.336323769792038 ], [ -103.753097090443205, 21.335836600287358 ], [ -103.753199400431058, 21.335882620191942 ], [ -103.753314519946045, 21.33594573972244 ], [ -103.753378889991168, 21.336053889686394 ], [ -103.753463599919016, 21.336235339869226 ], [ -103.753636019527619, 21.336458430266081 ], [ -103.753899060225251, 21.336796629649882 ], [ -103.754152249972947, 21.337047849986984 ], [ -103.754321970367485, 21.337286380286205 ], [ -103.754613249822484, 21.337487250024939 ], [ -103.754943280117601, 21.337763880008076 ], [ -103.755142689678721, 21.337827849614843 ], [ -103.755422800404617, 21.337767460415701 ], [ -103.755610739623847, 21.337694509679306 ], [ -103.755625719640108, 21.33750740044395 ], [ -103.755547889794244, 21.337332230439447 ], [ -103.755579429578603, 21.336929830110467 ], [ -103.755674019950305, 21.336606579870264 ], [ -103.755889690260304, 21.336433490387382 ], [ -103.756585820250677, 21.335964490070499 ], [ -103.757429999879207, 21.335484709956479 ], [ -103.75744451953895, 21.335335709858956 ], [ -103.757379090287145, 21.335147689762962 ], [ -103.757195019719248, 21.33492203032392 ], [ -103.756969279769763, 21.334695919704245 ], [ -103.756825399975469, 21.334433489809118 ], [ -103.756775519691558, 21.334175419742873 ], [ -103.756792910438861, 21.33380131967693 ], [ -103.756754119519982, 21.333426969684695 ], [ -103.756707709764243, 21.332841250116015 ], [ -103.756669550193337, 21.332367050226409 ], [ -103.756648179649204, 21.3318436602232 ], [ -103.756760780462201, 21.331195310124244 ], [ -103.756981220459309, 21.330424120178439 ], [ -103.757170230467949, 21.330064379619785 ], [ -103.757399120279388, 21.329791320345297 ], [ -103.757710170348076, 21.329726949905446 ], [ -103.758095690223996, 21.329729779650428 ], [ -103.758640579707887, 21.329771620003719 ], [ -103.759108779761235, 21.329799819610212 ], [ -103.759293460112175, 21.329701489807839 ], [ -103.759443079884747, 21.329440229634955 ], [ -103.759633370245538, 21.3290305700476 ], [ -103.75983671980228, 21.328657969960137 ], [ -103.760074829602075, 21.328497319567703 ], [ -103.76065215040677, 21.328428059656822 ], [ -103.760965430432321, 21.328459849581883 ], [ -103.761261649885626, 21.328520880105238 ], [ -103.761667319917379, 21.328435450261995 ], [ -103.762432580125406, 21.328295050408165 ], [ -103.763055660472773, 21.328168979688797 ], [ -103.763228079646126, 21.328169719726048 ], [ -103.763570969564284, 21.328318230456087 ], [ -103.763895450418318, 21.328466949864996 ], [ -103.76416184975119, 21.328469320159662 ], [ -103.764287399750913, 21.328294540025865 ], [ -103.764383519772977, 21.328017550191639 ], [ -103.76447850980324, 21.327726969757794 ], [ -103.764684460176596, 21.327553060263405 ], [ -103.765215109614033, 21.32739630978444 ], [ -103.76574830990991, 21.327064350146856 ], [ -103.766014339788384, 21.32681897985001 ], [ -103.766080029995948, 21.326658509853381 ], [ -103.766180489920032, 21.326564769973505 ], [ -103.76622069024414, 21.326528020152626 ], [ -103.766375290193409, 21.326499910079409 ], [ -103.766625579959111, 21.326530600249988 ], [ -103.766828630159736, 21.32650375005387 ], [ -103.766923780094729, 21.326226770019368 ], [ -103.766973779584021, 21.325978450404524 ], [ -103.767052680338594, 21.325717080191755 ], [ -103.767039140253004, 21.325424109545825 ], [ -103.767030309534988, 21.324752649893615 ], [ -103.767180030386356, 21.324132910318582 ], [ -103.76733483002495, 21.323973219781411 ], [ -103.767571970027532, 21.323740880373208 ], [ -103.767837600240739, 21.323539059633539 ], [ -103.767934860344766, 21.323349169602782 ], [ -103.768060230335109, 21.323160779814334 ], [ -103.76804689022795, 21.322883229556876 ], [ -103.768157549920645, 21.322606980314838 ], [ -103.768285820084827, 21.322418549642652 ], [ -103.768661079882776, 21.322230910399362 ], [ -103.769002600002722, 21.322276860194371 ], [ -103.769218400286249, 21.322483090316915 ], [ -103.76940590986203, 21.32252811956965 ], [ -103.769662580195259, 21.322381770110567 ], [ -103.770225180178002, 21.322079419653644 ], [ -103.770680680398769, 21.321732919859869 ], [ -103.771356630330587, 21.321212350126881 ], [ -103.772031200250694, 21.320735370240964 ], [ -103.772329949679218, 21.320475079683867 ], [ -103.772534339724785, 21.320330230222268 ], [ -103.772688740029977, 21.320287620443871 ], [ -103.772828019666321, 21.320420310360731 ], [ -103.773061630298315, 21.320509259928301 ], [ -103.773264060049115, 21.320584060248244 ], [ -103.77345001986356, 21.320730739826555 ], [ -103.773760749533807, 21.320791570378361 ], [ -103.774009089590649, 21.320895770042178 ], [ -103.774493979665081, 21.320942780022516 ], [ -103.774976150482487, 21.321005260371681 ], [ -103.775334920351966, 21.321036490317617 ], [ -103.775582689580105, 21.321097139981337 ], [ -103.77575277964165, 21.321288459838385 ], [ -103.776000719530828, 21.321581450208917 ], [ -103.776122949742472, 21.321669859871552 ], [ -103.776156880254149, 21.321451660155748 ], [ -103.776143519840772, 21.321174119983677 ], [ -103.776244969561773, 21.320422429698787 ], [ -103.776294170349786, 21.320334739631726 ], [ -103.776310079568518, 21.320073199642721 ], [ -103.77626669034467, 21.319867689601598 ], [ -103.776142519964012, 21.319633180145129 ], [ -103.776144689957093, 21.319283769567313 ], [ -103.776210750213934, 21.318933620325446 ], [ -103.776323520094422, 21.318525739655819 ], [ -103.776513000148, 21.318205909838106 ], [ -103.776655779730703, 21.318017310359249 ], [ -103.776736769591182, 21.317696920134509 ], [ -103.776738140146719, 21.317433739673621 ], [ -103.776740849724263, 21.317273080268087 ], [ -103.776757340151775, 21.317055079752468 ], [ -103.776821849836736, 21.316806580397607 ], [ -103.777041539807541, 21.316575339712742 ], [ -103.777375399961528, 21.316188490329402 ], [ -103.777548399637496, 21.315941459691608 ], [ -103.777643710313555, 21.315606380154453 ], [ -103.777615060119132, 21.315270939950505 ], [ -103.777555800377669, 21.315037489701485 ], [ -103.777556780211441, 21.314745260319743 ], [ -103.777388460338074, 21.314466800245899 ], [ -103.777249750290991, 21.314231550139002 ], [ -103.777220540016955, 21.313998660275367 ], [ -103.777300740376688, 21.313692819645553 ], [ -103.777475280241262, 21.313489319988847 ], [ -103.777648280000122, 21.313242279580095 ], [ -103.777651379990516, 21.312891950042914 ], [ -103.777590769864361, 21.312555970427219 ], [ -103.777500510115019, 21.312321060123431 ], [ -103.777566200022548, 21.311942779575883 ], [ -103.777677020387827, 21.311534920194429 ], [ -103.778059320259629, 21.31078542957847 ], [ -103.778655379790038, 21.310308419714044 ], [ -103.779283200238766, 21.309816510118814 ], [ -103.77966055011224, 21.309424620133427 ], [ -103.78005475041455, 21.30898987970307 ], [ -103.780370690186018, 21.308714860095687 ], [ -103.780636280339081, 21.308513029605155 ], [ -103.781010309985035, 21.308383430000028 ], [ -103.781386480174959, 21.308269250274972 ], [ -103.781933510371587, 21.308113140164114 ], [ -103.782324219522195, 21.307998779772053 ], [ -103.782808659671375, 21.307798030265932 ], [ -103.783403139769305, 21.307568770037221 ], [ -103.784020579741551, 21.307391859616789 ], [ -103.784567020272391, 21.307337400033436 ], [ -103.784830850007822, 21.30729528979542 ], [ -103.784973219733487, 21.307077649917101 ], [ -103.785085350026819, 21.306771420093295 ], [ -103.785246120467519, 21.306116139949705 ], [ -103.785373380358138, 21.305854200286134 ], [ -103.785483220337099, 21.305738579856857 ], [ -103.785655019649582, 21.305768339787495 ], [ -103.786042799668678, 21.305946219951199 ], [ -103.786400000051458, 21.3060808896326 ], [ -103.786728709833369, 21.306038949860159 ], [ -103.787728199711736, 21.30582762957307 ], [ -103.788589180009978, 21.305541679584966 ], [ -103.78897075044712, 21.305470059851341 ], [ -103.789375020378003, 21.305502550176193 ], [ -103.789562139825136, 21.305518510422285 ], [ -103.79002991966567, 21.30559472035366 ], [ -103.79024666045531, 21.305653889798364 ], [ -103.790698380126102, 21.305759320224418 ], [ -103.790869820230881, 21.305760939573684 ], [ -103.791275619988596, 21.305690860066282 ], [ -103.791541349973031, 21.305648719624408 ], [ -103.791961689796409, 21.305579370137018 ], [ -103.792259980418436, 21.305435219554294 ], [ -103.792572600019568, 21.305277279844187 ], [ -103.792793399784031, 21.305132219974944 ], [ -103.792982060325514, 21.304900399744405 ], [ -103.793044600369299, 21.304725430128762 ], [ -103.793077140280076, 21.304623420379436 ], [ -103.793312479879575, 21.304479079695486 ], [ -103.793531340434711, 21.304334939952724 ], [ -103.794016919666277, 21.304076059709544 ], [ -103.794438399676679, 21.303946780366225 ], [ -103.794956519681193, 21.303731979575932 ], [ -103.795174999733376, 21.303631420227244 ], [ -103.795550570411322, 21.303473649897843 ], [ -103.795899170064374, 21.303471369868056 ], [ -103.796273400148223, 21.30357587982488 ], [ -103.796678430333401, 21.303593800036303 ], [ -103.796943780013819, 21.303522630012619 ], [ -103.797302110110508, 21.303379569674199 ], [ -103.797787709796978, 21.303266779651146 ], [ -103.79820897959334, 21.303269090189332 ], [ -103.79853556991327, 21.303286120311945 ], [ -103.798816430281178, 21.30328827969424 ], [ -103.799051380372418, 21.303261019813679 ], [ -103.799301029740434, 21.303101979850744 ], [ -103.799473800225485, 21.302986509714838 ], [ -103.799708739550553, 21.302813140183577 ], [ -103.799880910149227, 21.302653219938588 ], [ -103.800084659620495, 21.30253827956939 ], [ -103.800304690333533, 21.302481250217564 ], [ -103.800507879856383, 21.302467969717672 ], [ -103.800773600034219, 21.302279710037578 ], [ -103.800976949841953, 21.302063140235276 ], [ -103.801119490137324, 21.301859999989084 ], [ -103.801262220296721, 21.301670479901787 ], [ -103.801279249841173, 21.301496030056928 ], [ -103.801310580461902, 21.301305979828943 ], [ -103.801436859902481, 21.301190149993932 ], [ -103.801578629807921, 21.301074140420859 ], [ -103.801807780324367, 21.30083095015647 ], [ -103.801884419907964, 21.300768350393 ], [ -103.802035489908945, 21.300697599621305 ], [ -103.802343280269127, 21.300540599934664 ], [ -103.802589079644605, 21.300456029705657 ], [ -103.802777170114325, 21.300401179874207 ], [ -103.802953980179836, 21.300370969782765 ], [ -103.803444980145784, 21.300374260161377 ], [ -103.803572939619372, 21.300311950457147 ], [ -103.803618599677208, 21.300106319773743 ], [ -103.803617979933946, 21.299915750036195 ], [ -103.803656029975627, 21.299503289800395 ], [ -103.803682019927734, 21.299275199873392 ], [ -103.804138079520385, 21.298622779596148 ], [ -103.8045575398029, 21.297913619952674 ], [ -103.804930450282768, 21.297415540228613 ], [ -103.805201019854678, 21.29701304969241 ], [ -103.805311420014419, 21.296725880393225 ], [ -103.805327340236801, 21.296685769857099 ], [ -103.805393120450148, 21.296320169955035 ], [ -103.805558970361815, 21.296051420196555 ], [ -103.806162709786733, 21.295581460051007 ], [ -103.806432450292448, 21.295333250445641 ], [ -103.806412619900826, 21.295082110070702 ], [ -103.806292519739074, 21.294792219759774 ], [ -103.806066680420756, 21.294559849586602 ], [ -103.805884149669211, 21.294307889693481 ], [ -103.805845020268976, 21.294134119951242 ], [ -103.806050910096872, 21.293962889990624 ], [ -103.806381520223525, 21.29384918037789 ], [ -103.806754220023763, 21.293696859999454 ], [ -103.806899279946023, 21.293467369731822 ], [ -103.806880860275442, 21.29317808993536 ], [ -103.806678199778872, 21.292868309893425 ], [ -103.806372819972296, 21.292480779971896 ], [ -103.806150650264698, 21.292016949693075 ], [ -103.806111180309244, 21.291746979587316 ], [ -103.806155719648473, 21.291457879814814 ], [ -103.806301679752877, 21.291151229823583 ], [ -103.806780369644443, 21.290384179755563 ], [ -103.807847110002541, 21.288919600354017 ], [ -103.808425850282674, 21.288537969626894 ], [ -103.808920890099472, 21.288484020119018 ], [ -103.809189049598686, 21.28840825017285 ], [ -103.809355920080023, 21.288216599649576 ], [ -103.810015119916116, 21.287913880239508 ], [ -103.81086356967991, 21.287284019738966 ], [ -103.811215829713205, 21.287054779968848 ], [ -103.811629380250778, 21.286845709754839 ], [ -103.81212523044249, 21.28663745974265 ], [ -103.812516260312464, 21.286698169876971 ], [ -103.812678230254974, 21.286718030201623 ], [ -103.812719059808103, 21.286873630233497 ], [ -103.812492259644742, 21.286928949755744 ], [ -103.812080970379668, 21.286945630161323 ], [ -103.811936489523632, 21.287001779899715 ], [ -103.811791380304768, 21.287155059800217 ], [ -103.811747230150118, 21.287328000296529 ], [ -103.811890000442929, 21.287503279576988 ], [ -103.812180230257141, 21.287485320034243 ], [ -103.812448149971772, 21.287391400028284 ], [ -103.81265255032821, 21.287469739575144 ], [ -103.812815569768247, 21.287567630139186 ], [ -103.813167340022446, 21.287588880331022 ], [ -103.81357760026772, 21.287495080262655 ], [ -103.814196179613589, 21.287269050229156 ], [ -103.814671510012644, 21.287118200123565 ], [ -103.814921309611421, 21.286830290291572 ], [ -103.815254520296776, 21.28640888995049 ], [ -103.816439309945409, 21.284876580359356 ], [ -103.817371740013755, 21.28401611035034 ], [ -103.818251690461807, 21.283357690406287 ], [ -103.819028109699317, 21.282275820297169 ], [ -103.81957277957963, 21.281787750280984 ], [ -103.819759940185875, 21.281620080351516 ], [ -103.820032230066246, 21.281350029766905 ], [ -103.820345630283427, 21.281041380396591 ], [ -103.820672220376323, 21.279275149935689 ], [ -103.820779709935209, 21.278634090085436 ], [ -103.820570110303834, 21.278171030136093 ], [ -103.820473250205481, 21.277952569707324 ], [ -103.820367770113208, 21.277671600362044 ], [ -103.820259740132215, 21.277415149971269 ], [ -103.820178149643354, 21.277110309791542 ], [ -103.820097849659504, 21.276899819687078 ], [ -103.820090800340807, 21.276523290422631 ], [ -103.820234110359834, 21.276237540204956 ], [ -103.820527769760034, 21.275901910417122 ], [ -103.82107180004374, 21.275537879787937 ], [ -103.821443850236108, 21.275271180226593 ], [ -103.821789109873123, 21.275028399861803 ], [ -103.82223537042097, 21.274737230044778 ], [ -103.822681289927303, 21.274421549904538 ], [ -103.822899459722478, 21.274087719818482 ], [ -103.823461909584978, 21.273440340233851 ], [ -103.823931380258628, 21.273077180133669 ], [ -103.824427319938849, 21.272737320416219 ], [ -103.82462190995598, 21.272450949614711 ], [ -103.824984940031058, 21.271877629956084 ], [ -103.824995979581317, 21.271264950011872 ], [ -103.824880570208421, 21.270608399596707 ], [ -103.824666420431527, 21.270023800092268 ], [ -103.824304490322803, 21.269536259700864 ], [ -103.823990289628881, 21.269070830435783 ], [ -103.82345125963694, 21.268587219989119 ], [ -103.822968320188096, 21.268314370239192 ], [ -103.822583799646068, 21.26794507964226 ], [ -103.822046369992421, 21.267579399727875 ], [ -103.821739909573665, 21.267326229638432 ], [ -103.821533459742767, 21.267094569982682 ], [ -103.821326059959205, 21.266793029577929 ], [ -103.821142540044207, 21.266466689898706 ], [ -103.821137089777736, 21.266207230306073 ], [ -103.821091420307383, 21.265336580115449 ], [ -103.821296740095718, 21.264413950321259 ], [ -103.82135394972093, 21.263634649676842 ], [ -103.821365019624182, 21.263021969959325 ], [ -103.821197999704196, 21.262342429994817 ], [ -103.82098420039496, 21.26171064965683 ], [ -103.820233320281659, 21.26080754973836 ], [ -103.819764030081217, 21.260109850148492 ], [ -103.819198620228278, 21.25946136991983 ], [ -103.81875963019769, 21.258999230045546 ], [ -103.818346449625821, 21.258512290303752 ], [ -103.818035540103551, 21.258071319674592 ], [ -103.817485679931622, 21.257140430147142 ], [ -103.81712188016887, 21.256582110379135 ], [ -103.817012280335533, 21.256136030017011 ], [ -103.816945940131546, 21.255525170345297 ], [ -103.816978659617419, 21.254723480323609 ], [ -103.816965539791696, 21.254111079760584 ], [ -103.817027579897925, 21.253544980140468 ], [ -103.817079379817741, 21.252507120102784 ], [ -103.817248999971852, 21.251090349672904 ], [ -103.817830969526838, 21.249958170339983 ], [ -103.817949889968062, 21.249805200416851 ], [ -103.818547429735801, 21.24903854960548 ], [ -103.819391110156829, 21.248435030328018 ], [ -103.820535420328483, 21.247872379968314 ], [ -103.821556460137614, 21.247500880441773 ], [ -103.823277860074768, 21.246881430255598 ], [ -103.825277309837048, 21.246350310122534 ], [ -103.827131879597047, 21.24605865015166 ], [ -103.827654460046801, 21.245907219649474 ], [ -103.828202879824119, 21.245661979567913 ], [ -103.828895200242513, 21.245108319647429 ], [ -103.829637509876221, 21.244529549733215 ], [ -103.830474660364715, 21.243666510376258 ], [ -103.831365349701159, 21.242967979698257 ], [ -103.832258600397054, 21.242456370172359 ], [ -103.833706020201319, 21.241912679711113 ], [ -103.835747290211629, 21.24098072029884 ], [ -103.83771823035795, 21.240357220309225 ], [ -103.840019429613648, 21.23982045998568 ], [ -103.841897689618946, 21.240207140217237 ], [ -103.842741509886295, 21.240119830349485 ], [ -103.843238779760654, 21.240030349757575 ], [ -103.843779889768513, 21.240173569814431 ], [ -103.845004090022073, 21.240296739736539 ], [ -103.847512479863028, 21.242512460434494 ], [ -103.849606419880644, 21.24414784964458 ], [ -103.851135510245172, 21.245180199600288 ], [ -103.852989769871556, 21.246136020290624 ], [ -103.85431646033075, 21.246315950303988 ], [ -103.855692520159167, 21.246635939960896 ], [ -103.857900430230984, 21.247400459764222 ], [ -103.85912837965634, 21.24778937021626 ], [ -103.859656750210405, 21.248057920441251 ], [ -103.860233689679987, 21.248268689874624 ], [ -103.860748540434869, 21.248399460370397 ], [ -103.861324690391356, 21.248622049847306 ], [ -103.861889540315318, 21.248868370116703 ], [ -103.861996509549044, 21.248693739552529 ], [ -103.862615220264729, 21.247446579947169 ], [ -103.863227049846074, 21.246682290019301 ], [ -103.863896659796779, 21.246316579821602 ], [ -103.865021750146937, 21.245919020106218 ], [ -103.866020109890201, 21.245665450386625 ], [ -103.867243890305232, 21.24526575026303 ], [ -103.870097420106973, 21.243589260254243 ], [ -103.873045569754268, 21.24273465004271 ], [ -103.873720349737482, 21.24253400010711 ], [ -103.874142520003829, 21.242266570186331 ], [ -103.874536309659874, 21.241906919710544 ], [ -103.874974169537566, 21.241168310277892 ], [ -103.87503531020802, 21.240554110343261 ], [ -103.875069279656799, 21.239658919753118 ], [ -103.875092579917791, 21.239248449628636 ], [ -103.875105889953176, 21.239022319592117 ], [ -103.875248690034539, 21.238643060144391 ], [ -103.875438569727933, 21.238585379875541 ], [ -103.875649689602767, 21.238939430071017 ], [ -103.875854140450002, 21.239232770042584 ], [ -103.876060429887616, 21.239448940003015 ], [ -103.876200650149926, 21.239439050204002 ], [ -103.876450319836962, 21.239297140262632 ], [ -103.876673689579732, 21.239142849736623 ], [ -103.876909599589126, 21.239053749627271 ], [ -103.877229420470528, 21.239081580367973 ], [ -103.877450119647136, 21.239291230179166 ], [ -103.87758601955106, 21.239526419724843 ], [ -103.877749910386811, 21.2398256800628 ], [ -103.877859659876336, 21.24006028025854 ], [ -103.878052049598153, 21.240113279827341 ], [ -103.878304230179978, 21.240011260391277 ], [ -103.878707709553339, 21.239793050368078 ], [ -103.879026140371678, 21.239859919575004 ], [ -103.879177110290556, 21.240273690137172 ], [ -103.879355749749038, 21.240589109595039 ], [ -103.879646289536694, 21.240946720096318 ], [ -103.879943020439612, 21.241400450263956 ], [ -103.880200600181126, 21.241684030057506 ], [ -103.880699680227607, 21.24186484974771 ], [ -103.881043019862076, 21.241843379708534 ], [ -103.881275799882388, 21.241739779801897 ], [ -103.881680449973103, 21.241742059819543 ], [ -103.881921030302934, 21.24184890956888 ], [ -103.882609140214143, 21.241910320076936 ], [ -103.883239909538531, 21.241817260191802 ], [ -103.883835149875239, 21.241675619654995 ], [ -103.88461834022614, 21.241407339605491 ], [ -103.885040710319799, 21.241155309572921 ], [ -103.885515620148084, 21.240714770264493 ], [ -103.885920059782521, 21.240359490134779 ], [ -103.88605032018549, 21.239984920107201 ], [ -103.88654338043429, 21.239459749605206 ], [ -103.886586479735911, 21.23942654979879 ], [ -103.886857309949903, 21.239206319670885 ], [ -103.887403799691256, 21.239039879949129 ], [ -103.887984599893059, 21.239042690241853 ], [ -103.888494950024509, 21.239335859554931 ], [ -103.889455919617006, 21.239735079701511 ], [ -103.889591350453998, 21.239729769625676 ], [ -103.889697180110517, 21.239684000439961 ], [ -103.889805349745913, 21.239460320430933 ], [ -103.889926310330424, 21.239251030098739 ], [ -103.890110919931473, 21.238956539739679 ], [ -103.890323510117483, 21.238793290264159 ], [ -103.890577950129725, 21.238757709794065 ], [ -103.890729249863497, 21.238736540428341 ], [ -103.891222749650197, 21.238726819826734 ], [ -103.891780779690151, 21.238624629904344 ], [ -103.892305519973604, 21.238426659955241 ], [ -103.892720450208316, 21.237853449668673 ], [ -103.893503260395235, 21.236873660349783 ], [ -103.894057919548374, 21.23570885977276 ], [ -103.894876219718981, 21.234020800003893 ], [ -103.895133550337619, 21.233050249740526 ], [ -103.895508180386912, 21.231818710351547 ], [ -103.896002970251487, 21.230184570279693 ], [ -103.896232520474967, 21.229167169573788 ], [ -103.896405180278833, 21.227821060444292 ], [ -103.89688697963372, 21.226846819693623 ], [ -103.897612920388013, 21.226644510112695 ], [ -103.898362749931053, 21.226490020145906 ], [ -103.89894402971025, 21.226667020258969 ], [ -103.899730549570776, 21.227053820200705 ], [ -103.90013062959811, 21.228106049622689 ], [ -103.901054079955443, 21.230304279840212 ], [ -103.901646180333941, 21.231451219651106 ], [ -103.90241736995813, 21.232940770192439 ], [ -103.903062949730298, 21.233419149671125 ], [ -103.904182909740044, 21.233358020110657 ], [ -103.905354460429635, 21.23338518043775 ], [ -103.906744910122285, 21.233355140207383 ], [ -103.907560770460591, 21.23335041993322 ], [ -103.908463489913558, 21.233190339884022 ], [ -103.909228779704989, 21.233100019698817 ], [ -103.90999629046641, 21.232961569935803 ], [ -103.910533709982474, 21.232773369565876 ], [ -103.910893980365103, 21.23258464991136 ], [ -103.911252569690973, 21.232276170059713 ], [ -103.91174045030229, 21.231872599973538 ], [ -103.912330660228633, 21.231517650199606 ], [ -103.912867449539675, 21.231353949556016 ], [ -103.91332808961134, 21.231213880101503 ], [ -103.913815449569512, 21.230977279906931 ], [ -103.914275079629661, 21.230765539732058 ], [ -103.915066920195116, 21.230841829653205 ], [ -103.916214660255207, 21.230897339979432 ], [ -103.917543340386075, 21.230881579969537 ], [ -103.917898709796958, 21.231027769866266 ], [ -103.918150479637163, 21.231579090076348 ], [ -103.918273569855856, 21.23220188955252 ], [ -103.918423879903301, 21.232561169785143 ], [ -103.918549660294886, 21.232897179586324 ], [ -103.918674740030028, 21.233184179911923 ], [ -103.918953350333624, 21.233377619921129 ], [ -103.919207429923674, 21.233546849955196 ], [ -103.919487049970741, 21.233811049571571 ], [ -103.919695740050642, 21.23419138031678 ], [ -103.919570659786402, 21.234921660412162 ], [ -103.919519920138683, 21.235639199718573 ], [ -103.919258980214636, 21.236480979813546 ], [ -103.919334829679002, 21.237386599719972 ], [ -103.919383950471669, 21.237980380024624 ], [ -103.919320379952836, 21.238612780280064 ], [ -103.918835139904786, 21.239200570332464 ], [ -103.918198600044448, 21.24004070985394 ], [ -103.9175704501246, 21.241265519816686 ], [ -103.917583049658703, 21.241673719889175 ], [ -103.917804740162765, 21.242082939599971 ], [ -103.918206370136829, 21.24262058007524 ], [ -103.918460940118521, 21.242959509831433 ], [ -103.918560460424786, 21.243353919922626 ], [ -103.918515119827731, 21.243704780091388 ], [ -103.91811999956245, 21.244166200188705 ], [ -103.918329849805147, 21.244626379998497 ], [ -103.918507829949021, 21.244753919716722 ], [ -103.918567940147099, 21.244895649616002 ], [ -103.91858162982507, 21.245176780206876 ], [ -103.918579799594866, 21.245387349986512 ], [ -103.918578369926223, 21.245626939692755 ], [ -103.918725059789779, 21.245866490253448 ], [ -103.918980710111072, 21.246009380020453 ], [ -103.919172890205445, 21.246249279746433 ], [ -103.919426050059343, 21.246827800183219 ], [ -103.919527479724309, 21.247151400194326 ], [ -103.919558370361074, 21.247170979935305 ], [ -103.919752140345281, 21.247293780173074 ], [ -103.920141380053508, 21.247436820211703 ], [ -103.920410019994961, 21.247606770151354 ], [ -103.920635420226091, 21.247664739972763 ], [ -103.920744509824246, 21.247643420164557 ], [ -103.921102619555612, 21.247843089995818 ], [ -103.921265369986799, 21.248055219553486 ], [ -103.92129528011418, 21.248251769786741 ], [ -103.921129020052206, 21.248335519621943 ], [ -103.920977519754018, 21.24857337986893 ], [ -103.920931419946058, 21.248868890297857 ], [ -103.920941580013547, 21.24944502003342 ], [ -103.921476520444344, 21.250096220313509 ], [ -103.921433660315415, 21.250484260329234 ], [ -103.921743660164225, 21.250838820423255 ], [ -103.922434379559022, 21.251755770301784 ], [ -103.92332686037318, 21.251887030295254 ], [ -103.923468379547884, 21.251967830429635 ], [ -103.923862230444755, 21.252093569549476 ], [ -103.924418480202817, 21.252405090083258 ], [ -103.924842880377341, 21.252838979800547 ], [ -103.925398250006893, 21.253427309794834 ], [ -103.925984720159207, 21.254293829789763 ], [ -103.926373490460179, 21.254943230031564 ], [ -103.926505030306629, 21.255786660367303 ], [ -103.926872089754923, 21.256412890217824 ], [ -103.926834320212023, 21.257033110206645 ], [ -103.927186740077588, 21.257985280327006 ], [ -103.927463549654618, 21.258490799636171 ], [ -103.927646679929751, 21.259139879715338 ], [ -103.928382179909704, 21.260433379922212 ], [ -103.929240769599076, 21.261216429607668 ], [ -103.929943219569637, 21.261718030407678 ], [ -103.930611179697465, 21.262055660322417 ], [ -103.931056890477379, 21.262547119542468 ], [ -103.932233889723491, 21.261931830119686 ], [ -103.932745020196364, 21.261523320261016 ], [ -103.933518449919873, 21.261182780181425 ], [ -103.933798429689347, 21.260873910363323 ], [ -103.933879480271131, 21.260465769627665 ], [ -103.933764119979955, 21.259999050224717 ], [ -103.933844859842139, 21.259570550437967 ], [ -103.934274920071417, 21.259259780080498 ], [ -103.934373880055347, 21.258586779602844 ], [ -103.934318420413049, 21.257752889954215 ], [ -103.934396800248606, 21.257161600179231 ], [ -103.934540949568273, 21.256610169820782 ], [ -103.934794019692063, 21.256077709724917 ], [ -103.93521935011583, 21.255441309979357 ], [ -103.935428079541481, 21.254848349638035 ], [ -103.935461849917374, 21.25417618020138 ], [ -103.935144860045583, 21.253284540210064 ], [ -103.933230820439348, 21.252551339924388 ], [ -103.931797349580989, 21.251969199821986 ], [ -103.930688709880982, 21.251242080077464 ], [ -103.928635060002378, 21.249760220171279 ], [ -103.928376650184404, 21.246928490441491 ], [ -103.927042030337972, 21.245663029642433 ], [ -103.927112230406706, 21.24367294009485 ], [ -103.925611890042063, 21.242457660273054 ], [ -103.925509350088646, 21.241043280314791 ], [ -103.92657822042699, 21.240316540321324 ], [ -103.925915049713396, 21.239159690352974 ], [ -103.925204120195829, 21.23743854013005 ], [ -103.924019979602534, 21.234571739642249 ], [ -103.924868820259618, 21.234704429809135 ], [ -103.925514350034206, 21.234836060270876 ], [ -103.926463910064825, 21.234905779768813 ], [ -103.928535429536311, 21.234918690436189 ], [ -103.930399920239537, 21.23534348037709 ], [ -103.932499689740268, 21.236311549690274 ], [ -103.93381795027193, 21.237115259780428 ], [ -103.934900680059016, 21.237694150204266 ], [ -103.936558229582744, 21.238531649733755 ], [ -103.937068890153967, 21.23850339979294 ], [ -103.937441229770187, 21.238346230232303 ], [ -103.938054450025845, 21.238382020175834 ], [ -103.938936829919697, 21.238355419866082 ], [ -103.939310579594434, 21.238230889902926 ], [ -103.940161540236076, 21.238172909953221 ], [ -103.940806180366906, 21.238240050347557 ], [ -103.941381570409959, 21.23840334971355 ], [ -103.94219785973003, 21.23809079998771 ], [ -103.942537679937004, 21.238028399785481 ], [ -103.944441829864303, 21.237976980418313 ], [ -103.945324219917595, 21.237951249665823 ], [ -103.945867230322406, 21.238017849850223 ], [ -103.946915680474646, 21.238564430279766 ], [ -103.94749989012999, 21.238936309840426 ], [ -103.947836249626462, 21.239638049767233 ], [ -103.948161879568943, 21.240932169938638 ], [ -103.94852980022533, 21.241607260161192 ], [ -103.949173780177972, 21.242321859860816 ], [ -103.949845939892171, 21.243079110055088 ], [ -103.951064970074981, 21.244015449737418 ], [ -103.951705430144486, 21.244592600096929 ], [ -103.952060970351283, 21.24547812043841 ], [ -103.952355050156129, 21.246730060068341 ], [ -103.95226517036383, 21.247777599746144 ], [ -103.952976289667788, 21.247891629721316 ], [ -103.953694109637425, 21.248086449701304 ], [ -103.954201139680265, 21.248471090371325 ], [ -103.954470460394163, 21.248886000414213 ], [ -103.95490775020275, 21.249334170234079 ], [ -103.955142110388479, 21.249940090416075 ], [ -103.95537861962579, 21.250227460067219 ], [ -103.955884819750949, 21.250421550174689 ], [ -103.956420880107785, 21.251162770067094 ], [ -103.957039849591482, 21.251256969893646 ], [ -103.957065199985209, 21.251750229760034 ], [ -103.958387709540347, 21.252754510331478 ], [ -103.958673850123162, 21.252444490284233 ], [ -103.958884579667085, 21.251948220317836 ], [ -103.959376660084175, 21.251429550029336 ], [ -103.959854149677639, 21.251114889940041 ], [ -103.960566650358359, 21.251182890431348 ], [ -103.96111838030744, 21.251843739720648 ], [ -103.96141549028917, 21.25230274037424 ], [ -103.961620770191544, 21.252637709924112 ], [ -103.961842449967861, 21.252902570440462 ], [ -103.962235820018662, 21.252992819932704 ], [ -103.962665909911294, 21.253276780301519 ], [ -103.962898309693429, 21.253468680313656 ], [ -103.963103919648105, 21.253824019820634 ], [ -103.963521150175254, 21.254088600175571 ], [ -103.963859910347367, 21.254125320306475 ], [ -103.964127179918307, 21.253986919758546 ], [ -103.964401089853581, 21.253871910268526 ], [ -103.964596719929474, 21.253710279561496 ], [ -103.964951219612388, 21.253800289901584 ], [ -103.965190109799295, 21.254290149561395 ], [ -103.965667029662242, 21.25435445001273 ], [ -103.967924780165504, 21.255224750367297 ], [ -103.969274310373393, 21.255690180218238 ], [ -103.969254480460336, 21.256874539894561 ], [ -103.971275949558887, 21.256328690112056 ], [ -103.972546580418239, 21.256166200301507 ], [ -103.973454030030908, 21.25632828016213 ], [ -103.974096449684112, 21.256002969999926 ], [ -103.974198139789266, 21.255580620165397 ], [ -103.974133650174295, 21.255096540124967 ], [ -103.973941739790121, 21.254211109878096 ], [ -103.973851999970137, 21.252972539960286 ], [ -103.973969820183513, 21.25222655037734 ], [ -103.974482349556055, 21.251801110046689 ], [ -103.97497946009004, 21.251543399855311 ], [ -103.975124479900146, 21.251444369802989 ], [ -103.975404539622531, 21.251253110034654 ], [ -103.976561680132903, 21.250869599902632 ], [ -103.978827599791771, 21.250325230020852 ], [ -103.982264320472737, 21.249682709759213 ], [ -103.983920379716352, 21.24956111007479 ], [ -103.984778059532914, 21.24947133966765 ], [ -103.985310489932189, 21.249208020286368 ], [ -103.985589479724865, 21.24871854996697 ], [ -103.98595565980257, 21.24807719968727 ], [ -103.986088849796943, 21.247405350279585 ], [ -103.986414310331, 21.246429450361429 ], [ -103.987201060452463, 21.245196260437542 ], [ -103.987857250166471, 21.244306139901312 ], [ -103.988620849913204, 21.2439276596754 ], [ -103.989309659819583, 21.243332350355512 ], [ -103.990356919686093, 21.242782630255014 ], [ -103.991895490009483, 21.241589910382721 ], [ -103.994069799939439, 21.240415769994268 ], [ -103.996360680018228, 21.239296949831893 ], [ -103.997694750373725, 21.23879371033907 ], [ -103.998980419638656, 21.238642890450972 ], [ -104.00001567952782, 21.238495320431358 ], [ -104.00078442980579, 21.238468520331732 ], [ -104.000831849916025, 21.238049079882312 ], [ -104.001703420133083, 21.237719369920082 ], [ -104.002707749565459, 21.237056429646007 ], [ -104.003567599878068, 21.236462679967275 ], [ -104.004253820059859, 21.235699800414711 ], [ -104.004967319651911, 21.234366979671115 ], [ -104.004630680186082, 21.233382970321912 ], [ -104.004757220477913, 21.232040860008556 ], [ -104.004664720058543, 21.230870540292639 ], [ -104.004857920201559, 21.229567619822085 ], [ -104.005235719588313, 21.22876934969667 ], [ -104.006087920219457, 21.2280435498147 ], [ -104.007493489691285, 21.227521350239694 ], [ -104.008551170154846, 21.227156019973989 ], [ -104.009956340195345, 21.22713059976024 ], [ -104.011230419874721, 21.227024910424593 ], [ -104.012643050083454, 21.226843940409193 ], [ -104.014198770245557, 21.227163199636745 ], [ -104.015403289615364, 21.227416780439562 ], [ -104.016118369914153, 21.227559659976308 ], [ -104.016641829639255, 21.227435599690391 ], [ -104.016952339751057, 21.227290920142501 ], [ -104.017488849781955, 21.22720184977381 ], [ -104.017677340128884, 21.226636910019256 ], [ -104.017530949811572, 21.226040800082874 ], [ -104.016776319526173, 21.224727600192466 ], [ -104.016121919924146, 21.223665829622597 ], [ -104.015591489739933, 21.222489580188203 ], [ -104.014641119702915, 21.220680860366066 ], [ -104.01469978009635, 21.219524199816931 ], [ -104.01515893977998, 21.219283850078135 ], [ -104.015547109784094, 21.219313889913355 ], [ -104.016098879733178, 21.219412050066399 ], [ -104.016446370172474, 21.219231739723426 ], [ -104.016668179770832, 21.21904371976002 ], [ -104.016824340473036, 21.218582419990405 ], [ -104.016645949683252, 21.217535600303428 ], [ -104.016407719965358, 21.216660110158045 ], [ -104.01605587959321, 21.215715820192425 ], [ -104.0157541498656, 21.2148014895674 ], [ -104.015429630120011, 21.214216849778659 ], [ -104.015139230198358, 21.213825520260098 ], [ -104.016037080373167, 21.212817909669123 ], [ -104.016817260191416, 21.212303860046354 ], [ -104.017186569604462, 21.211912380249686 ], [ -104.017055619717013, 21.211181630297119 ], [ -104.016833349772313, 21.210709429641295 ], [ -104.016284939723747, 21.210011169797493 ], [ -104.015925020434864, 21.209583970421384 ], [ -104.015794750137204, 21.209096149928282 ], [ -104.015754719825097, 21.208484109617142 ], [ -104.016016000466337, 21.207458419949301 ], [ -104.016479200265479, 21.206574030159612 ], [ -104.017223310197267, 21.205973909983868 ], [ -104.018638829643265, 21.205122370360645 ], [ -104.019958259786009, 21.204776770065894 ], [ -104.021404949761546, 21.204678200226429 ], [ -104.021801910379935, 21.204867800171076 ], [ -104.022320020369563, 21.205107080070743 ], [ -104.022532289907303, 21.205391420153394 ], [ -104.022624320246109, 21.205687600190519 ], [ -104.022595030383584, 21.205923860098935 ], [ -104.022369350226867, 21.206203740376345 ], [ -104.02234190992445, 21.206563029834367 ], [ -104.022442749603073, 21.207396890329292 ], [ -104.022382950380546, 21.208515509563458 ], [ -104.022564860234965, 21.209692459722469 ], [ -104.022320890397992, 21.210019399779309 ], [ -104.022332460375367, 21.210788380231516 ], [ -104.022660060182076, 21.211460909762629 ], [ -104.023161249779008, 21.212028569911983 ], [ -104.023759709800828, 21.21251291039809 ], [ -104.02443080004052, 21.212729630450465 ], [ -104.02498130959458, 21.21293770971781 ], [ -104.025260799655555, 21.212595579774458 ], [ -104.025464449669272, 21.212305739718058 ], [ -104.025752109896402, 21.21177890960637 ], [ -104.026662289925341, 21.211023860115805 ], [ -104.028033049857754, 21.209723769914795 ], [ -104.02941036952447, 21.208664200164254 ], [ -104.030542400315866, 21.206782719950628 ], [ -104.031613319652109, 21.205192820412719 ], [ -104.03287132047393, 21.202686659621286 ], [ -104.032758649610727, 21.202181999650829 ], [ -104.03207767991573, 21.201811429911704 ], [ -104.031223449807101, 21.201893080181968 ], [ -104.030417619933885, 21.202199030234965 ], [ -104.029760570362768, 21.202418660257305 ], [ -104.029422819571607, 21.201916979902066 ], [ -104.02835065952479, 21.201481290248282 ], [ -104.02693085032675, 21.200881479548841 ], [ -104.026398509682224, 21.200475600061441 ], [ -104.026491250472048, 21.199658910326566 ], [ -104.026465399978918, 21.198875540224712 ], [ -104.026721719874772, 21.197026649564108 ], [ -104.027053579725234, 21.195682879894036 ], [ -104.027968820407665, 21.194672490194254 ], [ -104.02933464996012, 21.194682490417826 ], [ -104.030397419540733, 21.194499659785752 ], [ -104.032112999552623, 21.194814309664647 ], [ -104.033799880030173, 21.195213680216739 ], [ -104.035296819660942, 21.19595300018068 ], [ -104.035321599730295, 21.196599420179041 ], [ -104.035869950410117, 21.198124650092591 ], [ -104.035796260314441, 21.198866509840521 ], [ -104.035834180022931, 21.199262449833576 ], [ -104.035881020318996, 21.199718119621913 ], [ -104.035738339972298, 21.200292490363942 ], [ -104.035728200156257, 21.201205220006091 ], [ -104.036113260380716, 21.201850880097993 ], [ -104.036908510132648, 21.202988779607356 ], [ -104.037519029627319, 21.203758599552874 ], [ -104.037955819682708, 21.204126780033508 ], [ -104.038423710220286, 21.204442220028788 ], [ -104.03890988971672, 21.204383369575158 ], [ -104.039291059886239, 21.204243630202196 ], [ -104.039383680192387, 21.204032949780427 ], [ -104.03959731041401, 21.203902940423632 ], [ -104.039658569530189, 21.203730079554155 ], [ -104.039475739965383, 21.203784879910433 ], [ -104.039337979856541, 21.203652060117488 ], [ -104.039413949622244, 21.203396720081354 ], [ -104.039825019623365, 21.202969140172062 ], [ -104.040340290107537, 21.202722910029976 ], [ -104.040910889880493, 21.202438520212258 ], [ -104.041409180370295, 21.202125169712648 ], [ -104.041923770005894, 21.201834049894916 ], [ -104.042577230387948, 21.201410829812854 ], [ -104.04337592036245, 21.200898980428896 ], [ -104.044012890439518, 21.200254650037195 ], [ -104.044627029912107, 21.199685419672445 ], [ -104.045178569984486, 21.199199309857999 ], [ -104.04585745961279, 21.199736279660911 ], [ -104.045910649835633, 21.200354519642485 ], [ -104.046097690118629, 21.200657860018786 ], [ -104.046647339555449, 21.200812420219723 ], [ -104.047073830245623, 21.201076549882913 ], [ -104.047647879822691, 21.201572599647921 ], [ -104.0485491402885, 21.202439289784703 ], [ -104.04921220003807, 21.203105029663732 ], [ -104.049992259784347, 21.203886140083931 ], [ -104.050162719805698, 21.204360600125835 ], [ -104.050890399546304, 21.204854570299204 ], [ -104.051954220110147, 21.20535302043233 ], [ -104.052838520240272, 21.205413109828406 ], [ -104.053501079534556, 21.205124580313356 ], [ -104.054065029913716, 21.205150780097938 ], [ -104.054909820311678, 21.204943749794577 ], [ -104.05503914031685, 21.204609199913858 ], [ -104.054996799763614, 21.204191769591322 ], [ -104.054999690418441, 21.203747970232534 ], [ -104.054940740273352, 21.203246029888366 ], [ -104.054719400189569, 21.202820679800965 ], [ -104.05453522985583, 21.202356709984905 ], [ -104.054222259869448, 21.201437819771336 ], [ -104.054389570240374, 21.201075769865781 ], [ -104.054909229879669, 21.199120799579759 ], [ -104.055071880450342, 21.197897979833506 ], [ -104.054792579614798, 21.196513819825565 ], [ -104.055033029720718, 21.195775739716233 ], [ -104.055329219788376, 21.195052150358855 ], [ -104.055801199565593, 21.194524109863895 ], [ -104.056066540221153, 21.194295660143911 ], [ -104.056275400461843, 21.194139939828826 ], [ -104.05660040041937, 21.194045620129689 ], [ -104.057029339805439, 21.19384197012478 ], [ -104.05745032004566, 21.193746350210805 ], [ -104.057784649570735, 21.193633910108666 ], [ -104.058532420100278, 21.193560880092651 ], [ -104.059081080187227, 21.19365242982952 ], [ -104.059459720172185, 21.193926180243519 ], [ -104.059563950107076, 21.194371380440103 ], [ -104.059654450013284, 21.194656219972089 ], [ -104.059745380231092, 21.194951819911797 ], [ -104.059749380188066, 21.195212619647702 ], [ -104.059726369903288, 21.195590719649502 ], [ -104.059664000308416, 21.195906379690776 ], [ -104.059766049708145, 21.196300799565442 ], [ -104.059828050374392, 21.1965878000351 ], [ -104.06006324973437, 21.196899460066852 ], [ -104.060346179637449, 21.197192479791561 ], [ -104.060588920271314, 21.197369110409539 ], [ -104.060707290359431, 21.197574400305118 ], [ -104.06069927952953, 21.19792176977494 ], [ -104.06081861955856, 21.198189999609443 ], [ -104.060909550206517, 21.198485620403478 ], [ -104.061068800151233, 21.198852260143603 ], [ -104.061247090485253, 21.199209660111361 ], [ -104.061569819805555, 21.199592090132285 ], [ -104.061894179727403, 21.200082460359774 ], [ -104.062569889769776, 21.200316220186725 ], [ -104.063090199911912, 21.200435119625073 ], [ -104.063618050203075, 21.200418999938467 ], [ -104.064074950469347, 21.200160970370234 ], [ -104.064332910382007, 21.200076540089199 ], [ -104.064540920426651, 21.199866850285208 ], [ -104.064867170129716, 21.199853449646604 ], [ -104.065269539912393, 21.199794049654681 ], [ -104.065622650253601, 21.199654340309699 ], [ -104.065955739539817, 21.199460949646028 ], [ -104.066212020257169, 21.199268579746608 ], [ -104.066564149666846, 21.199065940198889 ], [ -104.066963890138425, 21.198835659969273 ], [ -104.067385829934892, 21.198665340112132 ], [ -104.067631970285106, 21.198437120111599 ], [ -104.067887549739353, 21.198199799930048 ], [ -104.068104059611372, 21.197918029844129 ], [ -104.068340179632443, 21.197662969720099 ], [ -104.068547220120124, 21.197390320181725 ], [ -104.068677599832796, 21.197127709570726 ], [ -104.06881784968644, 21.196882939614518 ], [ -104.068939019887907, 21.19655143035741 ], [ -104.069030879989342, 21.196280340415719 ], [ -104.069113120245035, 21.196009369731321 ], [ -104.069185749755334, 21.195738539976492 ], [ -104.069278019890291, 21.19549441989184 ], [ -104.069341340207316, 21.195241710317941 ], [ -104.069394780376342, 21.1949711202851 ], [ -104.069438220298167, 21.194673710145231 ], [ -104.069415689639968, 21.194458120001311 ], [ -104.069334199920988, 21.194153400309805 ], [ -104.069166580249444, 21.193867830321064 ], [ -104.068981000091426, 21.193663460293088 ], [ -104.068716660114077, 21.193446490018832 ], [ -104.068491599806364, 21.193170690425561 ], [ -104.068249819689228, 21.193057029877085 ], [ -104.067841170431493, 21.192771379924032 ], [ -104.06739351980525, 21.192381659703994 ], [ -104.067041180121578, 21.191945660444151 ], [ -104.066844920045455, 21.191669480328933 ], [ -104.066551549956557, 21.191322630331218 ], [ -104.06642137954212, 21.190973579979367 ], [ -104.066221939699773, 21.190486150425098 ], [ -104.066129889990634, 21.190118599838009 ], [ -104.066095019525818, 21.189723289575454 ], [ -104.066243200270335, 21.18937048002708 ], [ -104.0664315800786, 21.189134059575427 ], [ -104.066685919558878, 21.188815799692776 ], [ -104.066970569690625, 21.188596079759716 ], [ -104.067198949998755, 21.188341510176475 ], [ -104.067300800103453, 21.188096220139482 ], [ -104.067468350400489, 21.187753199796951 ], [ -104.06769203032205, 21.187316080303901 ], [ -104.067986629672092, 21.186970279745555 ], [ -104.068286649937747, 21.186786319738587 ], [ -104.068586400222955, 21.186773280158139 ], [ -104.068887399852613, 21.18684114989161 ], [ -104.069186740440699, 21.186990030012723 ], [ -104.069485939979089, 21.187066940426266 ], [ -104.069784309803623, 21.187152849935231 ], [ -104.07008460011977, 21.187301150142765 ], [ -104.070420290084897, 21.187422539638124 ], [ -104.070819849594159, 21.187641999880107 ], [ -104.07105696968209, 21.187800690286803 ], [ -104.071265739858404, 21.187941780211762 ], [ -104.071575200036662, 21.188151799911555 ], [ -104.071754999575901, 21.188364429740773 ], [ -104.071788970065398, 21.188590769733057 ], [ -104.07181920045349, 21.188792079874606 ], [ -104.071919479925882, 21.189069570095036 ], [ -104.072019479601877, 21.189329059957316 ], [ -104.072148850068032, 21.189624150086626 ], [ -104.07238001960377, 21.190054999663676 ], [ -104.072767749720612, 21.190227880165683 ], [ -104.073169849662506, 21.190226430124117 ], [ -104.073569139985693, 21.19039345028466 ], [ -104.074803259912258, 21.190546400180075 ], [ -104.076136169739883, 21.19026695005374 ], [ -104.07686143024101, 21.189688339869662 ], [ -104.077600119716251, 21.188935910108274 ], [ -104.079448460109631, 21.18933898038971 ], [ -104.080577620478024, 21.189461550403088 ], [ -104.080830660288953, 21.189557030269331 ], [ -104.080977880312375, 21.189691139689433 ], [ -104.081068749652403, 21.189935830366203 ], [ -104.080912679524502, 21.190479709848844 ], [ -104.080996999530171, 21.191426880201874 ], [ -104.081270599938748, 21.192037510079988 ], [ -104.081618739657088, 21.192648939986817 ], [ -104.081708799788544, 21.193779320202125 ], [ -104.081334089660658, 21.195828050146485 ], [ -104.080874819678542, 21.198039450354138 ], [ -104.080753620373727, 21.199775280153503 ], [ -104.080910180031381, 21.201764150084177 ], [ -104.081377340388883, 21.202686139570922 ], [ -104.082357540015764, 21.20430624962669 ], [ -104.084004660295378, 21.205061520223548 ], [ -104.085659259660915, 21.205361110354417 ], [ -104.087195910337044, 21.204732140221079 ], [ -104.088114449694459, 21.204244980213666 ], [ -104.088455919841707, 21.203614169931306 ], [ -104.08827007986207, 21.202427020383045 ], [ -104.088086429644079, 21.200882280409044 ], [ -104.087681849594276, 21.199309369895772 ], [ -104.087822489715634, 21.197627290260886 ], [ -104.08879969025277, 21.196129149701857 ], [ -104.090132399833578, 21.195545600388943 ], [ -104.090914909901642, 21.195463219852606 ], [ -104.09156506026055, 21.195394430153545 ], [ -104.0931366899148, 21.195654250294449 ], [ -104.094179600311321, 21.195826909802761 ], [ -104.096149199569609, 21.196786340206955 ], [ -104.097471600375485, 21.198312719813057 ], [ -104.098176999745434, 21.200544509809131 ], [ -104.09894127981012, 21.201027689918838 ], [ -104.100037090249785, 21.200867449570804 ], [ -104.10088226032137, 21.200148020323155 ], [ -104.101866540131965, 21.199352249921912 ], [ -104.102532490421879, 21.198745969766868 ], [ -104.103677119766118, 21.198458430276602 ], [ -104.105607710417019, 21.197877860356407 ], [ -104.107367089716234, 21.196962479950859 ], [ -104.108762819700303, 21.195566600046945 ], [ -104.108957289959491, 21.194392369744776 ], [ -104.108900050219333, 21.192470230389802 ], [ -104.10905193964382, 21.190123229757003 ], [ -104.109489999745918, 21.188960799929948 ], [ -104.110844849932789, 21.188595710116719 ], [ -104.112308449944408, 21.18909508998696 ], [ -104.114412450210025, 21.189935769779918 ], [ -104.116800799784855, 21.191382939677997 ], [ -104.11757923018169, 21.192691420304662 ], [ -104.119147979861552, 21.193769059818909 ], [ -104.12102800010409, 21.195129910273245 ], [ -104.122269060444609, 21.195561479988545 ], [ -104.124045779617404, 21.196267369627623 ], [ -104.124742920329993, 21.196093680432693 ], [ -104.125208939928243, 21.195386459788441 ], [ -104.125699910129526, 21.194246519595286 ], [ -104.126037049944856, 21.193436719999632 ], [ -104.126546030466784, 21.192430710404292 ], [ -104.127422430197612, 21.191523950402278 ], [ -104.128555859989987, 21.190968260094792 ], [ -104.129636169788157, 21.190630149964054 ], [ -104.130880150200667, 21.190362370157196 ], [ -104.133165830368696, 21.189663229752018 ], [ -104.134845229891326, 21.189468939897569 ], [ -104.135922310234875, 21.189309320184613 ], [ -104.136909420240215, 21.188782950227058 ], [ -104.138674179963203, 21.188666290060617 ], [ -104.140290180391517, 21.188893379639222 ], [ -104.141265550063579, 21.189392310348161 ], [ -104.142718710243813, 21.189864800414362 ], [ -104.144647629693409, 21.190987519956316 ], [ -104.146060970374506, 21.1915103697341 ], [ -104.147272229645395, 21.191619510020082 ], [ -104.148033109968978, 21.19109428002362 ], [ -104.148572140092895, 21.190917020275887 ], [ -104.149143380331935, 21.190454339931573 ], [ -104.149651690287556, 21.189747519701246 ], [ -104.150171149648145, 21.189253820218021 ], [ -104.150984509864784, 21.188987379941548 ], [ -104.152045860349659, 21.188799119800176 ], [ -104.153204049933066, 21.188312740273926 ], [ -104.154483939792684, 21.187271090446664 ], [ -104.156143320315252, 21.186182320415568 ], [ -104.158050819877317, 21.18494030996564 ], [ -104.159513510202544, 21.184560290338506 ], [ -104.160559600138086, 21.184629920351504 ], [ -104.161835049631833, 21.18542408004139 ], [ -104.163511109611122, 21.187061049726097 ], [ -104.164928539858565, 21.188438490191356 ], [ -104.165814250262969, 21.188880599788295 ], [ -104.167307679848236, 21.1889665199778 ], [ -104.168891710319286, 21.189090170167077 ], [ -104.171272199624624, 21.189101749671678 ], [ -104.173420059544256, 21.188608429648259 ], [ -104.175184919946858, 21.188126880450163 ], [ -104.177152629528649, 21.188162379953308 ], [ -104.178968880388595, 21.18858391025185 ], [ -104.180358519915927, 21.188952489701034 ], [ -104.181699880303725, 21.189206519603488 ], [ -104.183149970305109, 21.18924480010941 ], [ -104.184094679711166, 21.189502650417953 ], [ -104.185027799891074, 21.189881349627591 ], [ -104.185973830302615, 21.19051757969963 ], [ -104.186938089736273, 21.190906710422183 ], [ -104.188193020037502, 21.191436879818465 ], [ -104.189072379698118, 21.191840829997385 ], [ -104.189815149573036, 21.192115139667393 ], [ -104.191023149974527, 21.192495309753859 ], [ -104.192209019860911, 21.192526419908287 ], [ -104.193533089659013, 21.192548259589639 ], [ -104.194580969763095, 21.192899849811731 ], [ -104.196367249960346, 21.193553000353539 ], [ -104.198822770201019, 21.193463709884806 ], [ -104.201348849877249, 21.193009820159382 ], [ -104.202793660232047, 21.192832429997225 ], [ -104.204010229671979, 21.192319059853222 ], [ -104.205010370450594, 21.191141749638447 ], [ -104.205858380209079, 21.190339110356064 ], [ -104.207046539950056, 21.189802890133311 ], [ -104.208702279975853, 21.189281679768289 ], [ -104.20976108033814, 21.188191110344071 ], [ -104.21096643006247, 21.18699934023887 ], [ -104.211779120033327, 21.185630569786579 ], [ -104.212100059873151, 21.184531090066354 ], [ -104.212661370391587, 21.182811599904685 ], [ -104.212931979891962, 21.181604060208993 ], [ -104.2134039103682, 21.180570569724484 ], [ -104.214187310337735, 21.179561679960347 ], [ -104.215109490042508, 21.178827060307249 ], [ -104.215650000228223, 21.178278289752143 ], [ -104.216286679640817, 21.177728119816745 ], [ -104.216855290438801, 21.177217579942756 ], [ -104.217411450404498, 21.176784489982115 ], [ -104.21795367977677, 21.176434919802112 ], [ -104.218700459987531, 21.17663700012568 ], [ -104.219179950404822, 21.176717450243451 ], [ -104.219397980199474, 21.176610580393248 ], [ -104.219406519900659, 21.176592600076447 ], [ -104.219411969897379, 21.176165369574974 ], [ -104.21872172041715, 21.175363020314094 ], [ -104.218669460119997, 21.175348879780088 ], [ -104.218097690478558, 21.175194139982793 ], [ -104.217530280323317, 21.175068830433936 ], [ -104.217340969828442, 21.174690179831078 ], [ -104.217629829765826, 21.17452708021516 ], [ -104.218276230156249, 21.174672350218959 ], [ -104.218464579580555, 21.174598539668175 ], [ -104.218497660063534, 21.174572109596191 ], [ -104.218679779572426, 21.174426569998513 ], [ -104.218720219889249, 21.174292689996534 ], [ -104.218717000005483, 21.174097249962873 ], [ -104.218709280480979, 21.174079430333684 ], [ -104.218588889628066, 21.173801420012126 ], [ -104.218484309886449, 21.173736919809873 ], [ -104.218469179581803, 21.173727619967512 ], [ -104.218314199756477, 21.173525479631195 ], [ -104.218126459534687, 21.173350479595467 ], [ -104.217996849930458, 21.173250170386403 ], [ -104.217922779954421, 21.173069079944558 ], [ -104.217847969702291, 21.172843549555072 ], [ -104.21787797999599, 21.172652059745534 ], [ -104.218050370474657, 21.17247184975357 ], [ -104.218242580095037, 21.172344649632308 ], [ -104.218403680118968, 21.172342310420628 ], [ -104.218623120254605, 21.172427980433895 ], [ -104.218862000321678, 21.172544489749669 ], [ -104.219505629560004, 21.172775079562314 ], [ -104.219826460186297, 21.172974799868427 ], [ -104.220027520206003, 21.173105570238366 ], [ -104.220080379889495, 21.173139949993324 ], [ -104.220323860042129, 21.173247489832026 ], [ -104.220486939696301, 21.173256580153662 ], [ -104.220513619673767, 21.173258060254074 ], [ -104.220525879648847, 21.173174769573055 ], [ -104.220530659865489, 21.173142289791652 ], [ -104.220483620413702, 21.172876400403617 ], [ -104.220437319868907, 21.172654910157501 ], [ -104.220330710437452, 21.172514280286244 ], [ -104.220324520361757, 21.172500620171189 ], [ -104.220318199886123, 21.172486679726234 ], [ -104.220295849576317, 21.17243737014557 ], [ -104.220212680150865, 21.172253850304077 ], [ -104.220174419861408, 21.172053740399608 ], [ -104.220216650073368, 21.171732309803922 ], [ -104.220368349985876, 21.171133000057157 ], [ -104.220609429789135, 21.170764110269523 ], [ -104.220736599569051, 21.170405779751153 ], [ -104.220732050158034, 21.170129570128303 ], [ -104.220720620241821, 21.170013880334984 ], [ -104.220557580353173, 21.169927140263674 ], [ -104.220470139851003, 21.169812549877772 ], [ -104.220695449657967, 21.169639949925458 ], [ -104.220826430279089, 21.169513280272749 ], [ -104.221263600392888, 21.169506940363753 ], [ -104.22171043008322, 21.169509350228132 ], [ -104.222176260356747, 21.169511489884535 ], [ -104.222717970468381, 21.169503619995176 ], [ -104.223049279795831, 21.169418599943999 ], [ -104.223304110319063, 21.169307950009181 ], [ -104.223577819605651, 21.169188110100393 ], [ -104.223581619623005, 21.168961600249588 ], [ -104.223582600003951, 21.168902859986932 ], [ -104.223322599613141, 21.168701660055234 ], [ -104.223035579871777, 21.168589979711854 ], [ -104.222785110229481, 21.168388650327351 ], [ -104.222119290220903, 21.168146479877887 ], [ -104.221897280061455, 21.167874830414242 ], [ -104.221742769949145, 21.167681999901205 ], [ -104.221615450168116, 21.167417850023924 ], [ -104.221542519752902, 21.167011029789791 ], [ -104.221488230193899, 21.166586199578681 ], [ -104.221462429800582, 21.166169829643493 ], [ -104.221474620002823, 21.165761770133496 ], [ -104.22157349038217, 21.165449980390122 ], [ -104.221790090335489, 21.165393649782189 ], [ -104.222069940233652, 21.165159029583943 ], [ -104.222254519629487, 21.164881480264601 ], [ -104.222230780028937, 21.164589219708009 ], [ -104.222116909801031, 21.164366549795215 ], [ -104.221871629659347, 21.164088060244389 ], [ -104.221747369894231, 21.163850139600264 ], [ -104.221669379597913, 21.163682030381139 ], [ -104.221710769583922, 21.16345578003574 ], [ -104.221842629945272, 21.163242339654648 ], [ -104.221975169892772, 21.16307117996595 ], [ -104.22280637043832, 21.162396280108922 ], [ -104.222998849892861, 21.162210149704322 ], [ -104.223505720371605, 21.161934830245102 ], [ -104.223591279944571, 21.161651520011468 ], [ -104.223570200396097, 21.161285169577841 ], [ -104.223657380470726, 21.161100569911639 ], [ -104.22399742967697, 21.160743060448251 ], [ -104.224233620298023, 21.160471679753009 ], [ -104.224002449876437, 21.160136570104719 ], [ -104.2237583495276, 21.159928579928494 ], [ -104.223334020025092, 21.159737319843781 ], [ -104.22288242021753, 21.159715690051037 ], [ -104.222296859872586, 21.159780620094423 ], [ -104.221766580047415, 21.159548569832054 ], [ -104.221741750045425, 21.158956629553913 ], [ -104.22180925986396, 21.158490279954702 ], [ -104.221876230123698, 21.158197109611862 ], [ -104.222142080310178, 21.158155750113195 ], [ -104.222425150284039, 21.158351569596974 ], [ -104.222657230322241, 21.158685539967415 ], [ -104.222943420306478, 21.159068710062478 ], [ -104.223169490113563, 21.159040430243703 ], [ -104.223123740010365, 21.158691249877325 ], [ -104.22312167964246, 21.158566340164178 ], [ -104.223409219532243, 21.158224799701042 ], [ -104.223593480175523, 21.1580846798051 ], [ -104.223833289766262, 21.158081199784327 ], [ -104.224181339826956, 21.158176090034054 ], [ -104.224500889944878, 21.158158940340208 ], [ -104.224805060394061, 21.158017079584059 ], [ -104.224866509531481, 21.15770382986102 ], [ -104.224779740435324, 21.157292770108189 ], [ -104.224518969942295, 21.156834260240029 ], [ -104.224419309630505, 21.156448379636707 ], [ -104.224189719981666, 21.156264309908451 ], [ -104.224181860272992, 21.155789629680473 ], [ -104.224145109553575, 21.155177940170667 ], [ -104.223991950124557, 21.154780339567548 ], [ -104.223867910292611, 21.154532259806192 ], [ -104.223446109760687, 21.154366569960917 ], [ -104.223138549932457, 21.154209430281007 ], [ -104.222594659788214, 21.154192459744653 ], [ -104.222275310283081, 21.154122519882424 ], [ -104.222072769803361, 21.153901710290182 ], [ -104.221988109918101, 21.153592149797273 ], [ -104.222049480244721, 21.153292889949295 ], [ -104.222298030288769, 21.153090379668871 ], [ -104.222626340168432, 21.152899139787376 ], [ -104.222916319777539, 21.152795480268914 ], [ -104.223220570254341, 21.152753750146196 ], [ -104.223564820325336, 21.152723889799137 ], [ -104.223681430120649, 21.152560580277036 ], [ -104.223768259713125, 21.152198820225799 ], [ -104.22402434015865, 21.151648110293731 ], [ -104.224474600471879, 21.151616680156074 ], [ -104.224978289885215, 21.151609350000466 ], [ -104.225170549582458, 21.151208749979961 ], [ -104.22505855007482, 21.150849879798109 ], [ -104.224678350431802, 21.15030841990783 ], [ -104.224286980014952, 21.149891450140512 ], [ -104.224122170207295, 21.149545770213031 ], [ -104.223915770394058, 21.149003489859517 ], [ -104.223589750334824, 21.148415080093194 ], [ -104.223458030340495, 21.148100659570382 ], [ -104.223388910371767, 21.147745769694783 ], [ -104.223172540144546, 21.147412800384103 ], [ -104.222872830172591, 21.147140349648879 ], [ -104.222618220388924, 21.147045199669915 ], [ -104.222278949560888, 21.146931510175826 ], [ -104.222106060324506, 21.146676979695023 ], [ -104.222146740443534, 21.146467850068973 ], [ -104.222373720213412, 21.146059090258703 ], [ -104.222671920300911, 21.145715049910013 ], [ -104.222877709808245, 21.145438089932469 ], [ -104.222838289970639, 21.145175660351548 ], [ -104.222519940003693, 21.145004970379546 ], [ -104.222144619812084, 21.144922750105348 ], [ -104.2217823998553, 21.144928019696302 ], [ -104.221522089583928, 21.144734549989003 ], [ -104.221178349757963, 21.144443679789781 ], [ -104.221159620222252, 21.144016570024064 ], [ -104.221129200431307, 21.143589650193874 ], [ -104.221182200434356, 21.143260119760676 ], [ -104.221552649995132, 21.143046519868761 ], [ -104.221855689873792, 21.142998279936364 ], [ -104.221991569596625, 21.142733319720058 ], [ -104.222002170083869, 21.141832619804219 ], [ -104.221812199704388, 21.141354260374079 ], [ -104.221590940076396, 21.140984999682459 ], [ -104.221487309811025, 21.140722659770137 ], [ -104.221221779628905, 21.140679969667676 ], [ -104.220162749731827, 21.140695350312313 ], [ -104.219835650280785, 21.140932909988077 ], [ -104.219456859641511, 21.141047029861543 ], [ -104.219123350366786, 21.140896689958776 ], [ -104.218818339789678, 21.140466549669163 ], [ -104.218677770426808, 21.139971969631613 ], [ -104.218734510428874, 21.139396910434776 ], [ -104.218928199588831, 21.139099230167794 ], [ -104.219336249519088, 21.138751859809449 ], [ -104.219633320234266, 21.138700980418459 ], [ -104.219577800009645, 21.138344849998457 ], [ -104.219375400396871, 21.138114980011952 ], [ -104.21935347989708, 21.137789380342067 ], [ -104.219003419710347, 21.137639279989884 ], [ -104.21832783041728, 21.137819800408984 ], [ -104.218264539573227, 21.137837150140189 ], [ -104.217849999810142, 21.13795088996482 ], [ -104.217505599543657, 21.138142120320161 ], [ -104.216756910077791, 21.137904659942379 ], [ -104.216339649782427, 21.137693450156245 ], [ -104.216221180421172, 21.137894999704812 ], [ -104.216210849669125, 21.137912579828569 ], [ -104.215968779927508, 21.138288570343089 ], [ -104.215776859632285, 21.138694860311364 ], [ -104.215765419905793, 21.139005430314462 ], [ -104.215470139981633, 21.139164890146983 ], [ -104.215138169549476, 21.139107629647107 ], [ -104.215113320146614, 21.13899849014819 ], [ -104.214937920415494, 21.138228149993598 ], [ -104.21497756985103, 21.137787980225827 ], [ -104.214967800166264, 21.137194660064889 ], [ -104.214936400102715, 21.136711549547101 ], [ -104.214882660039379, 21.136294710077085 ], [ -104.214646139968934, 21.136166259926121 ], [ -104.214315890107144, 21.136039169980183 ], [ -104.214312280448823, 21.135819430390963 ], [ -104.214402050414932, 21.135576339650871 ], [ -104.214561370219954, 21.135288289800449 ], [ -104.214931980274088, 21.135019170334033 ], [ -104.215017769981841, 21.134534349587014 ], [ -104.21496222003276, 21.134007650182518 ], [ -104.214793830137552, 21.133746319923446 ], [ -104.214674489776783, 21.133616180301487 ], [ -104.214346419956271, 21.133620939686491 ], [ -104.214042140344375, 21.133647310424429 ], [ -104.213717680209953, 21.133871819546897 ], [ -104.213390340193257, 21.133920509555516 ], [ -104.212992680054057, 21.133970229669604 ], [ -104.212688029741784, 21.133974650045822 ], [ -104.212684419553057, 21.133754889868907 ], [ -104.212725859817624, 21.133424599959707 ], [ -104.212718280481496, 21.132963140135509 ], [ -104.212196949640997, 21.132618999735012 ], [ -104.212072200236506, 21.132159230429636 ], [ -104.211974859822519, 21.131940829658447 ], [ -104.211782689698126, 21.131657880414405 ], [ -104.211312220388606, 21.131554780068711 ], [ -104.210840650451857, 21.131385769919902 ], [ -104.210598719527681, 21.130927690185551 ], [ -104.210569520224325, 21.130576430201732 ], [ -104.211170490302322, 21.130062200343627 ], [ -104.211586139625354, 21.129682539952952 ], [ -104.211742950074353, 21.129240660012005 ], [ -104.211737169542886, 21.12888905988175 ], [ -104.211542479721444, 21.128452279837838 ], [ -104.211401540371426, 21.128432349737778 ], [ -104.211289890459256, 21.127714539788705 ], [ -104.211395339924991, 21.127035080360805 ], [ -104.211506509688192, 21.126705430286414 ], [ -104.211636710293689, 21.126113089771863 ], [ -104.211629149833968, 21.125653940271715 ], [ -104.21171630998461, 21.125280909758512 ], [ -104.211987450021496, 21.124752119992706 ], [ -104.212333920210696, 21.124550289755678 ], [ -104.212347890178279, 21.123981510154678 ], [ -104.21238336953455, 21.12330304973446 ], [ -104.212277180180919, 21.122517309614988 ], [ -104.211758520158924, 21.122174910438726 ], [ -104.211332059718274, 21.121765580260099 ], [ -104.211138000408909, 21.121309140158278 ], [ -104.211110740359544, 21.121068969705025 ], [ -104.211428860010557, 21.120561380066373 ], [ -104.211993420392716, 21.120859369644492 ], [ -104.212298650066359, 21.120986169850433 ], [ -104.212530340388994, 21.120895350379111 ], [ -104.212709310208339, 21.120433510153987 ], [ -104.212587689840319, 21.120129109853032 ], [ -104.212581580028314, 21.119757420240248 ], [ -104.212484019885309, 21.119496400389533 ], [ -104.211269580292708, 21.11938276972948 ], [ -104.211055449599044, 21.119123450095771 ], [ -104.210860320273085, 21.118601419752387 ], [ -104.211109219780468, 21.118138569594592 ], [ -104.211469629885457, 21.118023150008156 ], [ -104.212109829996265, 21.117996740096356 ], [ -104.212567319859971, 21.117990109671457 ], [ -104.213061980176604, 21.118017289924108 ], [ -104.213299579770478, 21.117996679622898 ], [ -104.213607579851768, 21.117803379649022 ], [ -104.213749460022427, 21.117526680438615 ], [ -104.213963400440193, 21.117180250394185 ], [ -104.214052650265344, 21.117041629990371 ], [ -104.214344309902302, 21.11696874037343 ], [ -104.214655399759053, 21.116964230131362 ], [ -104.214762370039679, 21.116791020438878 ], [ -104.21474097001159, 21.116602510357694 ], [ -104.21438989038532, 21.116401600372114 ], [ -104.213909579841044, 21.116133910204613 ], [ -104.213223750358935, 21.115611689831809 ], [ -104.212689419598405, 21.115396260066024 ], [ -104.21233242004871, 21.114834950171613 ], [ -104.212144339672136, 21.11452867964881 ], [ -104.212575339943669, 21.11402462967688 ], [ -104.213359370353416, 21.113841619689765 ], [ -104.213782229610558, 21.113955659983247 ], [ -104.214538980373973, 21.114339509603983 ], [ -104.215305290123752, 21.114191080221467 ], [ -104.215467169831001, 21.114017059844205 ], [ -104.21536775023155, 21.113537859707495 ], [ -104.215031020121373, 21.113096420390452 ], [ -104.214749750133294, 21.112688519695716 ], [ -104.214538580038081, 21.112090749626564 ], [ -104.214392539524439, 21.111667079628738 ], [ -104.214628490221102, 21.111167490246579 ], [ -104.215093860025647, 21.111008079587908 ], [ -104.215395229736217, 21.110774710409281 ], [ -104.215577059519219, 21.110695739992508 ], [ -104.215673110461012, 21.110350849919175 ], [ -104.21565959973239, 21.109530449879617 ], [ -104.215717800437915, 21.109357860132494 ], [ -104.21530687969944, 21.109115719563441 ], [ -104.214857150446718, 21.108988679689297 ], [ -104.21462647954661, 21.108572180045197 ], [ -104.214497830406614, 21.108173289795641 ], [ -104.214592000266208, 21.107713919843615 ], [ -104.214748780185758, 21.107349080295378 ], [ -104.215213179735116, 21.107132419822268 ], [ -104.215736740300173, 21.106800420025614 ], [ -104.216162679600501, 21.106717909594227 ], [ -104.216339449539291, 21.106333659932002 ], [ -104.216472109890503, 21.105740150308282 ], [ -104.216832289635647, 21.105372349739408 ], [ -104.217173059775277, 21.105062079992486 ], [ -104.217495710211026, 21.104885650362775 ], [ -104.217617449880009, 21.104864779632329 ], [ -104.217654680408756, 21.104654339906837 ], [ -104.217651540073476, 21.10446354033305 ], [ -104.21740554018568, 21.104352619901835 ], [ -104.217242490288939, 21.104335909549448 ], [ -104.217057849886913, 21.104243169852815 ], [ -104.216932659630061, 21.10405414000348 ], [ -104.217532219766682, 21.103396619979598 ], [ -104.21825694964825, 21.102928089598777 ], [ -104.218774200140189, 21.102420549670249 ], [ -104.220843080188587, 21.101363380251211 ], [ -104.221422509715154, 21.097893379640176 ], [ -104.220495110278236, 21.096529509928263 ], [ -104.219718259565596, 21.095447280312083 ], [ -104.218835650440681, 21.093549399864099 ], [ -104.218061980031351, 21.092871309788567 ], [ -104.218407060005916, 21.092019719957005 ], [ -104.218319510470224, 21.091491679812748 ], [ -104.217895419633436, 21.091086060115664 ], [ -104.218096280142177, 21.089894739565711 ], [ -104.218460880205441, 21.089655290059905 ], [ -104.217879139929295, 21.088434229785392 ], [ -104.21829909039441, 21.087845249600242 ], [ -104.216718570089128, 21.08579120000373 ], [ -104.217532890204168, 21.082909779557475 ], [ -104.218091229689648, 21.082167619589189 ], [ -104.219131750027373, 21.081369909632876 ], [ -104.219238199607275, 21.080533309620058 ], [ -104.219851970413018, 21.080118030177012 ], [ -104.218717060459937, 21.078595079938218 ], [ -104.219852979734682, 21.076647629963997 ], [ -104.220430219981509, 21.076373080310038 ], [ -104.220571019741797, 21.075584849781322 ], [ -104.221910249720466, 21.074311629683283 ], [ -104.221896749603175, 21.073933289666396 ], [ -104.222604549588908, 21.07347957036864 ], [ -104.222451780259263, 21.072473369652307 ], [ -104.222252369649837, 21.072197800427343 ], [ -104.22215252018438, 21.071713779672926 ], [ -104.221810450204387, 21.070024619918019 ], [ -104.223662249800753, 21.068962679987177 ], [ -104.22540652044303, 21.067962350436325 ], [ -104.228611139564549, 21.06637758008786 ], [ -104.229127599752644, 21.066152979709106 ], [ -104.230863309555161, 21.066945309643383 ], [ -104.231602980373438, 21.067761939619274 ], [ -104.232812850049996, 21.067398890289905 ], [ -104.233124080227924, 21.06700498006807 ], [ -104.23339528012967, 21.067059080421878 ], [ -104.23479340024862, 21.067681479572332 ], [ -104.239235539740619, 21.057071579860192 ], [ -104.239066850292318, 21.056954090088013 ], [ -104.237813600384314, 21.056081280360008 ], [ -104.237945819612577, 21.055208829615019 ], [ -104.238394829661644, 21.052273140058812 ], [ -104.231619259889996, 21.05055473998933 ], [ -104.231053450401333, 21.049189739633334 ], [ -104.230876120144501, 21.050366200035725 ], [ -104.230776140256609, 21.051029460226584 ], [ -104.228477060055326, 21.050350020380574 ], [ -104.227995080149242, 21.050325599884644 ], [ -104.227538369552377, 21.050789080033848 ], [ -104.227442480148895, 21.050889339915106 ], [ -104.227367020355302, 21.050853079588986 ], [ -104.22714488027917, 21.050746369899549 ], [ -104.225753980395737, 21.050769309845549 ], [ -104.225164000125716, 21.050526920165304 ], [ -104.224867969574191, 21.049832820321804 ], [ -104.224871370115366, 21.049675369849034 ], [ -104.225145279997164, 21.04847402009802 ], [ -104.225335429765252, 21.048061459925659 ], [ -104.225940030083862, 21.047668800141238 ], [ -104.226618510475689, 21.047423710018958 ], [ -104.226968540088748, 21.047123630256355 ], [ -104.227195000385933, 21.046375250017142 ], [ -104.227365290176792, 21.045735949940717 ], [ -104.227384399695552, 21.045490879805058 ], [ -104.227296120335097, 21.045345310414671 ], [ -104.227232569914889, 21.0452405102209 ], [ -104.227049249828127, 21.04508002037235 ], [ -104.226672049719838, 21.044749779723958 ], [ -104.226528550395344, 21.044574119686636 ], [ -104.22655008004098, 21.044296170308435 ], [ -104.227215969922909, 21.043663579918103 ], [ -104.227875940447646, 21.043113889704362 ], [ -104.228069549863491, 21.042952630246614 ], [ -104.229330149921267, 21.042682090124313 ], [ -104.230153219658192, 21.042554979700455 ], [ -104.231208909989803, 21.041660659915536 ], [ -104.232860880470071, 21.04120034031207 ], [ -104.233945430424853, 21.041205340023879 ], [ -104.235797689929754, 21.040120220438677 ], [ -104.236164399865672, 21.039620320198413 ], [ -104.236150549848233, 21.038960849554751 ], [ -104.23588683019419, 21.038329520208968 ], [ -104.235602849671466, 21.037816459819886 ], [ -104.235163859669242, 21.037165029850811 ], [ -104.234802999627377, 21.036677580380253 ], [ -104.234645200022584, 21.035032059550549 ], [ -104.234941150046254, 21.033472459895506 ], [ -104.235448829814956, 21.032498649840875 ], [ -104.235954969897392, 21.031549369851167 ], [ -104.238313719774752, 21.028965950083769 ], [ -104.239696679985272, 21.027858630423125 ], [ -104.2418400302153, 21.028598459979563 ], [ -104.242454369850748, 21.02788168003589 ], [ -104.242712910395809, 21.027331630155288 ], [ -104.242485949823376, 21.026760580454287 ], [ -104.241998029623005, 21.025724249913583 ], [ -104.241354880366089, 21.025114850064487 ], [ -104.241395710371094, 21.02425857961634 ], [ -104.241640800180349, 21.023422910450012 ], [ -104.241320379659626, 21.022463050191444 ], [ -104.240730120035153, 21.021720399772448 ], [ -104.239824050110542, 21.021571259814209 ], [ -104.239546079702905, 21.021535419877875 ], [ -104.239316570316348, 21.021855460034025 ], [ -104.23897406007552, 21.021889509583151 ], [ -104.238517969859217, 21.021602199902414 ], [ -104.238101339641403, 21.021421379842327 ], [ -104.237647049911217, 21.021242029601353 ], [ -104.237340199728806, 21.021561380411018 ], [ -104.237075540073491, 21.021452749929956 ], [ -104.236811120262061, 21.020952120143111 ], [ -104.2366229101616, 21.020559249757643 ], [ -104.236131220008232, 21.020164480059474 ], [ -104.235868690428049, 21.020650139960246 ], [ -104.234983249899543, 21.020171289702315 ], [ -104.233978449744555, 21.018846690161904 ], [ -104.233337179828226, 21.017652750031196 ], [ -104.232681250206994, 21.017728400424058 ], [ -104.22959318006761, 21.016269650407775 ], [ -104.228641889737418, 21.013973060161248 ], [ -104.228894459559896, 21.013508370227644 ], [ -104.224272420008774, 21.007558309963422 ], [ -104.22458948032002, 21.006212890125926 ], [ -104.225268059630338, 21.005697649806592 ], [ -104.224316679530432, 21.004432569645804 ], [ -104.223195709658398, 21.001263659653045 ], [ -104.225290320472169, 20.997412450308122 ], [ -104.224975489661674, 20.99611503026177 ], [ -104.228039370323671, 20.996666169862582 ], [ -104.231185580023649, 20.998691429689128 ], [ -104.231963310381389, 20.998684280433196 ], [ -104.23273571014181, 20.998005170019333 ], [ -104.233871370358074, 20.998331480364374 ], [ -104.234108679822882, 20.998188149725095 ], [ -104.234261369584274, 20.99745358037535 ], [ -104.234159289541495, 20.996716220133731 ], [ -104.234806650325865, 20.996178739884471 ], [ -104.235128830054762, 20.9955422297115 ], [ -104.235442980281306, 20.994991049810761 ], [ -104.23553550981093, 20.994747249817539 ], [ -104.235517740229511, 20.99432723041296 ], [ -104.235528630343737, 20.99420854002793 ], [ -104.23599259968978, 20.993935969632723 ], [ -104.237619689723772, 20.99349864974446 ], [ -104.238016090048191, 20.993118780256982 ], [ -104.238474250112176, 20.992150819832368 ], [ -104.238524939690677, 20.991714550345943 ], [ -104.237948690388023, 20.991308220052801 ], [ -104.237374550296565, 20.990998979975846 ], [ -104.236663879684414, 20.990295229565323 ], [ -104.237014049525598, 20.99005755030478 ], [ -104.237038770384842, 20.989732570202527 ], [ -104.236939450033077, 20.98943795041939 ], [ -104.237197599609118, 20.987690820189115 ], [ -104.237535249800544, 20.985324779813883 ], [ -104.237943090148406, 20.984750450041052 ], [ -104.238100509936359, 20.984177059723994 ], [ -104.237990679526277, 20.983960630191532 ], [ -104.235964370102238, 20.98068519954619 ], [ -104.236538120386427, 20.977309829566469 ], [ -104.23591940019999, 20.975602939949077 ], [ -104.234309630029799, 20.97405225977586 ], [ -104.234082980335472, 20.971052140416404 ], [ -104.233129450394614, 20.968743369942228 ], [ -104.22788663011076, 20.967168819635976 ], [ -104.227142459701668, 20.964984309816003 ], [ -104.218558909809602, 20.960279649962335 ], [ -104.210669289955504, 20.960338369777823 ], [ -104.208865430097617, 20.959651999689104 ], [ -104.204841770357831, 20.95990091029627 ], [ -104.201306349866371, 20.959242179596504 ], [ -104.201059260348472, 20.957320149826629 ], [ -104.202730619909119, 20.955587919850043 ], [ -104.204526179545653, 20.954932249854576 ], [ -104.204616419635244, 20.951965459875769 ], [ -104.207426080299925, 20.95151242015352 ], [ -104.207973920255455, 20.95105534969311 ], [ -104.207684260204942, 20.950429599936975 ], [ -104.207034849659806, 20.946467419926659 ], [ -104.206619689723979, 20.946109320038179 ], [ -104.207478149748084, 20.942148649817128 ], [ -104.206751250002952, 20.941347920170649 ], [ -104.207486340075377, 20.941085169950298 ], [ -104.207761399857063, 20.940374570176701 ], [ -104.206567140052854, 20.939528940081512 ], [ -104.20622506029234, 20.939124739980464 ], [ -104.206071540111466, 20.938435829654285 ], [ -104.206587779560749, 20.93637335007644 ], [ -104.20720072043963, 20.935965660405873 ], [ -104.211697489802532, 20.938014489943534 ], [ -104.213908650058528, 20.939333779610752 ], [ -104.214535260407274, 20.939750849837147 ], [ -104.215406030329447, 20.940299200343837 ], [ -104.216902719839752, 20.940909540269729 ], [ -104.218755680392562, 20.940696479708997 ], [ -104.221072000062009, 20.941525660302567 ], [ -104.226648999736625, 20.93662409010253 ], [ -104.22682799960107, 20.93639587958128 ], [ -104.228753420121492, 20.935581749799635 ], [ -104.230085429549135, 20.93197733966149 ], [ -104.233905540439579, 20.92911366009643 ], [ -104.23416297953824, 20.928801489675706 ], [ -104.235464740177619, 20.927342579546622 ], [ -104.236519569947561, 20.926194050160341 ], [ -104.237730850171118, 20.925278680257573 ], [ -104.238901679600175, 20.924953019944134 ], [ -104.239748110172712, 20.924632650105067 ], [ -104.240618480295581, 20.924241059795403 ], [ -104.241436089600626, 20.923756060227305 ], [ -104.242327259996216, 20.923222979600812 ], [ -104.243672580023912, 20.922823319548115 ], [ -104.24516612022606, 20.922161689725144 ], [ -104.245758819624783, 20.92179847997819 ], [ -104.246451649613093, 20.921245059696545 ], [ -104.246889569696705, 20.92057851965912 ], [ -104.247251200040608, 20.919795169967671 ], [ -104.247279400270045, 20.919633710232084 ], [ -104.247432620147976, 20.91880296972203 ], [ -104.247362230118526, 20.917767920130451 ], [ -104.247215769797208, 20.91668692006353 ], [ -104.246797890001417, 20.915775579739911 ], [ -104.246670480305511, 20.914388059686591 ], [ -104.246766020026499, 20.912879420199175 ], [ -104.246892909877161, 20.911628799946353 ], [ -104.246973749827688, 20.910685709870894 ], [ -104.247085889705374, 20.909882799981542 ], [ -104.247461650082045, 20.908675619975757 ], [ -104.247993429615121, 20.907559750278693 ], [ -104.248230120376519, 20.906872340335667 ], [ -104.248885830392098, 20.905777880372149 ], [ -104.249885479564483, 20.904348279754497 ], [ -104.251161379693912, 20.902983820181262 ], [ -104.2520203803833, 20.901980430004983 ], [ -104.252386649651825, 20.90147945012933 ], [ -104.255031400384425, 20.898255080269497 ], [ -104.256207770329937, 20.896892600326833 ], [ -104.258446979838766, 20.894828820416958 ], [ -104.259492779955565, 20.893974599946418 ], [ -104.25991660033803, 20.893626999794364 ], [ -104.260447109718086, 20.893193250199204 ], [ -104.262445649636632, 20.891581549848233 ], [ -104.264250059802364, 20.890255059694013 ], [ -104.265676879879905, 20.888982879992376 ], [ -104.267035630271579, 20.887970369758168 ], [ -104.267879549608423, 20.887461079691978 ], [ -104.268450659890931, 20.887263139750235 ], [ -104.269153140080491, 20.887298059971336 ], [ -104.269833250046162, 20.88738094991092 ], [ -104.27043358037551, 20.88737028967066 ], [ -104.270856660260179, 20.887268740155267 ], [ -104.271485619626262, 20.887352370316719 ], [ -104.272036150426189, 20.887366310067083 ], [ -104.275893740287614, 20.887229979758729 ], [ -104.27749983023341, 20.887320080130767 ], [ -104.279651369920828, 20.887235770204615 ], [ -104.281832659943916, 20.88719862983341 ], [ -104.284038140215387, 20.88727841988397 ], [ -104.285973259686571, 20.887527350364024 ], [ -104.288536969773503, 20.887836519561517 ], [ -104.289541459648305, 20.888031309703852 ], [ -104.290191349666983, 20.887925659888761 ], [ -104.290741109831984, 20.887893090240986 ], [ -104.290916120217702, 20.88779574029828 ], [ -104.290903830209913, 20.887526539768235 ], [ -104.290394880323845, 20.887119630015995 ], [ -104.289796779873015, 20.886409549627626 ], [ -104.289497629869487, 20.886019370004469 ], [ -104.289046259592752, 20.885875889730748 ], [ -104.28863217998682, 20.885768140447425 ], [ -104.288407720332415, 20.885342260133811 ], [ -104.288297340024855, 20.884811419610312 ], [ -104.288224969798264, 20.884244879959027 ], [ -104.288037480286064, 20.883607400162255 ], [ -104.287964970189094, 20.883146940273612 ], [ -104.287853369565795, 20.882828250429927 ], [ -104.287590880257554, 20.882721030287151 ], [ -104.287478180454272, 20.882508319682969 ], [ -104.287365849918274, 20.882259949846084 ], [ -104.287330259763337, 20.881870340137869 ], [ -104.287294089975845, 20.881445540148402 ], [ -104.28729897007301, 20.880879580054 ], [ -104.287261109803765, 20.880525749978951 ], [ -104.287227229658455, 20.880065799581821 ], [ -104.287038979810802, 20.879781649549535 ], [ -104.28704034024679, 20.879463519633394 ], [ -104.287116279519637, 20.879216229645518 ], [ -104.287005280147355, 20.878932720129427 ], [ -104.286704169565837, 20.878824910020036 ], [ -104.286441689963752, 20.878717689993547 ], [ -104.286253460139363, 20.878434169585685 ], [ -104.286217889821529, 20.878044570382958 ], [ -104.286256050192364, 20.877903349683741 ], [ -104.286144940038582, 20.877442850430846 ], [ -104.285844580391, 20.877264780232643 ], [ -104.285553200160138, 20.875282150305353 ], [ -104.285443910059968, 20.874985479853954 ], [ -104.285238289908236, 20.874929030346895 ], [ -104.285112620411539, 20.87491784996379 ], [ -104.28416948013664, 20.873381029733579 ], [ -104.2837275803208, 20.872540490296839 ], [ -104.282737539959882, 20.870626739683065 ], [ -104.28185267969377, 20.868993230287668 ], [ -104.280637029833485, 20.867035750220531 ], [ -104.279962200059742, 20.865775620375775 ], [ -104.279547679866837, 20.865123380189093 ], [ -104.279110800259929, 20.864518659986508 ], [ -104.279672859701492, 20.864249420290633 ], [ -104.279979280196955, 20.864103030029412 ], [ -104.281260309558988, 20.86422224994709 ], [ -104.283011000353071, 20.864145079916934 ], [ -104.284615000333133, 20.86407061987256 ], [ -104.28581562963933, 20.86400274014628 ], [ -104.286718709582217, 20.864033920290645 ], [ -104.28900704992266, 20.86321770992669 ], [ -104.289752860196202, 20.862969430044881 ], [ -104.290692970160137, 20.862340630180157 ], [ -104.29067245987433, 20.860311169999033 ], [ -104.290664659929192, 20.859538689801976 ], [ -104.29069788994228, 20.85734761956676 ], [ -104.290737350398814, 20.855580619684744 ], [ -104.290608139975021, 20.852803970258105 ], [ -104.290501400365812, 20.85118096970082 ], [ -104.290373600064711, 20.849793550106348 ], [ -104.290208830485398, 20.849015220191568 ], [ -104.290461090462685, 20.848708059958756 ], [ -104.29081342989177, 20.848527540290036 ], [ -104.291106480362259, 20.848432019565529 ], [ -104.291439459584737, 20.848468340082718 ], [ -104.291518620291242, 20.848811569879757 ], [ -104.291940680394077, 20.848863369670127 ], [ -104.292339250392303, 20.848780880402597 ], [ -104.292365599582951, 20.848423120416356 ], [ -104.292260620305868, 20.848180460113042 ], [ -104.292426479551906, 20.847874879808124 ], [ -104.292841599831235, 20.847854859609786 ], [ -104.294062150306459, 20.84789978028617 ], [ -104.295118619640149, 20.847881830440397 ], [ -104.295357019517439, 20.847706199861125 ], [ -104.295431110151924, 20.847352969828314 ], [ -104.295284489585654, 20.84701608032227 ], [ -104.295129110157717, 20.846622059935118 ], [ -104.295027680236004, 20.846230479626051 ], [ -104.295123459767353, 20.845860119934681 ], [ -104.295415890066252, 20.845496060342857 ], [ -104.29605105979077, 20.845388430415451 ], [ -104.296615030185976, 20.845633979974625 ], [ -104.296987110397438, 20.846009149644889 ], [ -104.297035909551212, 20.846569169929559 ], [ -104.297291720225033, 20.846829939583387 ], [ -104.297715319854134, 20.847163170151415 ], [ -104.298230890271753, 20.847436369695547 ], [ -104.298378229870792, 20.847441569785641 ], [ -104.299122459972722, 20.847467780307426 ], [ -104.299431690118638, 20.847365740309797 ], [ -104.299786999777083, 20.847248480245536 ], [ -104.300241289652789, 20.846846650006576 ], [ -104.300554600204734, 20.846569510206955 ], [ -104.301036370431092, 20.846102090036869 ], [ -104.301616309752575, 20.845850030246968 ], [ -104.302088919743596, 20.845719320084676 ], [ -104.302581570051387, 20.845743650116354 ], [ -104.303146980265979, 20.845790090362389 ], [ -104.30368902021408, 20.845880620012071 ], [ -104.304041289679049, 20.845992619768133 ], [ -104.304275320307411, 20.846302720314821 ], [ -104.304522520421514, 20.846780940167619 ], [ -104.304782309712849, 20.847052919570427 ], [ -104.305024280468231, 20.847035400333475 ], [ -104.305037170165392, 20.846755079907481 ], [ -104.305378679582816, 20.846594539790605 ], [ -104.30580342032556, 20.846486049625945 ], [ -104.306242369839993, 20.846289059682672 ], [ -104.306771110447727, 20.846069940206849 ], [ -104.307193880107377, 20.846071450322249 ], [ -104.307550250401889, 20.846210919886182 ], [ -104.307803949785452, 20.846471679584635 ], [ -104.308105290011198, 20.84677264961444 ], [ -104.308406199561006, 20.846825750393283 ], [ -104.308815400471147, 20.846807309551885 ], [ -104.309028419770883, 20.846565380252791 ], [ -104.309030460070147, 20.846233649696355 ], [ -104.308845680074086, 20.845813370042478 ], [ -104.309271000412934, 20.845062949858846 ], [ -104.309700829814787, 20.844620150217501 ], [ -104.310413619847893, 20.844068090086768 ], [ -104.311218059654635, 20.843845860142551 ], [ -104.311777380122919, 20.843648819843107 ], [ -104.312343059531699, 20.843429849939753 ], [ -104.312672919738006, 20.842967219881654 ], [ -104.31265081975026, 20.842713750215392 ], [ -104.312340030100955, 20.842464350121869 ], [ -104.312264140433555, 20.842245279978592 ], [ -104.312180050351216, 20.841896449608285 ], [ -104.312362909852709, 20.841696029950121 ], [ -104.312531150187709, 20.841343370304781 ], [ -104.312694830336795, 20.841075490318971 ], [ -104.312637280446424, 20.840889519796555 ], [ -104.312614180044022, 20.840668120093977 ], [ -104.312617400099427, 20.840415979941017 ], [ -104.312914339545671, 20.840208179724186 ], [ -104.313266020095625, 20.84003911015493 ], [ -104.313877999989472, 20.839978999856076 ], [ -104.314146310371115, 20.840077289864343 ], [ -104.314451250038474, 20.840300029597987 ], [ -104.314718680247694, 20.840638220379727 ], [ -104.315036769526131, 20.840788429723581 ], [ -104.315696919791506, 20.840741260272054 ], [ -104.316247000315272, 20.84055696978217 ], [ -104.316676169676654, 20.84027055031931 ], [ -104.317027520176779, 20.839913340271799 ], [ -104.317087620056341, 20.839448570031696 ], [ -104.317090479556484, 20.839120629789868 ], [ -104.317409309736334, 20.838851859887036 ], [ -104.31788363036361, 20.838716709889301 ], [ -104.318417370029493, 20.838572650387562 ], [ -104.319024350070194, 20.838638289825916 ], [ -104.319588740282256, 20.838795290373668 ], [ -104.320316429631134, 20.839019030121761 ], [ -104.320974019838928, 20.839375309727387 ], [ -104.321489109806109, 20.839863659714258 ], [ -104.321981220315436, 20.840418139917897 ], [ -104.322332979925648, 20.840949719816194 ], [ -104.322521229541664, 20.841291850046737 ], [ -104.322911400032453, 20.841292939877317 ], [ -104.323277620449275, 20.84120982969343 ], [ -104.323690779650704, 20.841238780440342 ], [ -104.324048229737841, 20.84135454978215 ], [ -104.324282550303408, 20.841510400294553 ], [ -104.324630119614156, 20.841629860005483 ], [ -104.32512392047623, 20.841609260380761 ], [ -104.32552471028238, 20.841456260219239 ], [ -104.325902520309995, 20.841258890050877 ], [ -104.326278950482276, 20.841260490150241 ], [ -104.326820600215186, 20.841328819923021 ], [ -104.327125170144114, 20.841528850140964 ], [ -104.327455230002286, 20.841751180368497 ], [ -104.327711940429552, 20.841973540421098 ], [ -104.327828490285327, 20.842128280198953 ], [ -104.328111080060268, 20.842284459941965 ], [ -104.328464540093506, 20.842241579721076 ], [ -104.32872283033366, 20.84222067982774 ], [ -104.329005430029667, 20.842265629580897 ], [ -104.329309449793186, 20.84237731040476 ], [ -104.329851879829462, 20.842490319793043 ], [ -104.33050934953144, 20.842559119598988 ], [ -104.331167999817055, 20.84258363007061 ], [ -104.331687400074102, 20.842742830257638 ], [ -104.332066860317411, 20.84297998029847 ], [ -104.332199680238617, 20.843361200007127 ], [ -104.332204279749376, 20.84369106035474 ], [ -104.332668860308175, 20.843981779797403 ], [ -104.332996020447467, 20.844314739923732 ], [ -104.333254479784429, 20.844470649905521 ], [ -104.333261229997589, 20.844999400319928 ], [ -104.333237380462705, 20.845548369773731 ], [ -104.333381650081066, 20.846173149930671 ], [ -104.333810909947374, 20.846506350022526 ], [ -104.334257579616747, 20.846662289817999 ], [ -104.334727650419424, 20.846664170308692 ], [ -104.335198310233139, 20.846533399612579 ], [ -104.335582489675929, 20.846424260322404 ], [ -104.335974650372606, 20.846285820234776 ], [ -104.336354520032287, 20.846140260044379 ], [ -104.336640709685923, 20.845857019607315 ], [ -104.337123660183622, 20.845625710022507 ], [ -104.337685719699223, 20.845772850347313 ], [ -104.338225880359388, 20.845852180276768 ], [ -104.338777350066508, 20.84571017968738 ], [ -104.339207049553409, 20.845332690344208 ], [ -104.339718969810093, 20.844799250112729 ], [ -104.339948950388802, 20.844632089894574 ], [ -104.340241739753438, 20.844612050357775 ], [ -104.340657149558155, 20.844635690378347 ], [ -104.34102684975349, 20.84463737020198 ], [ -104.341249939586291, 20.844568430109131 ], [ -104.341383970170511, 20.844527020179388 ], [ -104.341678599799991, 20.844355910043827 ], [ -104.341738459824967, 20.844321150103351 ], [ -104.341945370180852, 20.844164219608309 ], [ -104.342078719883261, 20.844157539761213 ], [ -104.342138999732711, 20.844154510283033 ], [ -104.342221280346649, 20.844150379959281 ], [ -104.342437660336046, 20.844243149769277 ], [ -104.342477379574362, 20.844468350301092 ], [ -104.342451119832219, 20.844723420409739 ], [ -104.342410619967538, 20.84504113999218 ], [ -104.342481830005696, 20.845313910044258 ], [ -104.342856380112806, 20.845503520156992 ], [ -104.343450599889053, 20.845707059888031 ], [ -104.344659420258438, 20.846168229710017 ], [ -104.344838059669513, 20.846236369943096 ], [ -104.345241340169068, 20.846394029765776 ], [ -104.345499029776377, 20.846435350150053 ], [ -104.345596550334108, 20.846451000415531 ], [ -104.345880520161998, 20.846407429820875 ], [ -104.346215450035217, 20.84624187960706 ], [ -104.346573489964882, 20.845741260003393 ], [ -104.346906630298506, 20.845195749748815 ], [ -104.34715948994868, 20.84486241967403 ], [ -104.347348079688786, 20.844773860433556 ], [ -104.347563320271249, 20.844774550409369 ], [ -104.347706180168927, 20.844830779767292 ], [ -104.347899819757643, 20.845095420156497 ], [ -104.348398080376683, 20.845306740425251 ], [ -104.348971149532986, 20.8455703096344 ], [ -104.349552799578802, 20.845673520217812 ], [ -104.349994249736611, 20.845698309813589 ], [ -104.350278140017039, 20.845539509597103 ], [ -104.350541720467504, 20.845332479788034 ], [ -104.351369619572253, 20.844481600148384 ], [ -104.352355600337319, 20.843557320372376 ], [ -104.352856879808584, 20.843262830040459 ], [ -104.353153850036307, 20.843135770444313 ], [ -104.353279969964149, 20.843007430071513 ], [ -104.353393569777438, 20.842879750005675 ], [ -104.353567600408482, 20.842786880308598 ], [ -104.353914060030149, 20.842729999593306 ], [ -104.354213679753087, 20.842754229743917 ], [ -104.354549519751458, 20.84291917019355 ], [ -104.355144220119925, 20.843259920058564 ], [ -104.355591170202885, 20.84354162988506 ], [ -104.356011199670917, 20.843718319559546 ], [ -104.356310220079706, 20.84370799974786 ], [ -104.356534799941358, 20.843580319601458 ], [ -104.356733819572042, 20.84337082965553 ], [ -104.356971249872558, 20.843150049942313 ], [ -104.35743209014538, 20.843011919649406 ], [ -104.358029510329217, 20.842955599603489 ], [ -104.358521110164276, 20.84275520029637 ], [ -104.358695879714489, 20.842428680039941 ], [ -104.358736579534934, 20.841997089672358 ], [ -104.358744649749269, 20.841752710093527 ], [ -104.358890690434137, 20.841624380079416 ], [ -104.359137060353447, 20.841580770051621 ], [ -104.359324570190012, 20.841803450129394 ], [ -104.359701250180763, 20.841943580013417 ], [ -104.359990459967776, 20.841925829708799 ], [ -104.360043120460475, 20.841651430175862 ], [ -104.359937289541037, 20.841309650192773 ], [ -104.359659459609276, 20.840961029692757 ], [ -104.359276089646883, 20.840562660280874 ], [ -104.359120679961492, 20.840240829655208 ], [ -104.359289910241259, 20.840083859573017 ], [ -104.359551629789337, 20.840038340249691 ], [ -104.359910969663744, 20.840208689980347 ], [ -104.360276220196099, 20.840501599612651 ], [ -104.360605820275993, 20.84077514961977 ], [ -104.360963659842497, 20.841048280078851 ], [ -104.361377249830866, 20.84109577975941 ], [ -104.361768489723573, 20.840931019579788 ], [ -104.362008400251497, 20.84069804971071 ], [ -104.362217519889626, 20.840136380102866 ], [ -104.361950420430773, 20.839624150285299 ], [ -104.361846719650288, 20.838939030308534 ], [ -104.361738880348682, 20.838457019844693 ], [ -104.36139046016369, 20.838126170257059 ], [ -104.360826169700715, 20.837591630215474 ], [ -104.360126090364417, 20.836853399823532 ], [ -104.3595639697932, 20.836166920303004 ], [ -104.359457249618458, 20.835583380075438 ], [ -104.35940471017156, 20.83522808037921 ], [ -104.359081319563771, 20.834947829811242 ], [ -104.35873106039999, 20.834895999985122 ], [ -104.358462979603331, 20.834743000115925 ], [ -104.35835647961045, 20.834336999772539 ], [ -104.358604369604762, 20.833171220261303 ], [ -104.358851200397467, 20.832386029557018 ], [ -104.358907379990001, 20.831625859689527 ], [ -104.358853800294071, 20.831321030145855 ], [ -104.358609150362881, 20.830851939821731 ], [ -104.358637850133292, 20.830395569985093 ], [ -104.358774779663861, 20.829838289746682 ], [ -104.358965479815168, 20.829154339558734 ], [ -104.358995430034398, 20.82849490983396 ], [ -104.358973020425822, 20.827379309870633 ], [ -104.358950290041861, 20.826466200258498 ], [ -104.358712649990053, 20.825458800243013 ], [ -104.358880709746913, 20.824419629746941 ], [ -104.358909320337204, 20.824014279647997 ], [ -104.358827230384847, 20.823734920009031 ], [ -104.357799800285235, 20.822924539869003 ], [ -104.357543630232939, 20.822457350069705 ], [ -104.357156539607345, 20.82173234036825 ], [ -104.357048549642073, 20.821075139666799 ], [ -104.35706323003923, 20.820368970363536 ], [ -104.357104749750661, 20.819873860395973 ], [ -104.357302830355408, 20.819612770285392 ], [ -104.357700319794205, 20.819442770384729 ], [ -104.358524769595164, 20.819408429975113 ], [ -104.359104170425482, 20.819542350393537 ], [ -104.35992034962851, 20.819752570111991 ], [ -104.360269370398612, 20.819844690205979 ], [ -104.360505980422147, 20.819304650370469 ], [ -104.360800419836011, 20.818595230207023 ], [ -104.361208059906829, 20.818068419717783 ], [ -104.361968629705743, 20.817141919728304 ], [ -104.362535520088656, 20.816287110051761 ], [ -104.363003309544453, 20.815724149597397 ], [ -104.363493030146572, 20.8146511497925 ], [ -104.364059380092883, 20.81393297959205 ], [ -104.362495049545615, 20.81414266009109 ], [ -104.35837815023504, 20.813292110092288 ], [ -104.350402339910843, 20.811643970331549 ], [ -104.358733179984739, 20.80263467977732 ], [ -104.362392939996823, 20.79867637984211 ], [ -104.363263150286073, 20.79773475012168 ], [ -104.366630080024208, 20.794091429880574 ], [ -104.371782920353951, 20.788518029591003 ], [ -104.375892149778494, 20.784072970190721 ], [ -104.375623629577106, 20.780607520166384 ], [ -104.375408660033983, 20.777852600110169 ], [ -104.37523125045098, 20.775578940410881 ], [ -104.375220370460156, 20.775439450352902 ], [ -104.374600509519951, 20.776142459828243 ], [ -104.374069400198394, 20.776693749970541 ], [ -104.373610019717191, 20.776915169995757 ], [ -104.37321140028385, 20.777177030015881 ], [ -104.372894380411125, 20.777636230359221 ], [ -104.372670940049616, 20.778096139690842 ], [ -104.372389820148044, 20.778292120025203 ], [ -104.371979800467727, 20.778729450137195 ], [ -104.371477739742076, 20.778979400437152 ], [ -104.370705739762059, 20.779239819776169 ], [ -104.370401259951365, 20.779315399755106 ], [ -104.370202139932616, 20.779512380437769 ], [ -104.369958630198539, 20.779653979815837 ], [ -104.36950208967815, 20.779750709590502 ], [ -104.369291580016835, 20.779848599867428 ], [ -104.368336749797109, 20.78057508980703 ], [ -104.36773008978038, 20.781022260015042 ], [ -104.367633619842394, 20.781186520206074 ], [ -104.367598480443263, 20.781493259573665 ], [ -104.367540199594075, 20.781745379579871 ], [ -104.367398570326557, 20.781810460275043 ], [ -104.367223949610619, 20.781755379987967 ], [ -104.367024819706984, 20.781787419832376 ], [ -104.366977539815821, 20.782006430106559 ], [ -104.367021910189536, 20.782335709906803 ], [ -104.366975579810372, 20.782554799878667 ], [ -104.366777219594496, 20.782794860122259 ], [ -104.366449179950408, 20.78306814042984 ], [ -104.366225149738014, 20.783110800394546 ], [ -104.366063060190655, 20.783055429902955 ], [ -104.36588708961628, 20.783197709672045 ], [ -104.36545148983771, 20.783663170301747 ], [ -104.365215679845875, 20.783859619859413 ], [ -104.364981429908127, 20.783979479751306 ], [ -104.364715340297906, 20.784044289937363 ], [ -104.364399279760207, 20.784065079636559 ], [ -104.363897179608657, 20.784151060369794 ], [ -104.36360561971911, 20.784303019778651 ], [ -104.363416309766762, 20.784510709809048 ], [ -104.363170459912226, 20.78468517027753 ], [ -104.362715260168869, 20.784858890439942 ], [ -104.362082719871736, 20.785097770124427 ], [ -104.361439949931309, 20.78541337984349 ], [ -104.361181550386476, 20.785697540056386 ], [ -104.361099519963602, 20.786080950261088 ], [ -104.360999430197509, 20.786591109925826 ], [ -104.360882479907701, 20.786798779923124 ], [ -104.360577199757486, 20.786995200291592 ], [ -104.360297580150927, 20.787114569633367 ], [ -104.359816480373397, 20.787628450028752 ], [ -104.359617289705412, 20.788098770018308 ], [ -104.359453850114846, 20.788240749878376 ], [ -104.359219379802724, 20.788349889790158 ], [ -104.359056320272487, 20.788403940084134 ], [ -104.358923060120617, 20.788506980245192 ], [ -104.358945819991305, 20.788704510222978 ], [ -104.359143120044294, 20.788743829734223 ], [ -104.359396940272532, 20.788824940156957 ], [ -104.359387849937804, 20.789045880252253 ], [ -104.359183350195565, 20.78913708990623 ], [ -104.359188110437245, 20.789319419668558 ], [ -104.359114370027072, 20.789549949900781 ], [ -104.358929949580755, 20.789624429943878 ], [ -104.358638490156792, 20.789777549895426 ], [ -104.358310600200468, 20.790171020308364 ], [ -104.358344349727773, 20.790335539683387 ], [ -104.358249379857739, 20.790532599814984 ], [ -104.358039819701773, 20.79057558013043 ], [ -104.357701349831288, 20.790530369864001 ], [ -104.357432550140174, 20.790606480171128 ], [ -104.357222780026859, 20.790748079866841 ], [ -104.357022079664418, 20.79096664979037 ], [ -104.356647889527224, 20.791085850274285 ], [ -104.356322150343942, 20.791106200153408 ], [ -104.355733089857296, 20.791185080047914 ], [ -104.35551116995056, 20.791183969924244 ], [ -104.35530006002881, 20.791249020435274 ], [ -104.355147600051581, 20.791357969890363 ], [ -104.354844260381626, 20.791389880261477 ], [ -104.354647429785672, 20.791333940443518 ], [ -104.354448290317748, 20.791256540329368 ], [ -104.354098259816737, 20.791211419777881 ], [ -104.3538989197679, 20.791287709948978 ], [ -104.353502369890364, 20.791340820113266 ], [ -104.353326550376963, 20.791383820287351 ], [ -104.353059309710133, 20.791382859799057 ], [ -104.352697679905063, 20.79139243039797 ], [ -104.352371179914726, 20.79136961979874 ], [ -104.352172629818625, 20.791325050417601 ], [ -104.351939540019444, 20.79123628017097 ], [ -104.351695449629418, 20.791180450321129 ], [ -104.351391520475829, 20.791179510152361 ], [ -104.351191779844541, 20.791233569649687 ], [ -104.351145649631178, 20.791353950144298 ], [ -104.351086770354243, 20.791573139902059 ], [ -104.350886630439447, 20.791714579661594 ], [ -104.350607580235391, 20.791757449696266 ], [ -104.350234580405441, 20.791777979729762 ], [ -104.349918109872604, 20.791776600247545 ], [ -104.349498220447657, 20.791764380412623 ], [ -104.349160689938671, 20.79188352022944 ], [ -104.348995289747222, 20.792080599839061 ], [ -104.348877540218567, 20.792244539863045 ], [ -104.348824279946768, 20.792399049939554 ], [ -104.348321580078618, 20.792617719660562 ], [ -104.347751750162033, 20.792860119954703 ], [ -104.346878089566545, 20.793106649852291 ], [ -104.346354050326141, 20.793207689576981 ], [ -104.345827540296654, 20.793167620396797 ], [ -104.34542274040156, 20.792913550323355 ], [ -104.345171150409186, 20.792705309571883 ], [ -104.345015519762313, 20.792354509568312 ], [ -104.345086540441059, 20.792000119946248 ], [ -104.34518082979389, 20.791763879566389 ], [ -104.345302170336979, 20.79136227992381 ], [ -104.345396890203943, 20.790984310079452 ], [ -104.345293460393393, 20.790750549876325 ], [ -104.344289939898303, 20.790574909660897 ], [ -104.34213488026667, 20.790532089679076 ], [ -104.340656249517608, 20.790386319914088 ], [ -104.337796220264636, 20.789858079720773 ], [ -104.336795570065561, 20.789847370157062 ], [ -104.336245379868799, 20.789831400313656 ], [ -104.335794779738663, 20.789884200043577 ], [ -104.3356460904009, 20.789933029689593 ], [ -104.335401419727503, 20.790288880438347 ], [ -104.335230349578055, 20.790550060191837 ], [ -104.334959090148516, 20.790930180185558 ], [ -104.334541709763286, 20.791453079993584 ], [ -104.334123380185645, 20.791976620247329 ], [ -104.32832231961703, 20.798097680024927 ], [ -104.322603890171493, 20.792987119988595 ], [ -104.315224029514326, 20.786390879797388 ], [ -104.310583259945759, 20.781863140402947 ], [ -104.307347119708808, 20.779068549582007 ], [ -104.304415680462526, 20.776314580085742 ], [ -104.300254290214411, 20.77293612042206 ], [ -104.297617400009472, 20.770795199944356 ], [ -104.297317260280266, 20.770851769792838 ], [ -104.296594420425805, 20.7713417697064 ], [ -104.296112450331208, 20.771474949637412 ], [ -104.296096020385036, 20.771472599619756 ], [ -104.29481863044002, 20.771289750279696 ], [ -104.292846630229263, 20.771044350390103 ], [ -104.291870979676006, 20.770793110056925 ], [ -104.291547319633892, 20.770634800324256 ], [ -104.290198740107229, 20.773011319617915 ], [ -104.292172940023917, 20.774825249851318 ], [ -104.292282019740142, 20.776418910343239 ], [ -104.292188080113121, 20.777135049875806 ], [ -104.291974490325018, 20.778020000068896 ], [ -104.28991053997953, 20.78134095045262 ], [ -104.287859000317269, 20.781362680265939 ], [ -104.28733707956286, 20.781471109996406 ], [ -104.285128880216377, 20.781929819886145 ], [ -104.284731709813812, 20.78210724978609 ], [ -104.284602720418434, 20.782164860072086 ], [ -104.28450749030047, 20.782143289909449 ], [ -104.283774980302425, 20.782759820129904 ], [ -104.283464980161696, 20.783021450142073 ], [ -104.283166279985338, 20.783273540320749 ], [ -104.282856249665528, 20.783480579651545 ], [ -104.282810679832238, 20.783238250335025 ], [ -104.282437490378371, 20.781253400365745 ], [ -104.281467539755482, 20.775809660380531 ], [ -104.281139020294447, 20.774352200353121 ], [ -104.280848309887929, 20.772277879611181 ], [ -104.280019980247417, 20.768928400173351 ], [ -104.275193599938774, 20.769844690149295 ], [ -104.274966380290934, 20.769890169920039 ], [ -104.274474970358199, 20.76998704987157 ], [ -104.273508110023272, 20.76842288011887 ], [ -104.273130020471783, 20.76773845993376 ], [ -104.27289048035324, 20.767261740363715 ], [ -104.272849199886295, 20.767191859897061 ], [ -104.272781259741123, 20.767076849934355 ], [ -104.272345749961204, 20.766018429628204 ], [ -104.272092519859982, 20.765414889834911 ], [ -104.271885739963949, 20.764878169595399 ], [ -104.271798119731528, 20.764715629647267 ], [ -104.271791369665877, 20.764698450142809 ], [ -104.27170539970858, 20.764479420271265 ], [ -104.271412619568963, 20.763750850251835 ], [ -104.271076179551855, 20.762913649747585 ], [ -104.271055569750885, 20.762839460255961 ], [ -104.270715419590772, 20.762015429776906 ], [ -104.270522689723236, 20.761548520032427 ], [ -104.27012912004777, 20.760586950056997 ], [ -104.269569049513379, 20.75921857973368 ], [ -104.26877145970353, 20.757285179657114 ], [ -104.268134220257664, 20.755740429772722 ], [ -104.266402179686324, 20.751563460315072 ], [ -104.265697649947512, 20.749927319743119 ], [ -104.265672769536565, 20.74988178036546 ], [ -104.265549340376197, 20.749711250355631 ], [ -104.264684080246582, 20.747175350182051 ], [ -104.263711690480321, 20.744532229996164 ], [ -104.263314750062762, 20.743453279871996 ], [ -104.262829310372979, 20.742311689858717 ], [ -104.259861140319018, 20.735331170292586 ], [ -104.259154820425024, 20.734442949889473 ], [ -104.257502779661721, 20.733284600102511 ], [ -104.25648323036107, 20.73240225028551 ], [ -104.256328570287863, 20.7322689396734 ], [ -104.255205120384858, 20.731230399768577 ], [ -104.254180680338521, 20.730403480202739 ], [ -104.252481249781724, 20.729692659800236 ], [ -104.249954369882147, 20.728226290198695 ], [ -104.248881950455143, 20.72735251000358 ], [ -104.248330819564032, 20.726973889589175 ], [ -104.248071319933331, 20.726736770121157 ], [ -104.247837880059905, 20.726523880297432 ], [ -104.247632659629048, 20.726336719741848 ], [ -104.247207379616626, 20.725699419978412 ], [ -104.247012350293389, 20.72527870995625 ], [ -104.246835319623642, 20.724897490069381 ], [ -104.246786150460167, 20.724261449592053 ], [ -104.247040079828452, 20.723296060012594 ], [ -104.247015769588046, 20.722589350150123 ], [ -104.246840350053262, 20.722188860095979 ], [ -104.246868370098326, 20.72167070992597 ], [ -104.246970350455385, 20.720846549885291 ], [ -104.246947259569964, 20.72032806045479 ], [ -104.246849489527534, 20.719668340290998 ], [ -104.246775309616922, 20.719267450071772 ], [ -104.246575629916407, 20.718277549854026 ], [ -104.246027880265672, 20.717405089945405 ], [ -104.245671599515589, 20.716854689628899 ], [ -104.24547860022524, 20.716555890093773 ], [ -104.244188199794536, 20.715903020421237 ], [ -104.24380402952599, 20.715704020423399 ], [ -104.24337818011405, 20.71560876962365 ], [ -104.242223170095244, 20.715151199584909 ], [ -104.241975140408513, 20.714151219775395 ], [ -104.241815689984406, 20.713433519992435 ], [ -104.241842719740973, 20.712739119706143 ], [ -104.242006780022109, 20.712283649994959 ], [ -104.242262549946517, 20.711893780345751 ], [ -104.242403949574594, 20.711524830128614 ], [ -104.24241700028449, 20.71114924967447 ], [ -104.242233949820957, 20.710554850367874 ], [ -104.24142891966045, 20.709984780222392 ], [ -104.242110819683319, 20.709351290389261 ], [ -104.24250734001788, 20.708389490369498 ], [ -104.24323938024213, 20.708115480293635 ], [ -104.243955109902927, 20.707744719718281 ], [ -104.244778369743216, 20.707618430152234 ], [ -104.245165969550058, 20.707511030080202 ], [ -104.245271949650643, 20.707625489829354 ], [ -104.246250689659206, 20.706729599639036 ], [ -104.246841419901742, 20.705987580376387 ], [ -104.247378350256682, 20.705574090108389 ], [ -104.247552290111813, 20.70391991017965 ], [ -104.247435520072671, 20.703081320308033 ], [ -104.247206769587308, 20.701762520016409 ], [ -104.247587479706638, 20.701479980105592 ], [ -104.247748569795519, 20.701277820405689 ], [ -104.247658429820049, 20.700976849837716 ], [ -104.24749748986217, 20.7008090899233 ], [ -104.247741580316841, 20.700515050020464 ], [ -104.248022509679316, 20.699667310021624 ], [ -104.248149379531469, 20.699628260210947 ], [ -104.247518350298421, 20.697656949997615 ], [ -104.247320709683905, 20.697725849657981 ], [ -104.247213460247309, 20.697519060261612 ], [ -104.245747690383837, 20.696519480177134 ], [ -104.244764549825945, 20.696480309632566 ], [ -104.245238050459932, 20.696020860288023 ], [ -104.244811420462071, 20.695324679611797 ], [ -104.244179710336127, 20.695016739686711 ], [ -104.243701969633562, 20.694070089905949 ], [ -104.242780150054543, 20.694288720301014 ], [ -104.242898219987566, 20.693437719741418 ], [ -104.243297619937209, 20.691745689841706 ], [ -104.244048910374971, 20.69191885960937 ], [ -104.244492980285116, 20.692206309891962 ], [ -104.245592920486402, 20.69157826031174 ], [ -104.246040889655191, 20.690562350358498 ], [ -104.246687250318018, 20.69014634996536 ], [ -104.247333819979914, 20.689916110125864 ], [ -104.247990120082918, 20.689682380144731 ], [ -104.247339349898937, 20.688315310120039 ], [ -104.247078429519291, 20.688103920012978 ], [ -104.24789094046865, 20.687688140305674 ], [ -104.247730250448171, 20.686943739875144 ], [ -104.247896340179082, 20.686463580130852 ], [ -104.25083907997363, 20.684517880290013 ], [ -104.252381120036006, 20.683594419638606 ], [ -104.25315980011753, 20.682296379970353 ], [ -104.252747709740959, 20.681892000276882 ], [ -104.252752800435772, 20.681338289619656 ], [ -104.252292030191043, 20.680651310337264 ], [ -104.245788999887878, 20.673813860045609 ], [ -104.246153940298669, 20.671527080139896 ], [ -104.24722147973354, 20.671711109605894 ], [ -104.246902379763767, 20.670907540301766 ], [ -104.246777579651791, 20.67076422988886 ], [ -104.246502380000024, 20.670445059645129 ], [ -104.245779999933973, 20.669609230425799 ], [ -104.244580230308983, 20.668640350359613 ], [ -104.243430690300613, 20.668025089594668 ], [ -104.242404620110079, 20.667646200011397 ], [ -104.240904449565051, 20.667100659916692 ], [ -104.239880849776156, 20.66657994024694 ], [ -104.238629969823137, 20.66612941958309 ], [ -104.237879600352997, 20.665750980022576 ], [ -104.236981879648553, 20.665088880131218 ], [ -104.23660698021574, 20.664452020147543 ], [ -104.236382830008665, 20.663721600289531 ], [ -104.236460740463031, 20.662897200281961 ], [ -104.236662249565384, 20.662261490424093 ], [ -104.237065779911291, 20.661602970452702 ], [ -104.237592139586809, 20.661086139757298 ], [ -104.237993599592883, 20.660710030162193 ], [ -104.238695779628117, 20.660334579708017 ], [ -104.239899149621067, 20.659842889704795 ], [ -104.240849980031086, 20.659350379685137 ], [ -104.242280029641179, 20.658812279551874 ], [ -104.244383919834419, 20.658110539623124 ], [ -104.245862089994006, 20.657454289799563 ], [ -104.247013289910967, 20.656726919892172 ], [ -104.248617260181163, 20.655929349779552 ], [ -104.2503222498854, 20.655179549644597 ], [ -104.251424369859137, 20.654805479776982 ], [ -104.253627290144891, 20.654268349744978 ], [ -104.254303780245607, 20.653916980114293 ], [ -104.255307079780877, 20.653283000326894 ], [ -104.255859939626916, 20.652742490019595 ], [ -104.256237279757244, 20.651965829823354 ], [ -104.256414200253062, 20.651306599732585 ], [ -104.256438829536549, 20.650647459918982 ], [ -104.256767769993758, 20.649281859909102 ], [ -104.25689854024283, 20.647303420117836 ], [ -104.257128749686061, 20.645913779622092 ], [ -104.257528910379278, 20.645349420076478 ], [ -104.257932149990708, 20.644855829966847 ], [ -104.258533059899321, 20.644598020259721 ], [ -104.259333419669701, 20.644223280456739 ], [ -104.259761169735256, 20.643870489598946 ], [ -104.260161740306884, 20.643447259550609 ], [ -104.260389539630367, 20.642835549658546 ], [ -104.260416379965761, 20.641964280331685 ], [ -104.260241890423742, 20.641327879816622 ], [ -104.259443309610688, 20.640713249864913 ], [ -104.259057980331704, 20.640434289853534 ], [ -104.258589719647333, 20.640094250034398 ], [ -104.255822280135177, 20.63809027970002 ], [ -104.254815080475467, 20.637099339658182 ], [ -104.254599510276321, 20.636885999742191 ], [ -104.253750090018528, 20.636224999796944 ], [ -104.25287568044611, 20.635798520220888 ], [ -104.251423880223442, 20.635418569557771 ], [ -104.250499630133831, 20.635181050450004 ], [ -104.249600110195487, 20.634519049748935 ], [ -104.249226819910888, 20.633976369987789 ], [ -104.248851980090237, 20.633457399784561 ], [ -104.248228679523038, 20.632772629832399 ], [ -104.247179320162303, 20.632369739568734 ], [ -104.24720470962626, 20.632157910119822 ], [ -104.246923820261983, 20.631492400152204 ], [ -104.247202890388493, 20.630775089759389 ], [ -104.247304509769435, 20.630512249582729 ], [ -104.247600080113898, 20.629570629932818 ], [ -104.248022549522375, 20.629363720222909 ], [ -104.249316539945568, 20.629528880214526 ], [ -104.249864800165923, 20.629585450243745 ], [ -104.250993090403483, 20.629927110056713 ], [ -104.25218325969314, 20.63022185023782 ], [ -104.253007780422209, 20.630433079695226 ], [ -104.253767140383729, 20.630608349949153 ], [ -104.253816680404867, 20.630400709721165 ], [ -104.253800720211643, 20.629849310271933 ], [ -104.253707780252014, 20.629189020090191 ], [ -104.253717149964615, 20.628768140453335 ], [ -104.253907750317723, 20.628996479914189 ], [ -104.254004800015537, 20.627478880314257 ], [ -104.253940769857294, 20.625715020029954 ], [ -104.253942950087875, 20.625574920125345 ], [ -104.254345679698844, 20.621460689622275 ], [ -104.254687819833265, 20.618991079788163 ], [ -104.254747740056274, 20.618380030091931 ], [ -104.254063690178739, 20.617818369816369 ], [ -104.253585550447866, 20.618086950230591 ], [ -104.253444170149479, 20.618139689838948 ], [ -104.253420519711582, 20.618340720316628 ], [ -104.253047090092579, 20.618233349698805 ], [ -104.25237228009378, 20.616561109844728 ], [ -104.25256197015355, 20.615651879546039 ], [ -104.252423689817093, 20.614729079626969 ], [ -104.251930220180995, 20.614488280286302 ], [ -104.252234400245428, 20.613683429853573 ], [ -104.252497659591626, 20.613368229880443 ], [ -104.252603540308229, 20.614078380309618 ], [ -104.252757200058539, 20.613954079696622 ], [ -104.253080429826838, 20.612786049712327 ], [ -104.255313950377953, 20.612528399678972 ], [ -104.255410800211621, 20.611889279907803 ], [ -104.255441139591767, 20.610804319984418 ], [ -104.254667280318927, 20.610832770350111 ], [ -104.254376649945229, 20.610741149693002 ], [ -104.25405606016848, 20.61014847970138 ], [ -104.252700879996283, 20.609954619688679 ], [ -104.252118949849532, 20.609240419803662 ], [ -104.252171829922432, 20.608582949720436 ], [ -104.251504949622202, 20.608283149656639 ], [ -104.251617119844113, 20.608006059842872 ], [ -104.251754119648268, 20.607844110004653 ], [ -104.252005419702684, 20.607718479605044 ], [ -104.252225510031522, 20.607629050151004 ], [ -104.252398649975106, 20.607611799847529 ], [ -104.252656660154798, 20.607658420365759 ], [ -104.252801490011464, 20.607676679564662 ], [ -104.252909019650161, 20.607595720094341 ], [ -104.252908370167177, 20.60744205984048 ], [ -104.252842139740125, 20.607225340153555 ], [ -104.25263317006727, 20.606654660370999 ], [ -104.252625619613582, 20.606374749733845 ], [ -104.252638599921141, 20.606230310354285 ], [ -104.252713319771772, 20.606265379579856 ], [ -104.252656920085442, 20.60607695026642 ], [ -104.252814980303839, 20.605589490315676 ], [ -104.253024369850607, 20.605136430321245 ], [ -104.253570139972595, 20.604294520370846 ], [ -104.253401619832999, 20.604232659634167 ], [ -104.253633140054063, 20.603915199707636 ], [ -104.253639829937072, 20.603418710115289 ], [ -104.253988949820737, 20.603493140356708 ], [ -104.254146259567264, 20.603220950368183 ], [ -104.255357890098026, 20.603373089996857 ], [ -104.256509169834615, 20.603544819977142 ], [ -104.256801740035939, 20.603470369927127 ], [ -104.256858979961265, 20.603455799712755 ], [ -104.257236149589218, 20.60351269038895 ], [ -104.257637450318299, 20.603688970038775 ], [ -104.258018260470436, 20.603964479763643 ], [ -104.258709709771239, 20.604287450234022 ], [ -104.259107630469998, 20.604593939598804 ], [ -104.259255519557982, 20.604836460085405 ], [ -104.25951663004453, 20.605079800007445 ], [ -104.259693029873816, 20.605372550178465 ], [ -104.259875800382176, 20.605716340356746 ], [ -104.260028079743762, 20.606027770311147 ], [ -104.260191750313993, 20.60643587955078 ], [ -104.260307480480989, 20.606855650124114 ], [ -104.260437970216813, 20.607168940003891 ], [ -104.260724480484186, 20.607420420258357 ], [ -104.261033050203864, 20.607609139566385 ], [ -104.261801050298786, 20.608054419997291 ], [ -104.262364939743946, 20.608438709946203 ], [ -104.262786079596594, 20.608732340431857 ], [ -104.263274050472816, 20.60920217973694 ], [ -104.263690680170981, 20.60956151025367 ], [ -104.264041769972536, 20.61007210980133 ], [ -104.264328019730598, 20.610594540119379 ], [ -104.264791539644278, 20.611117769697906 ], [ -104.265099779668773, 20.61151513989433 ], [ -104.265648909679058, 20.612372739728016 ], [ -104.266064030213627, 20.613079319829936 ], [ -104.266422940176099, 20.613665259834843 ], [ -104.266997889843239, 20.614182279599195 ], [ -104.267678860338577, 20.614544430052238 ], [ -104.26848293996072, 20.614846340286768 ], [ -104.269377110308895, 20.614971709617116 ], [ -104.269972119920396, 20.615070030332046 ], [ -104.270722570423331, 20.615177319929792 ], [ -104.271566230425933, 20.615326849852398 ], [ -104.271987489731075, 20.615453830290477 ], [ -104.272050280171371, 20.615463139772235 ], [ -104.272428890442171, 20.615518090155476 ], [ -104.273046689812873, 20.615652230019116 ], [ -104.273678510119638, 20.615983970446912 ], [ -104.27416838047894, 20.616369509941787 ], [ -104.274457969955719, 20.616602949591737 ], [ -104.274748579687568, 20.616898429684191 ], [ -104.275096919633754, 20.617358450409018 ], [ -104.275133520180205, 20.61757500020893 ], [ -104.275107020177913, 20.617957919550019 ], [ -104.275083019892037, 20.618574620439336 ], [ -104.27514717986999, 20.619139400253388 ], [ -104.275298880432629, 20.619619200234961 ], [ -104.275377979620984, 20.61980178008492 ], [ -104.275492769711406, 20.619999349684729 ], [ -104.275495980243761, 20.620471689706232 ], [ -104.27541171960786, 20.620718120397793 ], [ -104.275238540054474, 20.620873780319883 ], [ -104.274988140209487, 20.6211168603351 ], [ -104.274922349778052, 20.621528170327341 ], [ -104.274993690361171, 20.622165369954928 ], [ -104.275312920371391, 20.62241134042922 ], [ -104.275766400244848, 20.622712290211794 ], [ -104.276299089857062, 20.622763380188882 ], [ -104.276787479963659, 20.622869479865958 ], [ -104.277230750384291, 20.622871280206748 ], [ -104.277849919992292, 20.623019689738136 ], [ -104.278327719921819, 20.623479349901832 ], [ -104.27879428985753, 20.623837109930445 ], [ -104.279164309913867, 20.624219089765408 ], [ -104.279399890342631, 20.624534690391382 ], [ -104.279660860109274, 20.624918310099531 ], [ -104.279800490138413, 20.625259780049131 ], [ -104.279843969943727, 20.625680850132312 ], [ -104.279865509538524, 20.626239000305073 ], [ -104.279911090301496, 20.626785419871378 ], [ -104.279829349942176, 20.627687050011435 ], [ -104.280104200015828, 20.628173030183639 ], [ -104.280488049642642, 20.628318200207389 ], [ -104.280665110025112, 20.628360910216308 ], [ -104.28104128997758, 20.628383029964088 ], [ -104.28157921954876, 20.628599830355352 ], [ -104.281897859685273, 20.628755689996474 ], [ -104.282010950091603, 20.628993350285228 ], [ -104.281967510367167, 20.629290340418645 ], [ -104.28191677042895, 20.62967423006906 ], [ -104.281832279931606, 20.629933850376037 ], [ -104.281757289520485, 20.630276890005767 ], [ -104.281650369745847, 20.630643219889745 ], [ -104.28133751999529, 20.631255779628418 ], [ -104.281484029746835, 20.631537219875451 ], [ -104.281746310142879, 20.631820830394695 ], [ -104.281816029577513, 20.632137600078668 ], [ -104.281673799585477, 20.632291059619654 ], [ -104.281366249609633, 20.632544180211227 ], [ -104.28118559960447, 20.633141030020116 ], [ -104.281073999958835, 20.633591110070395 ], [ -104.280893349982492, 20.634187949987027 ], [ -104.280840479894877, 20.63459810995084 ], [ -104.280806049697503, 20.635383339980685 ], [ -104.281064459779515, 20.63586151038713 ], [ -104.281746820168976, 20.636030650221201 ], [ -104.282799169626557, 20.636227880344954 ], [ -104.282855290204935, 20.636520339662926 ], [ -104.282567549744243, 20.636550459621198 ], [ -104.282464319645229, 20.636939230165147 ], [ -104.282523999981962, 20.637222310018519 ], [ -104.282503979877887, 20.637661459918807 ], [ -104.282385510116157, 20.637960109636609 ], [ -104.282366349832273, 20.638450890030203 ], [ -104.282461120295224, 20.638730000073128 ], [ -104.282475060343927, 20.639197909970818 ], [ -104.282356710287601, 20.639540260197901 ], [ -104.282223180341731, 20.639761689591346 ], [ -104.282090110210831, 20.640008919557491 ], [ -104.281782770110127, 20.640504019929846 ], [ -104.281582170459004, 20.640816800304801 ], [ -104.281566919797868, 20.640878649713347 ], [ -104.28147829010625, 20.641238220413442 ], [ -104.281485290430581, 20.641652880092959 ], [ -104.281742509799443, 20.642182620432564 ], [ -104.28213265012694, 20.642525280338376 ], [ -104.282638740239904, 20.642675630083531 ], [ -104.282399290203699, 20.64287479984651 ], [ -104.282377719567435, 20.64322362957839 ], [ -104.282413250121976, 20.643700680138714 ], [ -104.282325460425866, 20.644200940035738 ], [ -104.282014200156567, 20.644463749761041 ], [ -104.28168462980392, 20.644455779909407 ], [ -104.281265310233479, 20.64482347964659 ], [ -104.280902860193706, 20.645306489869501 ], [ -104.280690050094876, 20.64570982003038 ], [ -104.280577449691123, 20.646356880381717 ], [ -104.280698349630256, 20.64701336988545 ], [ -104.280871309980668, 20.64750125994604 ], [ -104.28095953955372, 20.647848450391557 ], [ -104.281133600274359, 20.64840088002618 ], [ -104.281196550035631, 20.64887752033189 ], [ -104.281421030348341, 20.648897219856305 ], [ -104.281922490467778, 20.649328570030139 ], [ -104.282645290030814, 20.649859859956038 ], [ -104.283285090084007, 20.650353680387003 ], [ -104.283510110200297, 20.650672999678019 ], [ -104.283640619948869, 20.651084090215775 ], [ -104.283828420186268, 20.65163630968296 ], [ -104.284206370393576, 20.652069510305726 ], [ -104.284515950465575, 20.652516629732521 ], [ -104.284769309792068, 20.652887170208686 ], [ -104.284786950358097, 20.653119230369715 ], [ -104.284887829907618, 20.653401689652728 ], [ -104.284872569563404, 20.653751860347757 ], [ -104.284538549937579, 20.654152719800781 ], [ -104.284043230361547, 20.654499449773805 ], [ -104.283668250404617, 20.654940199801626 ], [ -104.283310260263377, 20.655314150447712 ], [ -104.283088180417238, 20.655688879631978 ], [ -104.283013850280952, 20.656456430435323 ], [ -104.283104519804922, 20.65707711971768 ], [ -104.283391059528043, 20.657640889555907 ], [ -104.283788999784306, 20.657975750275636 ], [ -104.284252489540137, 20.658311260249622 ], [ -104.284655949971153, 20.658496709684087 ], [ -104.285139849950426, 20.658659109888095 ], [ -104.285720139977627, 20.658593860241677 ], [ -104.286239659978619, 20.658491800364438 ], [ -104.286645739570218, 20.658487910018792 ], [ -104.286963429912277, 20.658612889936613 ], [ -104.287269179866001, 20.65890990990281 ], [ -104.287559050433998, 20.659452220248227 ], [ -104.287786540161349, 20.659863489815596 ], [ -104.287956140084759, 20.660407600248579 ], [ -104.287990250205638, 20.661236510012955 ], [ -104.288026490398735, 20.662207029732581 ], [ -104.28794098032742, 20.663075419701819 ], [ -104.287694149924079, 20.663889690374543 ], [ -104.287382399961118, 20.664422170333545 ], [ -104.287090680199384, 20.664954350082333 ], [ -104.286675520050935, 20.665299890422506 ], [ -104.286399060084705, 20.665549089974064 ], [ -104.286206279961718, 20.666004379786781 ], [ -104.286116580453154, 20.666627799986717 ], [ -104.286004000098089, 20.667081890200897 ], [ -104.286172949904127, 20.667588309704417 ], [ -104.286479260294868, 20.667913619778098 ], [ -104.286482450058685, 20.668102080198679 ], [ -104.28642613995288, 20.668329110107305 ], [ -104.286190400299304, 20.668615399842015 ], [ -104.285774569993691, 20.668923250110179 ], [ -104.285276970408091, 20.669138059661737 ], [ -104.284862739989535, 20.669540119598796 ], [ -104.284750779714301, 20.669927429897712 ], [ -104.284560229532858, 20.670619139972946 ], [ -104.284729200314189, 20.671125550292707 ], [ -104.284917570029137, 20.671593980331121 ], [ -104.28549671962692, 20.672025949656863 ], [ -104.285783920400178, 20.672194020064623 ], [ -104.286206079568373, 20.672362310416446 ], [ -104.286627020193052, 20.672572630053441 ], [ -104.287484749710913, 20.673702150105488 ], [ -104.288167050125338, 20.674601349991505 ], [ -104.288277520103534, 20.67497735012789 ], [ -104.288428689701902, 20.675400060104742 ], [ -104.288230679636669, 20.675850120021583 ], [ -104.288169710121878, 20.676044380248193 ], [ -104.287968050186791, 20.676244280078169 ], [ -104.287898109552003, 20.676668259610466 ], [ -104.288181859853026, 20.677010879934308 ], [ -104.288379080214682, 20.67715813960795 ], [ -104.28847624998194, 20.677402800268187 ], [ -104.288509119707797, 20.677825230075726 ], [ -104.288529969594052, 20.678296180415973 ], [ -104.288498980229193, 20.678743740406944 ], [ -104.28831097022254, 20.679024479737858 ], [ -104.288017050015924, 20.679125570282704 ], [ -104.287920799788225, 20.679513690344731 ], [ -104.288016489787339, 20.679850579627963 ], [ -104.288240059763609, 20.680149319619602 ], [ -104.288567049899754, 20.680482749840444 ], [ -104.288777969675934, 20.680793750133997 ], [ -104.288975430455508, 20.681068719622576 ], [ -104.289137000442821, 20.68144640014911 ], [ -104.28913480042155, 20.682074779910405 ], [ -104.289084080313188, 20.682873059944423 ], [ -104.288954000019672, 20.683539620388665 ], [ -104.288920770422521, 20.683854290136409 ], [ -104.288412570237327, 20.684363449946929 ], [ -104.287901029621025, 20.684611540442688 ], [ -104.287661489994107, 20.684701319798339 ], [ -104.28747386035694, 20.685006229889872 ], [ -104.287610079907438, 20.685360970004197 ], [ -104.287583920354507, 20.68569421985325 ], [ -104.287474650126001, 20.685902229710447 ], [ -104.287205199788318, 20.686214090373987 ], [ -104.286983939617954, 20.686525849746342 ], [ -104.287073180449056, 20.687151049563344 ], [ -104.287289419587538, 20.687486319828473 ], [ -104.287862940254271, 20.688230150253741 ], [ -104.288257909910016, 20.688887000316338 ], [ -104.28848659969583, 20.689156619954456 ], [ -104.288799320051666, 20.689405679642277 ], [ -104.289021459606161, 20.689619850007492 ], [ -104.289284830129063, 20.689990479964631 ], [ -104.289758459795323, 20.690394779608955 ], [ -104.290223140117476, 20.690792599954055 ], [ -104.290698909606547, 20.690992370414001 ], [ -104.291518350151847, 20.691162680444769 ], [ -104.292184999805031, 20.691248450180215 ], [ -104.292848459596968, 20.691543550396524 ], [ -104.29324361986771, 20.691869450152108 ], [ -104.293916800356428, 20.69214932038183 ], [ -104.294682829534835, 20.692436740041316 ], [ -104.29475074022649, 20.692457229632758 ], [ -104.29492797979492, 20.692510690264079 ], [ -104.295438369725204, 20.692428509775411 ], [ -104.296040309641228, 20.692298600050453 ], [ -104.296461919971136, 20.692147249723966 ], [ -104.296972260331771, 20.691922050260853 ], [ -104.29735676999141, 20.691855830164467 ], [ -104.297917689721714, 20.691581540067016 ], [ -104.298356479949135, 20.691683659578455 ], [ -104.298589180211934, 20.691983780379328 ], [ -104.298873449668804, 20.692174659559381 ], [ -104.299350800252441, 20.692276220016403 ], [ -104.299905660119222, 20.69240074957467 ], [ -104.300693060473264, 20.69268006030417 ], [ -104.301447080154006, 20.692912429719112 ], [ -104.301867889698457, 20.692997969801201 ], [ -104.302551679921024, 20.693037490134532 ], [ -104.302896380455479, 20.692899370330057 ], [ -104.303574200445723, 20.692695779699729 ], [ -104.30384798015082, 20.692921229875893 ], [ -104.304135249645711, 20.693182739654382 ], [ -104.304589169879137, 20.693417539625997 ], [ -104.30487562028118, 20.693630720003 ], [ -104.305201429518291, 20.693891629661184 ], [ -104.305645510425592, 20.694169569979014 ], [ -104.305803849911342, 20.694408859912389 ], [ -104.305781049825455, 20.694578369624271 ], [ -104.305775630401257, 20.695013479571134 ], [ -104.305886309929875, 20.695435349845081 ], [ -104.306273599617967, 20.695814509707102 ], [ -104.306741510256828, 20.696115319923138 ], [ -104.307133020328934, 20.69621338040022 ], [ -104.307509019786224, 20.696401030432312 ], [ -104.307794849867207, 20.696577970298165 ], [ -104.30800502025248, 20.696840620337085 ], [ -104.30810222028812, 20.697262079665222 ], [ -104.308019449835655, 20.697631629898972 ], [ -104.307961380058202, 20.697995030022383 ], [ -104.307991220269955, 20.698236249885362 ], [ -104.307829739704786, 20.698564950155884 ], [ -104.307564480031047, 20.698822450234815 ], [ -104.307349220233718, 20.699031420082893 ], [ -104.307206250318103, 20.699617830193979 ], [ -104.307156999783274, 20.69981976969591 ], [ -104.307206709590844, 20.699956290193168 ], [ -104.307318880416631, 20.700264429826973 ], [ -104.307711400303489, 20.700672750091847 ], [ -104.307749279825202, 20.700718200336468 ], [ -104.308039509912206, 20.701066550052523 ], [ -104.308407019550103, 20.701508089883422 ], [ -104.308776580158778, 20.702070430094334 ], [ -104.308967980073746, 20.702511150353239 ], [ -104.308927939633278, 20.703176370068249 ], [ -104.308962890185214, 20.703327970228944 ], [ -104.309039030201077, 20.703658029792603 ], [ -104.309505629523414, 20.703880549804236 ], [ -104.310293949822508, 20.704122369702727 ], [ -104.310827720040891, 20.704513049989512 ], [ -104.311168710381168, 20.704906650217655 ], [ -104.312034149675526, 20.705147280179069 ], [ -104.312741030298767, 20.705285139899303 ], [ -104.313530710136178, 20.705940799757535 ], [ -104.314473080330743, 20.706168169972447 ], [ -104.314927259971498, 20.706415029555917 ], [ -104.315438260421928, 20.706550019685061 ], [ -104.315821119739113, 20.706812310289347 ], [ -104.316389320296636, 20.706960750137025 ], [ -104.316534860326016, 20.70720022985288 ], [ -104.316332539542444, 20.707396650068066 ], [ -104.316184110343997, 20.707737249831005 ], [ -104.316036310150949, 20.708114089894512 ], [ -104.31592997026388, 20.70865949020552 ], [ -104.316120480271735, 20.709272879862631 ], [ -104.316267539588125, 20.709554689899168 ], [ -104.316333170457256, 20.709680490269985 ], [ -104.31665055013454, 20.71019528014401 ], [ -104.316977479573396, 20.710516569611361 ], [ -104.317280880111497, 20.710796970231847 ], [ -104.317542709753525, 20.711070919897981 ], [ -104.317779660118376, 20.711393579679349 ], [ -104.317862579974786, 20.711730680130479 ], [ -104.317806629700129, 20.71221487996262 ], [ -104.3180189195688, 20.712598339919943 ], [ -104.318272660315259, 20.713150340176007 ], [ -104.318509829620055, 20.713485090011662 ], [ -104.318801979562721, 20.713567580409041 ], [ -104.319078290406139, 20.713645620096287 ], [ -104.319382569881171, 20.713656029769446 ], [ -104.31956711996223, 20.713662339644113 ], [ -104.319955860259412, 20.71358871028627 ], [ -104.320377749895655, 20.713461709734986 ], [ -104.320819320375463, 20.71333623001134 ], [ -104.321182820353044, 20.713167399657063 ], [ -104.321504460041268, 20.713190780442833 ], [ -104.321853150022818, 20.713282139935767 ], [ -104.322192120322626, 20.713554909918269 ], [ -104.322899420469099, 20.714025780111797 ], [ -104.323283550074322, 20.714495660421768 ], [ -104.323179600157914, 20.714905349632954 ], [ -104.323124289808007, 20.715425799564585 ], [ -104.323156030200195, 20.71577574970938 ], [ -104.323072289807172, 20.716139550387105 ], [ -104.323115429873894, 20.716404739899019 ], [ -104.323443569754431, 20.716623310371407 ], [ -104.323601770418733, 20.716850490248063 ], [ -104.32376412040729, 20.717319289586143 ], [ -104.323800150392316, 20.717342309542062 ], [ -104.32411512008234, 20.717543519643261 ], [ -104.324966770101895, 20.717723890146161 ], [ -104.32511231027793, 20.717716119795103 ], [ -104.325917309707549, 20.717673139812014 ], [ -104.326438940216519, 20.717655740430835 ], [ -104.326585479872662, 20.717650860111394 ], [ -104.326633170342916, 20.717586720115278 ], [ -104.326775430241014, 20.717395400181612 ], [ -104.327046290319146, 20.717031149875911 ], [ -104.327560580097284, 20.716295979820689 ], [ -104.328203029886097, 20.716274080263386 ], [ -104.328840399646069, 20.716229259716759 ], [ -104.329337019750028, 20.716231290186514 ], [ -104.32963140006143, 20.716360059918639 ], [ -104.33015395002127, 20.716468290145382 ], [ -104.330330090182997, 20.716604089830067 ], [ -104.330783769558266, 20.716613770312776 ], [ -104.331306749801982, 20.716624909721588 ], [ -104.331320429626146, 20.716625200358099 ], [ -104.331939690051954, 20.716748649709178 ], [ -104.331984819873085, 20.716771279943959 ], [ -104.332302879791087, 20.716930779623048 ], [ -104.332460119810719, 20.717009630356163 ], [ -104.332753370121253, 20.717351620032463 ], [ -104.332865429782643, 20.71758630996538 ], [ -104.332834139698832, 20.717760120195567 ], [ -104.332737829573702, 20.718295279915989 ], [ -104.332934180080741, 20.718497689660595 ], [ -104.333406350448399, 20.718589030393574 ], [ -104.333675949849379, 20.718845179582157 ], [ -104.333767489840127, 20.718981180407116 ], [ -104.334157919883211, 20.719561289680396 ], [ -104.333991779657367, 20.720034169767988 ], [ -104.334000149592072, 20.72051739985794 ], [ -104.334453150433077, 20.720691719789645 ], [ -104.334497059533433, 20.720711520332788 ], [ -104.335049250430657, 20.720960519653179 ], [ -104.335893520374995, 20.721455119624622 ], [ -104.336503619591269, 20.721616750112975 ], [ -104.337077490166436, 20.721768780162069 ], [ -104.337159999875624, 20.721763139579824 ], [ -104.337355629565337, 20.721749709648122 ], [ -104.337758109809826, 20.721722109929761 ], [ -104.338371749949872, 20.721519339603017 ], [ -104.33911517038311, 20.721387089632483 ], [ -104.339289820307044, 20.721819450272015 ], [ -104.33960460036289, 20.722177140220477 ], [ -104.340020519807851, 20.722436599876691 ], [ -104.34040740030575, 20.722503150050173 ], [ -104.340634769828966, 20.722412000260842 ], [ -104.340687749893348, 20.722390749920596 ], [ -104.340752149852378, 20.72236493963317 ], [ -104.34108468008769, 20.722263170149805 ], [ -104.34187004961835, 20.72233754965476 ], [ -104.342528709996841, 20.722494739627667 ], [ -104.343411139672142, 20.72251399964394 ], [ -104.344164139790934, 20.722841540291014 ], [ -104.344569519723478, 20.723141490078 ], [ -104.344863279941137, 20.723397799847262 ], [ -104.345261049739079, 20.723612800101684 ], [ -104.345658750313888, 20.723738939706212 ], [ -104.346132079785647, 20.723908490240529 ], [ -104.346856709619402, 20.724103650373195 ], [ -104.347738349707072, 20.724311110282784 ], [ -104.348384110348562, 20.724477999876612 ], [ -104.348984889975455, 20.724763459874406 ], [ -104.349416600160183, 20.725243090308812 ], [ -104.349916399784163, 20.725132250144874 ], [ -104.350418260205501, 20.725139250180479 ], [ -104.35079808018655, 20.725339690254703 ], [ -104.350253779741308, 20.725598600321085 ], [ -104.350041780090066, 20.726029220281251 ], [ -104.350245539547601, 20.72692497975056 ], [ -104.350696060289962, 20.727527520287961 ], [ -104.351208969890592, 20.728168019877625 ], [ -104.351789220047365, 20.729072709901988 ], [ -104.351943340079956, 20.729683249833716 ], [ -104.352026820086166, 20.729871800058515 ], [ -104.352185719586871, 20.730230739835797 ], [ -104.352608399918239, 20.730955030375167 ], [ -104.353009149530692, 20.731723540055402 ], [ -104.353249049958308, 20.732625079637852 ], [ -104.353200979753311, 20.733465769717697 ], [ -104.353139059696005, 20.734409849722581 ], [ -104.35322737010749, 20.735465520373026 ], [ -104.353361260273203, 20.735949770313052 ], [ -104.354005779829549, 20.736042970239847 ], [ -104.354393080039912, 20.735771719697016 ], [ -104.354860279534236, 20.735587680036293 ], [ -104.355614550431355, 20.735679180402631 ], [ -104.35618198003101, 20.735847249738061 ], [ -104.356374979734909, 20.73612425021496 ], [ -104.356742509777632, 20.736516449741806 ], [ -104.357327170216337, 20.736772660308404 ], [ -104.357785119667255, 20.736957150171225 ], [ -104.358384950422376, 20.737183650093854 ], [ -104.358995829570375, 20.737144719713232 ], [ -104.359528879610664, 20.738035380115072 ], [ -104.360303999595416, 20.73842127981818 ], [ -104.360872179691214, 20.739348119871423 ], [ -104.360817720014097, 20.739820520435106 ], [ -104.361047770278091, 20.740421149707586 ], [ -104.361243169660781, 20.741729660057466 ], [ -104.361544690258128, 20.742830220188477 ], [ -104.362089570323704, 20.743436200151557 ], [ -104.362649520384778, 20.743770350437746 ], [ -104.363719600227355, 20.744410909798944 ], [ -104.364884260004587, 20.74503492042416 ], [ -104.365589380443069, 20.745002940126209 ], [ -104.366291910304568, 20.744823619925089 ], [ -104.367141690035751, 20.744736740417942 ], [ -104.367791289889567, 20.744095089626853 ], [ -104.36870651043661, 20.743270370114235 ], [ -104.369573799921866, 20.742816340375047 ], [ -104.370247139795325, 20.742341180039404 ], [ -104.370779550305841, 20.741841019808607 ], [ -104.371392019640197, 20.741460059793155 ], [ -104.372298889734168, 20.741314420205057 ], [ -104.37311506005328, 20.741275119935636 ], [ -104.374926739926252, 20.741302980038078 ], [ -104.375561139963835, 20.741347520208233 ], [ -104.376438689887621, 20.741674950164597 ], [ -104.377212339994529, 20.74212014985487 ], [ -104.377548710164717, 20.742373420266308 ], [ -104.378107419713203, 20.742933109839132 ], [ -104.378197489588899, 20.743594830401175 ], [ -104.378161260205687, 20.744085860018899 ], [ -104.377772970094256, 20.744933979791409 ], [ -104.377371429896002, 20.745666550095379 ], [ -104.377067519661665, 20.746218650364288 ], [ -104.376620449745459, 20.746909799987471 ], [ -104.376531340429807, 20.747574340115605 ], [ -104.37659698038108, 20.747910769543903 ], [ -104.376727829984716, 20.748694249777554 ], [ -104.376912860435368, 20.749233380307722 ], [ -104.377151109674841, 20.749926320109751 ], [ -104.377328149658268, 20.750914690300934 ], [ -104.377820679962497, 20.751982719672004 ], [ -104.378148489729185, 20.752663850220813 ], [ -104.378425600476191, 20.753827979814758 ], [ -104.378943109800858, 20.75519236972864 ], [ -104.379310739580291, 20.755891420373739 ], [ -104.379761419910324, 20.756394909798047 ], [ -104.380212250123634, 20.756800659766881 ], [ -104.380890490249712, 20.757357090057901 ], [ -104.381621119735215, 20.758108690453554 ], [ -104.381930320314467, 20.758723309664656 ], [ -104.382121660282991, 20.759499290351116 ], [ -104.382486369601864, 20.760031449955747 ], [ -104.382755680472172, 20.760750570148897 ], [ -104.383143520206431, 20.761216459706169 ], [ -104.383625629566012, 20.761691140175703 ], [ -104.384063050322837, 20.76186977966314 ], [ -104.384758969975366, 20.762155650180777 ], [ -104.385480519770596, 20.762774949737448 ], [ -104.385981739832943, 20.763212230001134 ], [ -104.385952110458305, 20.763769110394719 ], [ -104.385783370031405, 20.764272520126259 ], [ -104.385181120188648, 20.764819800285046 ], [ -104.384674919663283, 20.765217219570868 ], [ -104.384227599594567, 20.765595149741127 ], [ -104.384153600255658, 20.765766629569345 ], [ -104.384005049536611, 20.766110859783378 ], [ -104.384208940376979, 20.766478620144838 ], [ -104.384711799650049, 20.767008619929776 ], [ -104.38554785995629, 20.767403570288238 ], [ -104.386261910248351, 20.767596420348767 ], [ -104.38723348955844, 20.767840860436557 ], [ -104.388677379871709, 20.768003720177997 ], [ -104.389417419912505, 20.768548540002254 ], [ -104.389845309974348, 20.769302259711775 ], [ -104.390288020050164, 20.769777540219998 ], [ -104.390764690205543, 20.770160860019178 ], [ -104.390879940005277, 20.770404550080315 ], [ -104.390975429934116, 20.770694120208077 ], [ -104.39116091992716, 20.771136340010621 ], [ -104.39134775012181, 20.771652720059315 ], [ -104.391403319703997, 20.772560679718115 ], [ -104.392005819980994, 20.772933080313351 ], [ -104.392731450468915, 20.773362089679111 ], [ -104.393440550420351, 20.773689549801968 ], [ -104.394056310116255, 20.773902450169505 ], [ -104.394538739981172, 20.774097519628139 ], [ -104.395013140296598, 20.774425289645585 ], [ -104.395021370118783, 20.774888850022737 ], [ -104.395267749778114, 20.775422830426081 ], [ -104.395373019675645, 20.775792120015151 ], [ -104.395515489814926, 20.776602430178642 ], [ -104.395765579876723, 20.77774182042192 ], [ -104.395989110336529, 20.778907049885248 ], [ -104.396166799790876, 20.779548169901293 ], [ -104.396298830288686, 20.780130459783233 ], [ -104.396622380054623, 20.780836780293519 ], [ -104.397556740314812, 20.781673250109396 ], [ -104.398266449634633, 20.782043179707433 ], [ -104.398973019699525, 20.782235320244695 ], [ -104.399809549772613, 20.782133249795706 ], [ -104.400912429787354, 20.782560510009066 ], [ -104.401844110327758, 20.78324453974496 ], [ -104.40230354994624, 20.78375169033021 ], [ -104.402847630190792, 20.784024310375859 ], [ -104.402856289607627, 20.784416279821986 ], [ -104.402930429553635, 20.784783519919117 ], [ -104.402965399921072, 20.785227599905447 ], [ -104.403197400356376, 20.785801419804834 ], [ -104.403648279926003, 20.786061079962607 ], [ -104.404818339841, 20.786461859731521 ], [ -104.405718949880168, 20.786917680320837 ], [ -104.40734240028992, 20.787717800382076 ], [ -104.408449660361555, 20.788386319784717 ], [ -104.409487749627687, 20.788967000051137 ], [ -104.410316480178935, 20.789182570207124 ], [ -104.410937380190958, 20.78928802021932 ], [ -104.412019230366468, 20.789631000078288 ], [ -104.41252421955835, 20.789951720074569 ], [ -104.412641910444108, 20.790483419600498 ], [ -104.4125430803645, 20.790945400204443 ], [ -104.412542970332993, 20.791694910241468 ], [ -104.41268770964129, 20.792226179780499 ], [ -104.413319340110505, 20.792601540337547 ], [ -104.413813310138707, 20.793000250326301 ], [ -104.414124619718592, 20.793770249990736 ], [ -104.41464379999843, 20.794066910206322 ], [ -104.415105739525629, 20.794186629955401 ], [ -104.416076060190989, 20.794755650373229 ], [ -104.416979199801361, 20.795234769728065 ], [ -104.417672879592871, 20.796067889641989 ], [ -104.418583460402004, 20.796320229987536 ], [ -104.419149690240999, 20.796222320170816 ], [ -104.419441880001884, 20.795925489737009 ], [ -104.419860149985709, 20.795118519641846 ], [ -104.420132199889565, 20.79445362038286 ], [ -104.420656369644902, 20.793768969900292 ], [ -104.421503580189707, 20.792751920097626 ], [ -104.422716490338075, 20.791767170076184 ], [ -104.423370489954365, 20.791286740063931 ], [ -104.423476140424853, 20.791234999951268 ], [ -104.423933489864467, 20.791011019580289 ], [ -104.424466779754169, 20.790812019677066 ], [ -104.42453795029742, 20.790785450218959 ], [ -104.424945819681128, 20.790709970071585 ], [ -104.425063600259207, 20.790688169918269 ], [ -104.425509720482381, 20.790681080300551 ], [ -104.426205480248669, 20.790826919592217 ], [ -104.427260309609139, 20.791021620274783 ], [ -104.428202030437632, 20.79150208034077 ], [ -104.428845220305476, 20.791923770276838 ], [ -104.429056919938745, 20.792415830052811 ], [ -104.429137779605739, 20.7931513698983 ], [ -104.42930460017574, 20.793967740240362 ], [ -104.429186319628343, 20.794909710437476 ], [ -104.429098749664533, 20.796054429570333 ], [ -104.429314830227227, 20.796787820084599 ], [ -104.430124150137402, 20.797422819749649 ], [ -104.430710980195684, 20.797718349720878 ], [ -104.431561229682458, 20.798434720094495 ], [ -104.432079599682382, 20.798983709888688 ], [ -104.433049820381953, 20.799525480113527 ], [ -104.433719679957846, 20.799859749695351 ], [ -104.43434031025383, 20.800401850271022 ], [ -104.43450617010518, 20.800982979840622 ], [ -104.434481050108971, 20.801938659913059 ], [ -104.434986520443289, 20.802554180200513 ], [ -104.434960680383412, 20.803470079849991 ], [ -104.435177539731669, 20.804430259608566 ], [ -104.435413829999078, 20.804979339953075 ], [ -104.435394969970304, 20.80532485992801 ], [ -104.435735859625851, 20.805764830050755 ], [ -104.436242229915834, 20.805870480142925 ], [ -104.436577689963997, 20.805816490112861 ], [ -104.43663455035076, 20.80580733997342 ], [ -104.437098850388679, 20.805259740233904 ], [ -104.437842660268004, 20.805105690315813 ], [ -104.438612799915575, 20.805292400021568 ], [ -104.439097480359209, 20.805872220331569 ], [ -104.439224510123253, 20.806201890352344 ], [ -104.43959584981063, 20.806650850031989 ], [ -104.440120459827156, 20.807090369873105 ], [ -104.440583460200614, 20.807501770328173 ], [ -104.44095447966896, 20.807650619881489 ], [ -104.441338179574259, 20.807528460038618 ], [ -104.441677280109033, 20.807420519916384 ], [ -104.442829179924772, 20.80680116971919 ], [ -104.443491519831682, 20.806444579625573 ], [ -104.444373909811674, 20.805929690127751 ], [ -104.445324180093991, 20.805218179777317 ], [ -104.445646110063436, 20.804961580153101 ], [ -104.445907019849784, 20.804753599656767 ], [ -104.446596249559292, 20.804278219783125 ], [ -104.447306179989042, 20.803875320040667 ], [ -104.447902320098763, 20.803610830450516 ], [ -104.448664709892114, 20.803533220396002 ], [ -104.449349800023953, 20.803535280300647 ], [ -104.449866370260196, 20.803563820391677 ], [ -104.450420980050879, 20.803682370041695 ], [ -104.451483460184718, 20.804011279960221 ], [ -104.451748170144199, 20.804179579873207 ], [ -104.451944339838775, 20.804304319647425 ], [ -104.452548079899657, 20.804458489958705 ], [ -104.453124740242941, 20.804722349772646 ], [ -104.453563199694841, 20.804956659826473 ], [ -104.454247049850977, 20.805260309962915 ], [ -104.454834739612423, 20.805778770031527 ], [ -104.455013169525529, 20.806034849945469 ], [ -104.455200180334373, 20.806431489777058 ], [ -104.455478709806314, 20.806778540287677 ], [ -104.455787650162321, 20.806771030122892 ], [ -104.456180999513677, 20.806652119603271 ], [ -104.456722510424811, 20.806711629696125 ], [ -104.457124519725681, 20.806738919693935 ], [ -104.457638289980437, 20.806651849636179 ], [ -104.458042910189079, 20.806493340423373 ], [ -104.458408859724983, 20.806515580340069 ], [ -104.458389520468529, 20.80676920016904 ], [ -104.458239599805424, 20.807092480038332 ], [ -104.458049430129279, 20.807179980277457 ], [ -104.458097939906779, 20.807539459608254 ], [ -104.458139019538706, 20.807820249630545 ], [ -104.458063689966679, 20.808224879900944 ], [ -104.458115660460294, 20.808505659664554 ], [ -104.45814593994298, 20.808669249850535 ], [ -104.458260259987441, 20.808809430381167 ], [ -104.458403770377458, 20.80898541979532 ], [ -104.458876890140672, 20.80903551040743 ], [ -104.459621030181566, 20.809063290245184 ], [ -104.460141369890081, 20.809138460254523 ], [ -104.460737350197348, 20.809295979672694 ], [ -104.461441319557366, 20.809486490213846 ], [ -104.46197826033233, 20.809658889929153 ], [ -104.462521450398242, 20.810043850342101 ], [ -104.46280549005418, 20.810300139556407 ], [ -104.462963380316566, 20.810826829941934 ], [ -104.462956449685592, 20.811258709914195 ], [ -104.462588659712821, 20.811417850018387 ], [ -104.462056030193153, 20.811482149967716 ], [ -104.461480220471302, 20.811616799835523 ], [ -104.460786310423018, 20.811781200316059 ], [ -104.460166520327192, 20.811944400250919 ], [ -104.459968140236185, 20.812448999636249 ], [ -104.460024540317406, 20.813102690114608 ], [ -104.460607739905939, 20.813371829648862 ], [ -104.461274550322742, 20.813347149980057 ], [ -104.462242919645306, 20.813596140385247 ], [ -104.463328599973963, 20.813773599590398 ], [ -104.464306310383989, 20.813990650352938 ], [ -104.464810379805741, 20.81427058010313 ], [ -104.465201659969523, 20.814584599879257 ], [ -104.465947679812899, 20.814837170009849 ], [ -104.466439979728108, 20.815085720440134 ], [ -104.466816489877971, 20.815275800319746 ], [ -104.46761095022589, 20.815785219543333 ], [ -104.468425949710024, 20.816348379557226 ], [ -104.468972879667632, 20.81706377038201 ], [ -104.469088289795735, 20.81711939969059 ], [ -104.470035059988589, 20.817575820101759 ], [ -104.471379949564437, 20.818138999710104 ], [ -104.472026059721571, 20.818602079754417 ], [ -104.47279001956251, 20.819021449683103 ], [ -104.473661820234454, 20.819661920181094 ], [ -104.474247220401395, 20.819907019736444 ], [ -104.475188799649501, 20.819501770212423 ], [ -104.475827019550053, 20.81953317980647 ], [ -104.476424649643192, 20.819502970260491 ], [ -104.476931490425173, 20.819647939878628 ], [ -104.477054940206671, 20.819910549999964 ], [ -104.476364599523279, 20.820269969777289 ], [ -104.476133549737355, 20.820607980445654 ], [ -104.475992719859221, 20.821014169970717 ], [ -104.47587974999837, 20.821322419671972 ], [ -104.475590680292399, 20.821731019753329 ], [ -104.475496349989641, 20.822247879812963 ], [ -104.475533679772951, 20.822665110110151 ], [ -104.475851650306566, 20.8230220604087 ], [ -104.475899219705369, 20.823025949921604 ], [ -104.476259620009515, 20.823055400288709 ], [ -104.476576260102064, 20.822912800033539 ], [ -104.476976019887204, 20.82287846024721 ], [ -104.477582800081493, 20.822812890247203 ], [ -104.478056149769358, 20.822749490204895 ], [ -104.478602109898517, 20.822601339871991 ], [ -104.47907572016679, 20.822551860269549 ], [ -104.479553179635047, 20.822711229830041 ], [ -104.479824379657586, 20.822943599800713 ], [ -104.480319489778822, 20.82325589012985 ], [ -104.480502000206329, 20.82350361999276 ], [ -104.480460029747022, 20.823855540325102 ], [ -104.480284400061564, 20.824126230333302 ], [ -104.480082549828708, 20.824522349844006 ], [ -104.480244120125235, 20.825037549923358 ], [ -104.480425769902752, 20.825232710153337 ], [ -104.480874479577849, 20.825714770195198 ], [ -104.481418460282612, 20.82583090958374 ], [ -104.481866079929759, 20.825877199988099 ], [ -104.482434340437166, 20.826105599571346 ], [ -104.482907379981683, 20.826499659648253 ], [ -104.483363250378474, 20.826992219975537 ], [ -104.483560380306386, 20.827372910029485 ], [ -104.483691490282126, 20.827781460165731 ], [ -104.483783600203466, 20.828137090380739 ], [ -104.484012050108007, 20.828669060076276 ], [ -104.484088429740098, 20.829203489923998 ], [ -104.484370030489757, 20.829418080441805 ], [ -104.484526029857108, 20.829629819673709 ], [ -104.484503919945752, 20.829978369844977 ], [ -104.484271770473967, 20.830276779607505 ], [ -104.484212490120029, 20.830670579770402 ], [ -104.484174509567438, 20.831043169801394 ], [ -104.484226370213491, 20.831575540117843 ], [ -104.484530859834095, 20.832123549737272 ], [ -104.484790049529735, 20.832494549677875 ], [ -104.484811740015957, 20.832675319654424 ], [ -104.484839719573984, 20.832908479938993 ], [ -104.485288109615126, 20.833276399831522 ], [ -104.485732109737938, 20.833407399615588 ], [ -104.486072829650411, 20.833638830177136 ], [ -104.486455600080632, 20.834016950161512 ], [ -104.487066859786268, 20.834336140304206 ], [ -104.487093149738726, 20.834342719653744 ], [ -104.487627019709208, 20.834476620172403 ], [ -104.488426629841456, 20.834643110256131 ], [ -104.489179279636119, 20.83485525034682 ], [ -104.490138149516895, 20.835019139925645 ], [ -104.490579200240134, 20.835610380327267 ], [ -104.490989509907976, 20.836261980140247 ], [ -104.491645879577575, 20.836885849690947 ], [ -104.491751939605706, 20.837452649801513 ], [ -104.492094949718421, 20.837910850058957 ], [ -104.492564279706755, 20.838307139944266 ], [ -104.493209890466304, 20.838760379670219 ], [ -104.493898880092189, 20.838973549834328 ], [ -104.494373630320581, 20.838801199796507 ], [ -104.494733569887316, 20.838451220310201 ], [ -104.49523933977062, 20.838233479574011 ], [ -104.495907419692784, 20.838177660196664 ], [ -104.496469819708921, 20.838437769694632 ], [ -104.497122510346969, 20.838412119756082 ], [ -104.4974935403648, 20.838660400320158 ], [ -104.498180860181279, 20.838783779874689 ], [ -104.49860808977553, 20.838627179856278 ], [ -104.499175340221711, 20.838288739967599 ], [ -104.499539710466493, 20.838178049731972 ], [ -104.499938139720498, 20.838186460344833 ], [ -104.500167219593649, 20.838511859828117 ], [ -104.499806449735644, 20.838816999742395 ], [ -104.500315689727088, 20.839646489602146 ], [ -104.500320509817527, 20.839918660415726 ], [ -104.500833340146613, 20.840383769742136 ], [ -104.501643279838234, 20.840703229605072 ], [ -104.502348739882947, 20.841267550198495 ], [ -104.502885510226321, 20.841553090046645 ], [ -104.503217449656475, 20.841816379734915 ], [ -104.503087630458822, 20.842164049846303 ], [ -104.502909080337119, 20.842632350345816 ], [ -104.502837490367128, 20.843067399636237 ], [ -104.50235177032296, 20.843584020426917 ], [ -104.501960519852943, 20.844114149946119 ], [ -104.50174948000533, 20.844483819951485 ], [ -104.501621280167811, 20.844992120040249 ], [ -104.501582200056035, 20.845358950050393 ], [ -104.501840250063353, 20.84566705958137 ], [ -104.502345309755384, 20.845900259923159 ], [ -104.503072849832634, 20.845959179628693 ], [ -104.503637879801232, 20.846122230251876 ], [ -104.503966509591663, 20.846526119687628 ], [ -104.504258939655884, 20.846833660285107 ], [ -104.504278400368321, 20.847264150160083 ], [ -104.504102349612026, 20.847665540173985 ], [ -104.503893509937015, 20.848153650140414 ], [ -104.503748970172481, 20.84851208960459 ], [ -104.50375894006099, 20.849048460320773 ], [ -104.503989349567803, 20.849622490453385 ], [ -104.504155020353508, 20.850259490037526 ], [ -104.504221950134308, 20.851496550069093 ], [ -104.504375229758168, 20.852649659817232 ], [ -104.50455581988075, 20.853959939907543 ], [ -104.504759940294434, 20.85548366008663 ], [ -104.505311740335699, 20.856795319701344 ], [ -104.505574510129634, 20.857925999570597 ], [ -104.506028940062492, 20.859100000182966 ], [ -104.506082259683197, 20.86017783039928 ], [ -104.506394349814514, 20.860844940296303 ], [ -104.506817429765519, 20.861213199634818 ], [ -104.507251059943215, 20.861252969835675 ], [ -104.507580170018883, 20.861044320376891 ], [ -104.50792580035916, 20.860560720288277 ], [ -104.508353019892979, 20.860256659550974 ], [ -104.509006569913382, 20.85958931958556 ], [ -104.509989150298679, 20.859604420071332 ], [ -104.510606149955947, 20.859656799581515 ], [ -104.511230430101051, 20.860099890166907 ], [ -104.511822860391334, 20.860621690181695 ], [ -104.512588169705197, 20.861484570149607 ], [ -104.513036950297646, 20.862337019681469 ], [ -104.513196370450103, 20.862850290402804 ], [ -104.513288619781605, 20.863333420418979 ], [ -104.513299539794033, 20.863487979780459 ], [ -104.513333859741465, 20.86397365025833 ], [ -104.513461149670988, 20.86454997967639 ], [ -104.513487710059181, 20.865081090037673 ], [ -104.51356476989919, 20.865492950225175 ], [ -104.513726799876196, 20.866146890012196 ], [ -104.513999829697326, 20.866501970279646 ], [ -104.514538020217884, 20.866790140265049 ], [ -104.51537754995698, 20.867167139982126 ], [ -104.516566939763422, 20.867554000054984 ], [ -104.517101910272359, 20.867670250031864 ], [ -104.517670479598351, 20.867801549732533 ], [ -104.518240200377377, 20.867995400227933 ], [ -104.518597919726702, 20.868427230383848 ], [ -104.51897182029883, 20.868580319840323 ], [ -104.519170830422695, 20.868910229645508 ], [ -104.519491620208598, 20.869151200152665 ], [ -104.51954627958068, 20.8695993697335 ], [ -104.52001088974167, 20.870105969597734 ], [ -104.519560089663955, 20.870337939858288 ], [ -104.519912229886103, 20.870949139674455 ], [ -104.520345799793915, 20.871699509992617 ], [ -104.521230350326789, 20.873173779655914 ], [ -104.521654029841827, 20.87425763042426 ], [ -104.521761029779057, 20.87480127985129 ], [ -104.521897740360671, 20.875208090184049 ], [ -104.52189181964431, 20.875753599876251 ], [ -104.521769620235361, 20.876039370025438 ], [ -104.521617940265344, 20.876557000399909 ], [ -104.521895569581602, 20.876734220310837 ], [ -104.522031709920199, 20.87711074018679 ], [ -104.522156540312778, 20.87774500042779 ], [ -104.522165889852616, 20.878244820385859 ], [ -104.522226480242111, 20.878895289946172 ], [ -104.522379030329006, 20.879286680440721 ], [ -104.522388380004699, 20.879307909906149 ], [ -104.52256441958221, 20.879707850176832 ], [ -104.522944720168226, 20.87978362994307 ], [ -104.52301485956805, 20.879797619949137 ], [ -104.523196140099614, 20.879833750213063 ], [ -104.523943600011947, 20.880109249804583 ], [ -104.524763019974259, 20.880499290159719 ], [ -104.524642179782987, 20.880940659782791 ], [ -104.524309919851035, 20.881294620411587 ], [ -104.524027770444818, 20.88173865008336 ], [ -104.52344109016731, 20.882293779655608 ], [ -104.523195150300495, 20.882949319682389 ], [ -104.523458709894129, 20.88409643020946 ], [ -104.523944649807532, 20.88503080003613 ], [ -104.524044619615793, 20.885223029806767 ], [ -104.524144579542948, 20.885358580179588 ], [ -104.524442029663462, 20.885761890457296 ], [ -104.524689320190646, 20.885790969593714 ], [ -104.524877000062318, 20.885813050125076 ], [ -104.525187579709254, 20.885765739565851 ], [ -104.526496169887992, 20.885566460087691 ], [ -104.527246690055122, 20.885801260340926 ], [ -104.52819885963433, 20.885867890060009 ], [ -104.529028369832815, 20.885634399727937 ], [ -104.529295430395905, 20.885053109878886 ], [ -104.529317720341368, 20.884681909871027 ], [ -104.529749260296228, 20.884290180443269 ], [ -104.530278259549561, 20.883635880154671 ], [ -104.53063203005793, 20.882998219690371 ], [ -104.531064569881579, 20.882661400381583 ], [ -104.531765019594673, 20.88256737038995 ], [ -104.532298000210545, 20.882834509764461 ], [ -104.532288979592977, 20.88308651971132 ], [ -104.532493249584164, 20.883173349724014 ], [ -104.532977420168905, 20.883247720325773 ], [ -104.533549539994269, 20.883410519910331 ], [ -104.534072250031301, 20.883489919844344 ], [ -104.534624539699053, 20.884035619877249 ], [ -104.534534029982424, 20.884495910280879 ], [ -104.534265319513182, 20.884706489577411 ], [ -104.534079650014021, 20.885377820178327 ], [ -104.534301599520049, 20.885790109679998 ], [ -104.534346380093396, 20.885873290206849 ], [ -104.534685619618827, 20.885957540113179 ], [ -104.535082849907937, 20.886628000170059 ], [ -104.53501697977741, 20.887215879767584 ], [ -104.534949690309347, 20.887752970305907 ], [ -104.534594120333566, 20.888294540198011 ], [ -104.533925489847419, 20.888525399664246 ], [ -104.533727519783014, 20.888635999854795 ], [ -104.53362144996747, 20.88869526007263 ], [ -104.53371384957245, 20.888940949763811 ], [ -104.533602780245204, 20.889258689906541 ], [ -104.53339714987041, 20.88952272023278 ], [ -104.533288510231671, 20.889662220019009 ], [ -104.533814619719919, 20.890016970298078 ], [ -104.533854119855988, 20.89004359996305 ], [ -104.534069259990289, 20.890292509587088 ], [ -104.534123310373062, 20.890355029701958 ], [ -104.534137230313902, 20.890621939758645 ], [ -104.53416306034444, 20.89111761971591 ], [ -104.534169089753973, 20.891233290031135 ], [ -104.534334849641326, 20.891356579665068 ], [ -104.53458454970017, 20.891542310083324 ], [ -104.535065750227091, 20.892234779543234 ], [ -104.535665450254925, 20.893127169967315 ], [ -104.536025519559374, 20.893891950113616 ], [ -104.535880430402145, 20.894218889927807 ], [ -104.535837510222962, 20.894807819693842 ], [ -104.535920919917828, 20.895222250424055 ], [ -104.535719179728332, 20.895857629945599 ], [ -104.535907540162611, 20.896108050191682 ], [ -104.536178689995396, 20.896164379730621 ], [ -104.536680059582906, 20.896399459880765 ], [ -104.537258170012123, 20.896694090067008 ], [ -104.538065949764828, 20.897137029565041 ], [ -104.538903859830867, 20.89745776956315 ], [ -104.53961646038735, 20.89753669040568 ], [ -104.541395049813147, 20.897385739797532 ], [ -104.541866150003457, 20.89713217969064 ], [ -104.542646859551667, 20.897208520093276 ], [ -104.543296060390318, 20.89756627965896 ], [ -104.543732659675214, 20.898005740333318 ], [ -104.543679850467498, 20.898200690315086 ], [ -104.5435477401208, 20.89865937959928 ], [ -104.543757649676166, 20.898932169898046 ], [ -104.543790029934314, 20.899292019557368 ], [ -104.543756030102685, 20.899805109919104 ], [ -104.544023549581752, 20.900160279746672 ], [ -104.544255750326229, 20.900370649970235 ], [ -104.544571889541871, 20.900644229891885 ], [ -104.544740649527526, 20.901140170124634 ], [ -104.544844659924891, 20.901724479839849 ], [ -104.544866180053262, 20.902160519785323 ], [ -104.544808710351447, 20.902457599866008 ], [ -104.5447665199504, 20.902675580117634 ], [ -104.544733060447598, 20.902848520029167 ], [ -104.544752029745851, 20.902880079833388 ], [ -104.544966570112649, 20.903237049633955 ], [ -104.544876400080398, 20.904010139689934 ], [ -104.544482459840026, 20.90432991044095 ], [ -104.544232420421977, 20.9051570302824 ], [ -104.543980020141376, 20.905970659956015 ], [ -104.543533770268283, 20.906750170271128 ], [ -104.543246719535688, 20.907334109925319 ], [ -104.543151319634774, 20.908034550087169 ], [ -104.543010880044775, 20.908337139778109 ], [ -104.542736599615637, 20.908689860376537 ], [ -104.542737230247596, 20.908783049582663 ], [ -104.542741449692102, 20.909394490260244 ], [ -104.542772430126533, 20.91029265025157 ], [ -104.542584419950529, 20.911314489629873 ], [ -104.542852280406123, 20.911939569902401 ], [ -104.543579080126733, 20.912328089710524 ], [ -104.544078230347054, 20.912285430196835 ], [ -104.54498875038108, 20.912716649713957 ], [ -104.546017850096888, 20.913357889773298 ], [ -104.546870460317109, 20.913950320221289 ], [ -104.547460140482485, 20.914180860378305 ], [ -104.548723139916135, 20.914452400373097 ], [ -104.549735319738289, 20.915195919813797 ], [ -104.549967519566437, 20.915867370067048 ], [ -104.550355180106692, 20.916375980308114 ], [ -104.551140429602256, 20.91707697018402 ], [ -104.552100200314328, 20.917530229925578 ], [ -104.552688450175893, 20.917039649639772 ], [ -104.555031569565486, 20.917634549887893 ], [ -104.555711400149036, 20.918115349849675 ], [ -104.555811280088108, 20.918880599582042 ], [ -104.555675829975826, 20.919455180368828 ], [ -104.555942919545316, 20.920034479787958 ], [ -104.55644513952943, 20.920151969630609 ], [ -104.556970449735061, 20.920200400042326 ], [ -104.557523650066472, 20.920811620055183 ], [ -104.557555750427696, 20.921499659720741 ], [ -104.557375229814838, 20.921944919654191 ], [ -104.556909679959759, 20.923016879781372 ], [ -104.556855219915306, 20.923661660255785 ], [ -104.556921690031942, 20.924152379911295 ], [ -104.557356249763686, 20.924458090302778 ], [ -104.557822950367594, 20.924450260008118 ], [ -104.558250599871002, 20.924569230118951 ], [ -104.558558250105506, 20.924847859858428 ], [ -104.559440739974164, 20.92554255040498 ], [ -104.560208219687283, 20.926150490431123 ], [ -104.560643400240565, 20.926178660127707 ], [ -104.56100252008919, 20.926180290409945 ], [ -104.561636550122103, 20.926154949704177 ], [ -104.562331420486586, 20.926129680208621 ], [ -104.563689419859202, 20.926187350194514 ], [ -104.564526379708852, 20.926270850058216 ], [ -104.564900939937317, 20.926515799774652 ], [ -104.56534449039502, 20.926933369864081 ], [ -104.565736879598575, 20.927711350454569 ], [ -104.566340950003735, 20.928359580258139 ], [ -104.566861519656953, 20.928900690117338 ], [ -104.567573379573147, 20.929562739717742 ], [ -104.568589459575406, 20.930430310391845 ], [ -104.569311049624076, 20.930893449677672 ], [ -104.569830369795071, 20.931030429960284 ], [ -104.57005088993705, 20.931011260060725 ], [ -104.570437819694362, 20.930977649657656 ], [ -104.570896019965062, 20.930882120297234 ], [ -104.571663460259927, 20.930221880035354 ], [ -104.572052169622665, 20.93004294022764 ], [ -104.57297573954844, 20.929855509696537 ], [ -104.574189939579227, 20.929967150378069 ], [ -104.575085629867118, 20.930240770034182 ], [ -104.576292120399401, 20.930707460284861 ], [ -104.576705630187163, 20.931460650220931 ], [ -104.577124199866574, 20.93247817033561 ], [ -104.577338349893026, 20.93289383022757 ], [ -104.57741680028488, 20.933046110051666 ], [ -104.577704399553539, 20.933447230015961 ], [ -104.57771842002785, 20.933462510221734 ], [ -104.578166319609721, 20.933951169605049 ], [ -104.578623779889668, 20.933932420395244 ], [ -104.578853829775127, 20.933686150145952 ], [ -104.579406429715647, 20.933731909610902 ], [ -104.580016820398512, 20.933914020268393 ], [ -104.580711520280119, 20.933842059630397 ], [ -104.581359690332462, 20.933974310308844 ], [ -104.582032149759172, 20.934150230316856 ], [ -104.582881080229072, 20.93434517973807 ], [ -104.583481599823571, 20.934437769846092 ], [ -104.584376739933901, 20.934277429805658 ], [ -104.585388290395215, 20.934144059858514 ], [ -104.586008420374512, 20.93377464975109 ], [ -104.587124169965549, 20.933605979983625 ], [ -104.587961719629575, 20.933716550398149 ], [ -104.589011180061362, 20.933878109701801 ], [ -104.589897350047039, 20.934426050402006 ], [ -104.590736260264748, 20.93461927990629 ], [ -104.591215339867318, 20.934347490262223 ], [ -104.591220849568359, 20.934314280284035 ], [ -104.591299479842206, 20.933839279711684 ], [ -104.591151320234886, 20.932850260241931 ], [ -104.591287350415811, 20.931988630338154 ], [ -104.591509649574746, 20.93153137035301 ], [ -104.591742550093031, 20.931438419941411 ], [ -104.592225169824374, 20.931423950002685 ], [ -104.593119879689539, 20.931644119840382 ], [ -104.59399968009285, 20.93194221993895 ], [ -104.594991910476509, 20.932108889762013 ], [ -104.595682769651987, 20.932020029878551 ], [ -104.596463689724033, 20.931731320245952 ], [ -104.597184020178375, 20.931344489795123 ], [ -104.597771570485477, 20.931312060157154 ], [ -104.598220220340195, 20.931188720148018 ], [ -104.598845090031872, 20.931240740053298 ], [ -104.599309539681869, 20.931433949997288 ], [ -104.600013310370215, 20.931518340432426 ], [ -104.600985289690044, 20.93143771026616 ], [ -104.60178168006594, 20.931066820099943 ], [ -104.602534800331426, 20.930156859873385 ], [ -104.603893980386999, 20.928890910226539 ], [ -104.6043683095604, 20.92850271021516 ], [ -104.605203380102452, 20.927819199699513 ], [ -104.606296229759607, 20.926893249742676 ], [ -104.607138149702735, 20.926232369865804 ], [ -104.608019460404066, 20.92611005954436 ], [ -104.60921175010229, 20.925988230072583 ], [ -104.61020172044789, 20.925884049850694 ], [ -104.6107160503812, 20.925567679790007 ], [ -104.610808890230089, 20.924390079903379 ], [ -104.611838090225874, 20.923211689815258 ], [ -104.613569569825785, 20.92303731042621 ], [ -104.616964179972754, 20.923141979605774 ], [ -104.617763739679006, 20.923616769650582 ], [ -104.618894289813696, 20.923773740202503 ], [ -104.619039419764277, 20.923793889754542 ], [ -104.620517349865551, 20.925451120140856 ], [ -104.621948849690327, 20.926187489929347 ], [ -104.62266105006421, 20.926335140397807 ], [ -104.623146720376539, 20.926169480425191 ], [ -104.62359734968318, 20.925787689720948 ], [ -104.624170719790953, 20.925482580162942 ], [ -104.624942739598779, 20.924958000441169 ], [ -104.625857969595216, 20.924614490140268 ], [ -104.626547739888579, 20.924412310386806 ], [ -104.626760749667753, 20.924349859623273 ], [ -104.627506860047859, 20.923930599740046 ], [ -104.628532720113782, 20.923865690301778 ], [ -104.629088020059015, 20.924159079713007 ], [ -104.629421889985736, 20.924335459871244 ], [ -104.629561379812685, 20.92504103005248 ], [ -104.630801450199868, 20.925596519984559 ], [ -104.631679750233133, 20.926223799687104 ], [ -104.632163740470858, 20.926687430250311 ], [ -104.63294058006467, 20.927840859642181 ], [ -104.633307999960408, 20.928057399845027 ], [ -104.63356909023743, 20.928551089827597 ], [ -104.633112229984064, 20.929029059711787 ], [ -104.633409109629923, 20.929830420430477 ], [ -104.634135999593198, 20.931049600420277 ], [ -104.634576599824427, 20.931852150171 ], [ -104.635923420234491, 20.932674860249644 ], [ -104.636794170032204, 20.933397509914116 ], [ -104.638093739867742, 20.934125140131034 ], [ -104.639142479847777, 20.934224309942724 ], [ -104.640201109898356, 20.934030049898514 ], [ -104.641200120199386, 20.933983430396601 ], [ -104.642783080392462, 20.9342346499729 ], [ -104.644123600137661, 20.934579539938646 ], [ -104.644973340254978, 20.934887420011201 ], [ -104.645762050133229, 20.935269659772771 ], [ -104.646449049740951, 20.935434910246997 ], [ -104.647015230465129, 20.935410620232556 ], [ -104.647303710291666, 20.935008310367174 ], [ -104.647621620395498, 20.934489579784614 ], [ -104.648304149543065, 20.934215179713725 ], [ -104.648746720442261, 20.933679619869551 ], [ -104.649594220261704, 20.933078370116867 ], [ -104.650763859802424, 20.932970080093373 ], [ -104.651696369538755, 20.932719259897507 ], [ -104.652364719831269, 20.932367340034592 ], [ -104.652863679982417, 20.932168599950497 ], [ -104.654719980245261, 20.932019019938618 ], [ -104.65637540032057, 20.932391050423995 ], [ -104.658126139899082, 20.933225720355008 ], [ -104.658954199901686, 20.934017779872573 ], [ -104.65940768982486, 20.934831049738264 ], [ -104.659525740172526, 20.93521756965524 ], [ -104.659608139566714, 20.935487379781463 ], [ -104.660096319841699, 20.936019420320051 ], [ -104.660496169967345, 20.936341770168479 ], [ -104.660760769536466, 20.936555079918406 ], [ -104.661697369964088, 20.937763169907598 ], [ -104.66213968968259, 20.938738799597534 ], [ -104.662213750472986, 20.939385749649311 ], [ -104.661518689648062, 20.942158709884556 ], [ -104.661416230281716, 20.943436419542628 ], [ -104.66144134001226, 20.94397731962432 ], [ -104.661915179633596, 20.943874309873653 ], [ -104.66245183021033, 20.944027349787881 ], [ -104.663126150065025, 20.943853199992805 ], [ -104.664325830055034, 20.94326386035473 ], [ -104.665582170345203, 20.942319029931049 ], [ -104.667165279927801, 20.941438889917038 ], [ -104.66914052021805, 20.941308260262787 ], [ -104.670110920229831, 20.941651249929901 ], [ -104.670912569789721, 20.942161579712288 ], [ -104.671228049939614, 20.942362420416455 ], [ -104.672494139946167, 20.942949200183119 ], [ -104.673461430414392, 20.942982109802237 ], [ -104.673780780215182, 20.94299297015008 ], [ -104.675680180141413, 20.942797279664351 ], [ -104.677696979529401, 20.943066399877932 ], [ -104.680999969538433, 20.943840619763577 ], [ -104.681777709960457, 20.94488243014662 ], [ -104.681840720171039, 20.9458759197387 ], [ -104.682134740004898, 20.946520289875913 ], [ -104.682461679984925, 20.947477659959912 ], [ -104.682625740280159, 20.9482024301515 ], [ -104.682658349655327, 20.949159309971513 ], [ -104.68220211993976, 20.949473690206347 ], [ -104.681545170414893, 20.949957580174477 ], [ -104.681395950336935, 20.950461230069017 ], [ -104.681562889778121, 20.951160419942262 ], [ -104.681734910360319, 20.951683979619158 ], [ -104.681530649666186, 20.952102479781932 ], [ -104.681251599741771, 20.9521791797766 ], [ -104.680961859997524, 20.952059349964571 ], [ -104.680206690396375, 20.952266939888801 ], [ -104.679503519769156, 20.952775879612357 ], [ -104.678920460432693, 20.953570279566119 ], [ -104.678666799604528, 20.95469751959136 ], [ -104.67880751973631, 20.955990579648006 ], [ -104.678947019921765, 20.957218860271844 ], [ -104.679529740412647, 20.958386999910321 ], [ -104.68016775007645, 20.95952648027567 ], [ -104.681057920402637, 20.960666690412221 ], [ -104.682768480293916, 20.96157407991597 ], [ -104.684122800441344, 20.961910970025492 ], [ -104.686157720320267, 20.961981799580105 ], [ -104.688049279524819, 20.961985349758667 ], [ -104.690277709709235, 20.961930830332715 ], [ -104.69261968970369, 20.96167359995632 ], [ -104.69488552009436, 20.962846939554375 ], [ -104.696941319532883, 20.964386850433087 ], [ -104.697650090427487, 20.965365889970258 ], [ -104.69847941991938, 20.965352939754109 ], [ -104.700714750376605, 20.966508509686459 ], [ -104.70078146019587, 20.966542999762463 ], [ -104.702542689889313, 20.967233999800246 ], [ -104.702727399892169, 20.96720551956923 ], [ -104.70413733982582, 20.966988250242281 ], [ -104.705710980466975, 20.966851599997636 ], [ -104.706587180071168, 20.967771419787947 ], [ -104.707207460462755, 20.968398000048719 ], [ -104.708298020152895, 20.969596779789878 ], [ -104.708590970341135, 20.970331149866581 ], [ -104.707930250337952, 20.970908449553001 ], [ -104.707249450383685, 20.971423090164496 ], [ -104.707016780289692, 20.971598970254711 ], [ -104.707089369693534, 20.972279089583836 ], [ -104.707102520234955, 20.972402279715347 ], [ -104.707464979775906, 20.973135429914858 ], [ -104.708283170223567, 20.973913510235224 ], [ -104.708741289988012, 20.974293049729244 ], [ -104.708890340358138, 20.97441652020655 ], [ -104.708937480211659, 20.974426829583869 ], [ -104.709673399800423, 20.974585279929361 ], [ -104.710530579836856, 20.974452650314159 ], [ -104.711407449741102, 20.974136829852789 ], [ -104.712511139868482, 20.973682169677531 ], [ -104.713431540011484, 20.97333951967348 ], [ -104.714276980454258, 20.973634969663387 ], [ -104.715000629814782, 20.973883139568773 ], [ -104.71577682010458, 20.974434910280962 ], [ -104.716157739586052, 20.974928430277018 ], [ -104.715958780224142, 20.975410510446171 ], [ -104.715280170326906, 20.976249179855316 ], [ -104.714510169992749, 20.977154719931463 ], [ -104.71417481975945, 20.977769750175231 ], [ -104.714142059674302, 20.978444659905218 ], [ -104.714438139815911, 20.979331259884152 ], [ -104.715076139804196, 20.979928970334104 ], [ -104.715828950165445, 20.980469199573712 ], [ -104.717810079583757, 20.981811310178294 ], [ -104.71987717959685, 20.981992019685002 ], [ -104.721606340125234, 20.982657279692276 ], [ -104.723209050196303, 20.982802739584507 ], [ -104.725178180176002, 20.982598060003237 ], [ -104.72742591015421, 20.982536170067906 ], [ -104.729362769853523, 20.983154139564078 ], [ -104.729686089615981, 20.984235980149553 ], [ -104.729380710462962, 20.985183250334867 ], [ -104.728464620300556, 20.9857434502293 ], [ -104.727834169756505, 20.986668310065085 ], [ -104.727737629617295, 20.987627149932521 ], [ -104.727341170419621, 20.988656620287315 ], [ -104.726974420192889, 20.990011830132666 ], [ -104.726169570295397, 20.991449660382049 ], [ -104.726224000466686, 20.992993120333843 ], [ -104.726705199891043, 20.993854659885869 ], [ -104.72798151990871, 20.995050000450405 ], [ -104.727691659880989, 20.995620750397912 ], [ -104.727097659984167, 20.996302340402991 ], [ -104.726740049874962, 20.996870419550788 ], [ -104.726166180461803, 20.997305340046914 ], [ -104.72550604983833, 20.997965940074348 ], [ -104.725148029783583, 20.999400320024499 ], [ -104.725205250301045, 21.000527430437753 ], [ -104.725700450143705, 21.001227719819624 ], [ -104.726955050174354, 21.001994659708362 ], [ -104.727013060228629, 21.002921940239126 ], [ -104.726873650452106, 21.003443919634069 ], [ -104.726430249649553, 21.003765709870692 ], [ -104.725760679776613, 21.00374518012439 ], [ -104.725410250047929, 21.00402529018416 ], [ -104.725148569619677, 21.004776740278373 ], [ -104.725314259877422, 21.005553000179088 ], [ -104.725615950403039, 21.006207799634655 ], [ -104.72612914048419, 21.006692460065764 ], [ -104.726856019636656, 21.007035200297874 ], [ -104.728227910157941, 21.007459460229654 ], [ -104.728391539659327, 21.008175850127749 ], [ -104.72837910999877, 21.00861562990498 ], [ -104.72855285977576, 21.009413909656494 ], [ -104.728405880174918, 21.010439379727597 ], [ -104.728473369558827, 21.011404860241377 ], [ -104.729423820059651, 21.011906719854931 ], [ -104.729989149729349, 21.012288249567842 ], [ -104.730422860168773, 21.012404119853148 ], [ -104.730831979542714, 21.012486740038355 ], [ -104.731370969812943, 21.012477090382234 ], [ -104.731663830388939, 21.012257339609238 ], [ -104.731831339928846, 21.012131649634394 ], [ -104.731889259710243, 21.012006399928662 ], [ -104.732072399516767, 21.011610279740623 ], [ -104.73202255045058, 21.010925519547879 ], [ -104.732022660160837, 21.01034101965686 ], [ -104.732503170008727, 21.009926980441382 ], [ -104.732965380278728, 21.009369710002012 ], [ -104.733494049796192, 21.008657890340377 ], [ -104.73419048969204, 21.007976649614506 ], [ -104.734964430138319, 21.007806420150299 ], [ -104.735998089615094, 21.007372020211847 ], [ -104.737033570216028, 21.007027490194474 ], [ -104.738067449525204, 21.006604319956601 ], [ -104.73924107982991, 21.006142370432144 ], [ -104.741394510409549, 21.006033459932457 ], [ -104.742873090100659, 21.006308819578123 ], [ -104.743608120034963, 21.00650917005289 ], [ -104.744842250020994, 21.007093969594926 ], [ -104.744989570039095, 21.007855659617238 ], [ -104.745036549553888, 21.008111710424238 ], [ -104.74511086034957, 21.008516660372823 ], [ -104.745318849793904, 21.008726510419091 ], [ -104.745351820348489, 21.008711090198915 ], [ -104.746244709682585, 21.008293970073346 ], [ -104.747242170395026, 21.008595970267503 ], [ -104.748577980368893, 21.008758109545109 ], [ -104.749902029997017, 21.009040110051082 ], [ -104.750527120035542, 21.009401060440894 ], [ -104.750661429938731, 21.010130080074557 ], [ -104.750893000172212, 21.011056739596999 ], [ -104.751412339795692, 21.011820600191609 ], [ -104.752499109796972, 21.012279720424818 ], [ -104.754025450070998, 21.012052719863664 ], [ -104.755350350223154, 21.012374570224615 ], [ -104.756752979573321, 21.012335940172012 ], [ -104.75877582019713, 21.012126570393118 ], [ -104.760288249815403, 21.011913059596765 ], [ -104.76101505026395, 21.011407919967763 ], [ -104.761304680293591, 21.010371309736481 ], [ -104.761751720412931, 21.009228319654031 ], [ -104.76197412004052, 21.009137579973991 ], [ -104.762575219727168, 21.008892309647287 ], [ -104.763792799936454, 21.009338519788493 ], [ -104.765768030195574, 21.009959830237587 ], [ -104.766334919731449, 21.010460849864625 ], [ -104.766929749961676, 21.010624140097594 ], [ -104.767250980403347, 21.010455140140529 ], [ -104.768192619512504, 21.01000293973793 ], [ -104.769208680416938, 21.009223060424265 ], [ -104.770247520442638, 21.008986649949698 ], [ -104.77171235023539, 21.008601079682329 ], [ -104.772266090375027, 21.008939020103938 ], [ -104.772903940169371, 21.009627490317971 ], [ -104.773311909948276, 21.010474829982321 ], [ -104.773732859829323, 21.01195279977674 ], [ -104.774354479546005, 21.013691649862242 ], [ -104.774162569699328, 21.015371090303276 ], [ -104.774162420313374, 21.016000139867636 ], [ -104.77452325983451, 21.016714980030326 ], [ -104.775079170256333, 21.017531249556839 ], [ -104.775844350398089, 21.017653019842609 ], [ -104.776933579601462, 21.017546859859028 ], [ -104.777813949582068, 21.017518540434175 ], [ -104.777993979998342, 21.017959290152604 ], [ -104.77821324997052, 21.018921569745213 ], [ -104.778448820189496, 21.019410750412973 ], [ -104.77883147960236, 21.02020538036702 ], [ -104.77906582040049, 21.020614549656869 ], [ -104.779390740177931, 21.021181920102414 ], [ -104.780631260036387, 21.021936999737228 ], [ -104.781620309681045, 21.022708369764114 ], [ -104.78246215007141, 21.023359059881386 ], [ -104.783339570126699, 21.023182719709837 ], [ -104.783607169555864, 21.022770849715492 ], [ -104.783544139578382, 21.022266290420891 ], [ -104.783491690359824, 21.021638229716622 ], [ -104.783516710163084, 21.020875020321476 ], [ -104.783607539885935, 21.020242369709315 ], [ -104.784586229587575, 21.019879199590836 ], [ -104.785809380140549, 21.019226739966378 ], [ -104.78700488010476, 21.018060940259954 ], [ -104.788220719810099, 21.016267939731634 ], [ -104.789322460336834, 21.015417280441831 ], [ -104.790188310257165, 21.015021320422534 ], [ -104.791020059553531, 21.014849430013459 ], [ -104.791066859945985, 21.014855219949347 ], [ -104.792125510135733, 21.014985919728172 ], [ -104.793264049591613, 21.015106140135309 ], [ -104.793878370309656, 21.014922539976826 ], [ -104.794387250413052, 21.014548250270792 ], [ -104.795448600008541, 21.014129369861642 ], [ -104.796994450088604, 21.014428829711584 ], [ -104.799565619741941, 21.015728829627662 ], [ -104.800721230179079, 21.01586434980802 ], [ -104.802004460305639, 21.016514680103676 ], [ -104.802658489769541, 21.016591490370615 ], [ -104.803194230253794, 21.016513289889936 ], [ -104.803315339919592, 21.016203489987173 ], [ -104.803452520317578, 21.015740950103748 ], [ -104.803825850013794, 21.015298350079799 ], [ -104.804437739587229, 21.014865969561292 ], [ -104.805082460071318, 21.014639260077516 ], [ -104.806179510455166, 21.01431763040042 ], [ -104.807210399928024, 21.01403028995232 ], [ -104.807593199912134, 21.013531229654319 ], [ -104.80841748039515, 21.012875280110464 ], [ -104.809411709814697, 21.0120709703816 ], [ -104.810181599740488, 21.012012829800625 ], [ -104.810918600079972, 21.012041019917888 ], [ -104.811626479639202, 21.012387340010921 ], [ -104.812414310344906, 21.012952689853726 ], [ -104.812703720475668, 21.01315968999489 ], [ -104.813750380431784, 21.01422482021589 ], [ -104.814573370300934, 21.015129800111712 ], [ -104.81496923014447, 21.015343019753043 ], [ -104.815563889965176, 21.015450029907115 ], [ -104.815975800179146, 21.015254380164954 ], [ -104.816339479958032, 21.014751399985069 ], [ -104.817186750438324, 21.014542119842652 ], [ -104.818263029650822, 21.014463090346673 ], [ -104.819815689763161, 21.014664399698297 ], [ -104.821019049522349, 21.014823719868694 ], [ -104.82266611999485, 21.015216919970243 ], [ -104.82436402042228, 21.015939910210534 ], [ -104.825243220384593, 21.016637749692169 ], [ -104.826158320404559, 21.017201819775099 ], [ -104.827098769737219, 21.017741180154491 ], [ -104.827724999818116, 21.0180684901826 ], [ -104.82816384973232, 21.018072489560709 ], [ -104.828622599747575, 21.017797689995646 ], [ -104.829066689969991, 21.017438449953961 ], [ -104.829721690374612, 21.016675889610827 ], [ -104.830301059800377, 21.015113479684693 ], [ -104.830736249967032, 21.014330740366336 ], [ -104.831220309932064, 21.014031289711799 ], [ -104.831863690292124, 21.013946739560645 ], [ -104.832486679990026, 21.014116739994805 ], [ -104.832963740352668, 21.014713090318967 ], [ -104.833233450412038, 21.01526485014201 ], [ -104.833428280238465, 21.015939060324133 ], [ -104.833794650411008, 21.016791629946827 ], [ -104.834007219830113, 21.01769548043896 ], [ -104.834514180393015, 21.018295859989422 ], [ -104.834950779959925, 21.018808229927558 ], [ -104.835388979902035, 21.019393179989674 ], [ -104.83607908995765, 21.019702079858966 ], [ -104.837364429812823, 21.02005852039829 ], [ -104.838098909866574, 21.020008579779152 ], [ -104.838478510108914, 21.019650509927263 ], [ -104.83845435026285, 21.01911838020823 ], [ -104.838376350304685, 21.018478339560438 ], [ -104.838349950121383, 21.017837290278337 ], [ -104.838023080276272, 21.017038579708661 ], [ -104.837435599642802, 21.016105419777364 ], [ -104.837374579812021, 21.015658690302779 ], [ -104.837606629981025, 21.015037090090633 ], [ -104.837832419598925, 21.014664079946701 ], [ -104.838347200355031, 21.013988799776836 ], [ -104.839109119918149, 21.013405769790868 ], [ -104.839576540176637, 21.013001800242716 ], [ -104.839678370109738, 21.012179150292987 ], [ -104.84051668996463, 21.009035709830076 ], [ -104.840856339930752, 21.008078259717713 ], [ -104.841061120112542, 21.007318949738295 ], [ -104.841190479773289, 21.006723449797754 ], [ -104.841710629554782, 21.006302249662077 ], [ -104.842118950319531, 21.006061290019623 ], [ -104.842811400022484, 21.005854770210838 ], [ -104.843662660093742, 21.005838910316989 ], [ -104.844162709757867, 21.006071549840527 ], [ -104.844700399881233, 21.006289249691761 ], [ -104.845206480228043, 21.006425059611029 ], [ -104.845734030219646, 21.006354710339881 ], [ -104.846476000362642, 21.006050380037795 ], [ -104.847820510126013, 21.005565369601708 ], [ -104.849272379952438, 21.00527201986516 ], [ -104.850343319699618, 21.005116380262269 ], [ -104.851976649718594, 21.005473199787232 ], [ -104.852889830171037, 21.005335090196546 ], [ -104.8536559998538, 21.004957689577093 ], [ -104.853866030099852, 21.004518019960575 ], [ -104.853593489963131, 21.00399305011414 ], [ -104.853349819861265, 21.003452939745685 ], [ -104.852949969781832, 21.002865280347137 ], [ -104.852518250099578, 21.002412919566407 ], [ -104.85193943010519, 21.002061089614241 ], [ -104.851479089639639, 21.001517780238665 ], [ -104.85119004989491, 21.000663819927446 ], [ -104.851296580345675, 21.000161109911822 ], [ -104.852256819620422, 20.99919906014971 ], [ -104.853059859609075, 20.998736220325597 ], [ -104.85398700030612, 20.998041079774353 ], [ -104.854584739559414, 20.997025289606203 ], [ -104.85507642963249, 20.996483539618993 ], [ -104.855597599666524, 20.995961709699664 ], [ -104.856600509956792, 20.995192519779152 ], [ -104.857937479541292, 20.994356539693388 ], [ -104.858824310136114, 20.993973289799978 ], [ -104.859337850205918, 20.993854749660059 ], [ -104.859802679957937, 20.993870259987958 ], [ -104.860120890443596, 20.994275819830747 ], [ -104.860654550092647, 20.99449578014524 ], [ -104.860932079899399, 20.994805280091956 ], [ -104.861368180222172, 20.995293379581661 ], [ -104.861878420278742, 20.995575370175992 ], [ -104.86250138002346, 20.995788739628061 ], [ -104.863352230182798, 20.995948829744375 ], [ -104.864547259970266, 20.995838029832722 ], [ -104.865715220007871, 20.995549819601344 ], [ -104.866868950241567, 20.995201370077176 ], [ -104.86755857997052, 20.994589489988972 ], [ -104.867886279647465, 20.993899260334469 ], [ -104.868180079670381, 20.993155400068215 ], [ -104.868384429770416, 20.992410659956953 ], [ -104.868664829578009, 20.991642859584235 ], [ -104.868822139998002, 20.991155770246241 ], [ -104.869007430287127, 20.990706549929211 ], [ -104.869498550146091, 20.989843860116689 ], [ -104.870037710230861, 20.988658829789632 ], [ -104.870617379532931, 20.987510259913364 ], [ -104.872147089731442, 20.984800720164561 ], [ -104.873504799897503, 20.982358320274884 ], [ -104.874266319848886, 20.981807139822546 ], [ -104.875124419675885, 20.981621570062352 ], [ -104.876400280168554, 20.981682090429377 ], [ -104.877617650418216, 20.98141758042814 ], [ -104.878877799975029, 20.981345520077078 ], [ -104.880812460066153, 20.980910420010812 ], [ -104.881427570377866, 20.980174080244037 ], [ -104.882328889845098, 20.978908029604892 ], [ -104.882151510047194, 20.978440309772711 ], [ -104.882166400017383, 20.977932710332748 ], [ -104.881715689561346, 20.977325199624516 ], [ -104.881239749664999, 20.976742339889771 ], [ -104.88095378036337, 20.976010910073178 ], [ -104.88115037011373, 20.975572369729303 ], [ -104.881595080259927, 20.975583720230031 ], [ -104.882019679836844, 20.975424259757599 ], [ -104.882356290029989, 20.97497972003783 ], [ -104.8825337098463, 20.974376799938625 ], [ -104.882749490409353, 20.973658349809703 ], [ -104.883298779829119, 20.973278019767829 ], [ -104.884201029533756, 20.973202949703524 ], [ -104.884820139622306, 20.973211029575957 ], [ -104.885472780132076, 20.973211459695722 ], [ -104.886297949540634, 20.97322176972208 ], [ -104.88723088023167, 20.973407830062126 ], [ -104.888392910041333, 20.973704780401341 ], [ -104.889541510351975, 20.973758750256053 ], [ -104.890427979919195, 20.972879149671542 ], [ -104.891227519561184, 20.972421749568312 ], [ -104.891295370405643, 20.971782619724834 ], [ -104.890912579590037, 20.971049970156681 ], [ -104.891133379614132, 20.969935940266691 ], [ -104.891958419651942, 20.968759520455798 ], [ -104.8934480897382, 20.967056879946188 ], [ -104.893719539706197, 20.966871229940182 ], [ -104.893732910243259, 20.966862090046952 ], [ -104.89516779975547, 20.965925950396567 ], [ -104.897067739735178, 20.965235380385945 ], [ -104.898846000222647, 20.964165679918437 ], [ -104.899960980015294, 20.963508800383067 ], [ -104.900627480197912, 20.962747199986836 ], [ -104.901437860027556, 20.961054220251579 ], [ -104.902176370117118, 20.958508490179728 ], [ -104.902369739647739, 20.957054549874734 ], [ -104.902260970075588, 20.956068179959345 ], [ -104.901723019550076, 20.955535579956273 ], [ -104.900820739697778, 20.955118849853054 ], [ -104.900050570247714, 20.955029169689361 ], [ -104.899359819802598, 20.954563889924128 ], [ -104.898756180436777, 20.953621769975477 ], [ -104.898605110410671, 20.952440220140787 ], [ -104.898780979516431, 20.950327289652648 ], [ -104.89910777028139, 20.948514419733264 ], [ -104.899887909709079, 20.947102569565008 ], [ -104.90052601994816, 20.946340659957595 ], [ -104.901384780423768, 20.945657180144195 ], [ -104.902165429954124, 20.945394260254659 ], [ -104.902849380314322, 20.945362169681498 ], [ -104.903243259929624, 20.945392850433752 ], [ -104.904269060271346, 20.945571950355831 ], [ -104.904687290232303, 20.945352200069305 ], [ -104.90487648023381, 20.94485390957195 ], [ -104.905297879533123, 20.94416353998103 ], [ -104.906105740228853, 20.942851710063483 ], [ -104.906472939629325, 20.942179420145408 ], [ -104.906998740039384, 20.942118230197497 ], [ -104.907632219888669, 20.942355180163752 ], [ -104.909267260099867, 20.942791490388689 ], [ -104.910663379529012, 20.943074980276915 ], [ -104.912185620465308, 20.94375817965545 ], [ -104.91276600023086, 20.94429253956363 ], [ -104.913369399990458, 20.944176579603862 ], [ -104.91423044975555, 20.94339424975686 ], [ -104.91514108977006, 20.94319117012644 ], [ -104.916805000322142, 20.942370280368639 ], [ -104.920048350343677, 20.941166980020533 ], [ -104.923104400345125, 20.940110519709055 ], [ -104.92601748045405, 20.939577230200999 ], [ -104.926799150173025, 20.939701490389218 ], [ -104.927714549913233, 20.939718749604356 ], [ -104.928339800376676, 20.939515570027083 ], [ -104.929506509642309, 20.93853550987108 ], [ -104.930940420073341, 20.937737569938328 ], [ -104.932487150265132, 20.937220490031649 ], [ -104.932480340435617, 20.936907290430423 ], [ -104.933085430063116, 20.935735230035114 ], [ -104.933771019800659, 20.934851709963993 ], [ -104.934299320352096, 20.934489450010751 ], [ -104.934634540012482, 20.934552629618469 ], [ -104.934936219881521, 20.934778910021393 ], [ -104.935436380263994, 20.93503617964522 ], [ -104.939792539763488, 20.934961199641052 ], [ -104.941242369870764, 20.935107339894902 ], [ -104.941560169885733, 20.934938749859388 ], [ -104.941700659750722, 20.934576320254852 ], [ -104.942216179954229, 20.933835289728332 ], [ -104.943137570258699, 20.932699419953863 ], [ -104.943902550325674, 20.932626650057106 ], [ -104.944499369947664, 20.93277758000092 ], [ -104.945004339973551, 20.932686620311898 ], [ -104.945344060171294, 20.932389939627438 ], [ -104.945943310370666, 20.932309319596111 ], [ -104.946617749902316, 20.931831570350347 ], [ -104.947663350279583, 20.931022260393444 ], [ -104.949598199914888, 20.930729569750309 ], [ -104.951595569937155, 20.930222690339836 ], [ -104.952387339964673, 20.930242200087676 ], [ -104.953163889911011, 20.930134340360915 ], [ -104.953392019838489, 20.929259600030328 ], [ -104.954107450209108, 20.928619110010324 ], [ -104.955505850172912, 20.927547630372505 ], [ -104.957207659738316, 20.926041289772122 ], [ -104.9584778001134, 20.924725879657061 ], [ -104.959060520299062, 20.923686400400523 ], [ -104.959721819983983, 20.921984259586701 ], [ -104.960157259883289, 20.920687620377379 ], [ -104.960549659613278, 20.919876950267472 ], [ -104.961083830294825, 20.919578519927143 ], [ -104.962308449640375, 20.919445049558846 ], [ -104.963894339857177, 20.919126200447529 ], [ -104.964021119943212, 20.918245880212016 ], [ -104.964240180087685, 20.917269569861368 ], [ -104.96507097019888, 20.915898600203633 ], [ -104.965885819687784, 20.914162660456448 ], [ -104.96644856996717, 20.913233949842379 ], [ -104.966546050111688, 20.911428689561749 ], [ -104.966701289675072, 20.910296289571651 ], [ -104.966911850099507, 20.90978837006481 ], [ -104.967244049732017, 20.9095080899856 ], [ -104.967715800022887, 20.909395720410046 ], [ -104.968307340276994, 20.909222119788282 ], [ -104.968821739593508, 20.909025950440391 ], [ -104.969233480222726, 20.909017940041387 ], [ -104.969830429956048, 20.909106580040817 ], [ -104.97080349033709, 20.90964614020676 ], [ -104.971503939797913, 20.910276939617951 ], [ -104.973945030078482, 20.911661489589946 ], [ -104.977176850078365, 20.912686519917973 ], [ -104.979390250468853, 20.913677819777241 ], [ -104.980784420396716, 20.914280820403235 ], [ -104.981875450242001, 20.914735520240509 ], [ -104.98339806038274, 20.916450289618489 ], [ -104.984747140473274, 20.917819400305966 ], [ -104.986654169754317, 20.919268429947476 ], [ -104.987199940195239, 20.920377690449612 ], [ -104.987903779657699, 20.920696859744403 ], [ -104.988458320276905, 20.921137849827804 ], [ -104.988781449881202, 20.921428769913515 ], [ -104.989102920173849, 20.921385599637496 ], [ -104.98957121956218, 20.92136455015179 ], [ -104.990373689621705, 20.921562849640182 ], [ -104.991246660165331, 20.921510079576258 ], [ -104.991815980456209, 20.920904379755452 ], [ -104.992582620069953, 20.920627739821324 ], [ -104.993340770244345, 20.920541540318748 ], [ -104.994492089804424, 20.920471379563352 ], [ -104.995543829867827, 20.920332019577732 ], [ -104.996878139609706, 20.919949119710701 ], [ -104.997401289579699, 20.919546449714478 ], [ -104.997759520052668, 20.919135110297209 ], [ -104.997861579921548, 20.918598030072257 ], [ -104.998034219536336, 20.916734780297098 ], [ -104.998235939885291, 20.91581079988633 ], [ -104.998673519592913, 20.915071619880173 ], [ -104.999356919595883, 20.914303250293369 ], [ -104.999899579805771, 20.913622880394939 ], [ -105.000033019836906, 20.913127569744919 ], [ -105.000249680032667, 20.911706260302783 ], [ -105.000920260182781, 20.911018229590752 ], [ -105.00186928004166, 20.910588480122481 ], [ -105.00270145023228, 20.910627649850888 ], [ -105.003394089660489, 20.910857540347532 ], [ -105.003952030408499, 20.911263310374462 ], [ -105.004075179567209, 20.911677549721659 ], [ -105.004033089653404, 20.912176540051185 ], [ -105.003510149873591, 20.912576479952907 ], [ -105.002853489916177, 20.912796379923805 ], [ -105.002823910009226, 20.912810690179345 ], [ -105.002275950154328, 20.913075629739915 ], [ -105.002415429691851, 20.913361219699485 ], [ -105.002452660413468, 20.913437450344862 ], [ -105.002442970252915, 20.914160250045953 ], [ -105.002282060385241, 20.915088820096781 ], [ -105.00215785994726, 20.915919250245622 ], [ -105.002436120397675, 20.916181660346592 ], [ -105.002643909587775, 20.916774220024806 ], [ -105.003097139667119, 20.917820029805512 ], [ -105.003928279740862, 20.919605780278186 ], [ -105.004825460289936, 20.921287519822485 ], [ -105.005337750284824, 20.922154140309228 ], [ -105.005923490233286, 20.92245147958177 ], [ -105.006332250284956, 20.92253636993695 ], [ -105.006809050340635, 20.922393029646468 ], [ -105.007221349672946, 20.922086940155108 ], [ -105.007255749945188, 20.922059149588033 ], [ -105.007731080004532, 20.921675080054719 ], [ -105.008814000435706, 20.920789199788384 ], [ -105.009965020381173, 20.919911459731942 ], [ -105.012054880453405, 20.918615049938364 ], [ -105.014465539788063, 20.917934290043807 ], [ -105.015874569660795, 20.917711619625834 ], [ -105.016752890461731, 20.918120450051493 ], [ -105.018057749610023, 20.918459940075184 ], [ -105.019266660123364, 20.91834663018804 ], [ -105.019949250397659, 20.918232319923955 ], [ -105.020182139660292, 20.918097150366961 ], [ -105.020483519706232, 20.917652849795243 ], [ -105.020495970137247, 20.917631690136496 ], [ -105.020708459831766, 20.917270920348273 ], [ -105.020880719852855, 20.916853509853578 ], [ -105.020825450270436, 20.916124019866018 ], [ -105.020737280096455, 20.915663059779519 ], [ -105.020274049718267, 20.914673749937833 ], [ -105.020184289916443, 20.913453779638292 ], [ -105.020631460027886, 20.912287740100794 ], [ -105.021246859665325, 20.911457079989631 ], [ -105.022576629737017, 20.910872820030939 ], [ -105.023873489658158, 20.910785140225439 ], [ -105.02619902973359, 20.91141062010291 ], [ -105.027597230247864, 20.911424220075524 ], [ -105.028439059758227, 20.911169879700807 ], [ -105.028564829887642, 20.91088842013021 ], [ -105.028649319971606, 20.910500919905939 ], [ -105.028841650433165, 20.909753200338077 ], [ -105.029315750191373, 20.909299509543153 ], [ -105.03017957997568, 20.909044720173284 ], [ -105.030840860129388, 20.90908326026392 ], [ -105.031613340006444, 20.90917123036245 ], [ -105.032416399821273, 20.909640879770201 ], [ -105.033529150384467, 20.910176689658424 ], [ -105.034388940417116, 20.910547110025419 ], [ -105.035436170464209, 20.911104880304762 ], [ -105.035731510455548, 20.911512280008882 ], [ -105.03624948976136, 20.912028910222812 ], [ -105.036843110429331, 20.912353310247358 ], [ -105.038085369939594, 20.912772860302987 ], [ -105.039072739912783, 20.913114819845699 ], [ -105.039179430183111, 20.913453660009733 ], [ -105.039029080069781, 20.914107570092742 ], [ -105.039194229850182, 20.915085830099535 ], [ -105.039143570459544, 20.916746029930248 ], [ -105.039004369602836, 20.917895659739219 ], [ -105.038931659757552, 20.918543450329732 ], [ -105.038723850052264, 20.919146289699444 ], [ -105.038352029878453, 20.919742620354668 ], [ -105.037944650126008, 20.920299629925854 ], [ -105.037327649814941, 20.921178509623157 ], [ -105.036794749607992, 20.9224873701726 ], [ -105.036318849704998, 20.923813199851516 ], [ -105.03634306018931, 20.924887260297385 ], [ -105.037084820369699, 20.926050369677167 ], [ -105.037974579646075, 20.926704349852038 ], [ -105.038564109889549, 20.927511569688626 ], [ -105.038868079892111, 20.928270569786257 ], [ -105.039163249985805, 20.92943157995941 ], [ -105.039670060354183, 20.930244620439726 ], [ -105.040381370093314, 20.930772250052449 ], [ -105.041360630224531, 20.931367480422281 ], [ -105.042398980030995, 20.931628109557192 ], [ -105.043523769982428, 20.931293110357082 ], [ -105.044631249690397, 20.931441079647453 ], [ -105.045121350300036, 20.932004369614134 ], [ -105.045919520149738, 20.933426309992186 ], [ -105.046804850337736, 20.934283859843312 ], [ -105.047439970113956, 20.934385800121639 ], [ -105.048203049570716, 20.934255939850861 ], [ -105.048558400249135, 20.933769549542127 ], [ -105.048688769575534, 20.93315222019881 ], [ -105.048950399657869, 20.932448889776818 ], [ -105.049478580400574, 20.931926920419546 ], [ -105.050206249592435, 20.931704000009852 ], [ -105.051195970019762, 20.931777980265437 ], [ -105.052260060214863, 20.932194319575025 ], [ -105.053828460194083, 20.93281936956112 ], [ -105.054439739702175, 20.932848820057348 ], [ -105.055335999763628, 20.932456619977227 ], [ -105.056313220027448, 20.931978600244452 ], [ -105.057457800364233, 20.931049179773449 ], [ -105.05814341983897, 20.930931260243831 ], [ -105.058728719614336, 20.931284220254675 ], [ -105.059311199862293, 20.932001889580825 ], [ -105.059620289572038, 20.932902180176377 ], [ -105.05988268014228, 20.933449850395327 ], [ -105.060538319891648, 20.933478380004047 ], [ -105.061313219546776, 20.933379489757073 ], [ -105.062031430064323, 20.933229619884067 ], [ -105.0626608595161, 20.933081539867999 ], [ -105.063377910135998, 20.932879600275442 ], [ -105.063736750332268, 20.932549400016292 ], [ -105.06408449012784, 20.932219419975805 ], [ -105.064628199542696, 20.931718800198148 ], [ -105.06521865953637, 20.931321420138246 ], [ -105.065871219681839, 20.931214539737542 ], [ -105.06645677980282, 20.931577879984584 ], [ -105.066962049942234, 20.931828220054882 ], [ -105.068198150103484, 20.931757649768876 ], [ -105.069355939966925, 20.931411370083804 ], [ -105.070238629760354, 20.93068511022987 ], [ -105.070768109988109, 20.930049289686501 ], [ -105.071492259766316, 20.92897995032089 ], [ -105.072801979611228, 20.927994999626321 ], [ -105.073525380024265, 20.928074219698789 ], [ -105.074272710185895, 20.928715579911024 ], [ -105.074563910356446, 20.929314050123136 ], [ -105.075049119605097, 20.929658520445699 ], [ -105.076062119568448, 20.929983779921034 ], [ -105.077050739839635, 20.930495250439304 ], [ -105.078141619540418, 20.931108829615475 ], [ -105.078555750283471, 20.931256769934169 ], [ -105.078875890268677, 20.931177370188003 ], [ -105.079699909862939, 20.931285780254893 ], [ -105.080336920011717, 20.931470889712074 ], [ -105.08070122026021, 20.931380180269169 ], [ -105.080849889554756, 20.931085450371288 ], [ -105.08115469044283, 20.929849799778101 ], [ -105.081958750247125, 20.928826680347115 ], [ -105.082929320234882, 20.92764846036447 ], [ -105.083654419793547, 20.926831520112867 ], [ -105.083965480305068, 20.926356349898217 ], [ -105.084286679651143, 20.925839319553653 ], [ -105.084749829729731, 20.925084630188504 ], [ -105.085532649599031, 20.923880999943723 ], [ -105.086156060031442, 20.923472460137859 ], [ -105.086758919858099, 20.923137259951623 ], [ -105.087515849875714, 20.923226150455626 ], [ -105.087604829622251, 20.923219430313637 ], [ -105.087892629852021, 20.923197689633895 ], [ -105.087966540061799, 20.923168680070432 ], [ -105.088237629673657, 20.923062289670547 ], [ -105.088244770096694, 20.92297689033494 ], [ -105.088263749847854, 20.922749179697675 ], [ -105.088368030008652, 20.922455340031814 ], [ -105.088483400314587, 20.922161259588094 ], [ -105.088720340345887, 20.92184387974293 ], [ -105.089334180340757, 20.921987749583746 ], [ -105.089865370021826, 20.921914480001131 ], [ -105.090282689726678, 20.921718490432962 ], [ -105.091259710049641, 20.921240250402846 ], [ -105.092303049552044, 20.920750230438578 ], [ -105.093000690242576, 20.920287720297129 ], [ -105.093466150372365, 20.91989387975195 ], [ -105.094544179757989, 20.919517249635106 ], [ -105.096034629691076, 20.919466860374587 ], [ -105.097650000371885, 20.919716110430073 ], [ -105.098641479552029, 20.919434110398985 ], [ -105.099355779989139, 20.918764909782926 ], [ -105.099350750186233, 20.918080110222665 ], [ -105.099156379851465, 20.917560309758372 ], [ -105.098974820484727, 20.917130890266652 ], [ -105.098627419590144, 20.916956649991072 ], [ -105.098258290193399, 20.91679850955018 ], [ -105.097780109875131, 20.916536260349872 ], [ -105.097514599847713, 20.916189140290431 ], [ -105.097388970434096, 20.915859309550932 ], [ -105.09761822010995, 20.915562549655508 ], [ -105.09815514999238, 20.915084229820195 ], [ -105.098755619729786, 20.91459864989768 ], [ -105.099584109712225, 20.914229310445322 ], [ -105.100777350062117, 20.913606139929243 ], [ -105.102153979829197, 20.913275979752022 ], [ -105.102250429994413, 20.913254150184923 ], [ -105.103082689904724, 20.91306574017435 ], [ -105.103804819612378, 20.912738820084044 ], [ -105.104492689981242, 20.912321939865951 ], [ -105.10495791959265, 20.91155707989213 ], [ -105.104903370172721, 20.910103599673484 ], [ -105.104514770227908, 20.909537380022265 ], [ -105.104220319754774, 20.909331860137449 ], [ -105.104150169549115, 20.909081489695929 ], [ -105.103973980153938, 20.908420309583327 ], [ -105.104257290058399, 20.908142620350688 ], [ -105.104475800321566, 20.90784607956148 ], [ -105.104892679774736, 20.907777170426417 ], [ -105.105218849984269, 20.907961890369016 ], [ -105.105682089808212, 20.907916979885275 ], [ -105.10608036973062, 20.907495219826245 ], [ -105.10743597975268, 20.906899309808306 ], [ -105.108996229568817, 20.906459550387403 ], [ -105.110185740223926, 20.906089220222604 ], [ -105.111317000220794, 20.905555920195795 ], [ -105.112181520021608, 20.904782890024396 ], [ -105.112232970335455, 20.903953539793036 ], [ -105.111858430258906, 20.903003029980809 ], [ -105.111449820407913, 20.901891650283961 ], [ -105.111581710376385, 20.900909540148547 ], [ -105.111957079769695, 20.900430319793152 ], [ -105.113084309808357, 20.899881339705868 ], [ -105.114347540205657, 20.900200170119348 ], [ -105.115483970047507, 20.900884320229522 ], [ -105.116492279908499, 20.900985889915674 ], [ -105.117221199765069, 20.900812579719744 ], [ -105.117671489590933, 20.900311910211073 ], [ -105.117812340238956, 20.899639719620541 ], [ -105.117604539879594, 20.899009149948498 ], [ -105.117008829936111, 20.898313979855011 ], [ -105.116728830173358, 20.897902549602986 ], [ -105.116814480453201, 20.897429230344429 ], [ -105.117126649866634, 20.896972399771197 ], [ -105.117927540411387, 20.896433169812592 ], [ -105.118603570204385, 20.896145420328882 ], [ -105.119458850025438, 20.895718059734872 ], [ -105.120177320099387, 20.895385580191657 ], [ -105.120942259720366, 20.894896749839923 ], [ -105.121393319756663, 20.894470249864415 ], [ -105.122299029747552, 20.893771720219323 ], [ -105.123172910395994, 20.893120200341176 ], [ -105.124146309916355, 20.892259319808851 ], [ -105.124901399670051, 20.891455690438292 ], [ -105.125917949552417, 20.890569419743731 ], [ -105.127105490336248, 20.889957800061037 ], [ -105.128109510429425, 20.889241779681971 ], [ -105.130219940035033, 20.88863209027171 ], [ -105.131224620245632, 20.888889660032092 ], [ -105.132165859622461, 20.889251549858457 ], [ -105.132592230275577, 20.889180980387859 ], [ -105.13317344961348, 20.888818459828165 ], [ -105.133512890346097, 20.88826023035335 ], [ -105.134078860226055, 20.888100619900612 ], [ -105.136290219583572, 20.887901999719219 ], [ -105.138624080134676, 20.887565120079774 ], [ -105.14017715009507, 20.88745954030129 ], [ -105.141856620432833, 20.887167250155731 ], [ -105.142546109976962, 20.886465829641335 ], [ -105.142874089611482, 20.885955910157616 ], [ -105.14304041989601, 20.88524070995588 ], [ -105.142919000341962, 20.884519169948675 ], [ -105.142548319908926, 20.883771619928439 ], [ -105.141143400482562, 20.882941510303535 ], [ -105.140062350069513, 20.882546510014773 ], [ -105.139428379643164, 20.882265029655425 ], [ -105.13914629017934, 20.881939490331817 ], [ -105.139231060368459, 20.881662490217408 ], [ -105.139584829578894, 20.881272510451623 ], [ -105.139954230434, 20.88025479982592 ], [ -105.140422180467667, 20.878492979787037 ], [ -105.140658290238392, 20.877526569823008 ], [ -105.140872740460495, 20.876467140142957 ], [ -105.141194049658623, 20.875605820271094 ], [ -105.141982219912379, 20.874802879571558 ], [ -105.143112260482951, 20.87353314025183 ], [ -105.144183379527377, 20.872808140384574 ], [ -105.144974089889956, 20.872558739596723 ], [ -105.145267600417284, 20.872280740242061 ], [ -105.1458826795524, 20.871597880384833 ], [ -105.146673739745395, 20.869938020292842 ], [ -105.14736297992188, 20.869331340313011 ], [ -105.148190629737471, 20.868669450436478 ], [ -105.149278659902947, 20.868307060453379 ], [ -105.150066710133984, 20.868387910013649 ], [ -105.150790110201513, 20.868800319881618 ], [ -105.151285579518998, 20.869198019795117 ], [ -105.151906849560476, 20.869224030318954 ], [ -105.152965659762842, 20.868939920400926 ], [ -105.15350115037117, 20.868394659710507 ], [ -105.153744540474051, 20.86772338013688 ], [ -105.153913830371124, 20.867001149844079 ], [ -105.153873850292157, 20.86617642002312 ], [ -105.153764650093109, 20.865489079668961 ], [ -105.153560829709321, 20.864735710123252 ], [ -105.153077939858477, 20.863537119781103 ], [ -105.152622139577275, 20.862623849726585 ], [ -105.152613059822926, 20.862235539802278 ], [ -105.152624850322582, 20.862205999795957 ], [ -105.152749849602657, 20.861892769668966 ], [ -105.152911690392827, 20.861666920305105 ], [ -105.153425830434955, 20.861251819827533 ], [ -105.15451422965522, 20.860844140392395 ], [ -105.155975519722489, 20.860904549697366 ], [ -105.156987029880284, 20.860305850012743 ], [ -105.158199280168972, 20.859521710401125 ], [ -105.159435380246762, 20.858725750268647 ], [ -105.160563309916569, 20.857415230068291 ], [ -105.160499140161022, 20.856736830429885 ], [ -105.160112850045095, 20.856212370353497 ], [ -105.159395519816641, 20.855977980227898 ], [ -105.157947259599183, 20.855441540226046 ], [ -105.157091629818083, 20.855481910440062 ], [ -105.156880800202075, 20.855237030384199 ], [ -105.156263780451326, 20.854689630442142 ], [ -105.155569420184463, 20.853888319802238 ], [ -105.155405370121613, 20.853064709549784 ], [ -105.155701120347942, 20.852299549881199 ], [ -105.156352119749485, 20.851597050058185 ], [ -105.156971050361747, 20.850668419814397 ], [ -105.157790319759059, 20.850107680317848 ], [ -105.159015749956311, 20.849889710315541 ], [ -105.160297119545604, 20.849999120057785 ], [ -105.161222950363467, 20.849866649562809 ], [ -105.162235679790584, 20.849324539914555 ], [ -105.162787800333092, 20.848690000397216 ], [ -105.162829509885484, 20.847896109586323 ], [ -105.162279060467313, 20.846508569819754 ], [ -105.16145468993696, 20.845126520025246 ], [ -105.161234369550186, 20.844395139806423 ], [ -105.161097479972952, 20.843623739789095 ], [ -105.161242910046553, 20.841816920394656 ], [ -105.161225920241179, 20.839987740188171 ], [ -105.16140866008972, 20.838721090034447 ], [ -105.161789820348119, 20.837988450208417 ], [ -105.162456110182816, 20.837123909579848 ], [ -105.163027830321226, 20.836659230083246 ], [ -105.163643679780648, 20.835910290057239 ], [ -105.163793999745522, 20.835044379697514 ], [ -105.163849630160328, 20.834314549867191 ], [ -105.163582479972433, 20.833631420207855 ], [ -105.163000350195333, 20.83317424984293 ], [ -105.162154310415517, 20.832617060127117 ], [ -105.161742430321326, 20.832069139941279 ], [ -105.161634569692964, 20.831594419628118 ], [ -105.161636019941881, 20.831140139971033 ], [ -105.161971050120044, 20.830474540333803 ], [ -105.162627769576559, 20.830120229792453 ], [ -105.163409879802131, 20.829956379622846 ], [ -105.163984779935149, 20.829832110200158 ], [ -105.164552940296375, 20.829669229573913 ], [ -105.164939689639056, 20.829392599787194 ], [ -105.165142679965342, 20.828901549788863 ], [ -105.165238429793391, 20.82841271974138 ], [ -105.165151200208513, 20.828051830446519 ], [ -105.165074719935973, 20.827469200077708 ], [ -105.165093510188228, 20.826746949635144 ], [ -105.165218709881458, 20.82598892006995 ], [ -105.165705939983184, 20.825424829805115 ], [ -105.165940289651658, 20.824748460049019 ], [ -105.16597222038618, 20.82382448988626 ], [ -105.165689139697861, 20.82255391015179 ], [ -105.165427340469193, 20.821177349683168 ], [ -105.16572307998581, 20.82054997033379 ], [ -105.16651434959013, 20.820330680156349 ], [ -105.167085090206385, 20.820348650414566 ], [ -105.167823510481284, 20.82075171012611 ], [ -105.168929180434844, 20.821273909730365 ], [ -105.169677519815366, 20.821524620223158 ], [ -105.170377949650216, 20.821459350455747 ], [ -105.171341049593707, 20.821084320325159 ], [ -105.171832289736571, 20.820161230389157 ], [ -105.171706169946049, 20.819390460275404 ], [ -105.171400460207124, 20.818445909547542 ], [ -105.171262060411337, 20.817726109571296 ], [ -105.17118633993401, 20.816802140167638 ], [ -105.171433720354443, 20.816416629998756 ], [ -105.172076999830651, 20.816033080106859 ], [ -105.172679049763389, 20.815344950246416 ], [ -105.173192719651425, 20.814757820402097 ], [ -105.173942949723966, 20.813943450350443 ], [ -105.174077340351346, 20.813344750348321 ], [ -105.173955090137312, 20.812738720334682 ], [ -105.173568979772995, 20.812391750371454 ], [ -105.17284325960398, 20.811768370439896 ], [ -105.172320179530203, 20.811192820200947 ], [ -105.172108120349776, 20.811196200359262 ], [ -105.171203770049743, 20.811210030125782 ], [ -105.171147819994232, 20.811210889563018 ], [ -105.171054540411617, 20.811212340068629 ], [ -105.171183030176863, 20.810234229666811 ], [ -105.171448829728703, 20.809513059993616 ], [ -105.172107629918386, 20.80777762993451 ], [ -105.172761489961431, 20.806038310065436 ], [ -105.170947370404278, 20.805259420383578 ], [ -105.170852779882168, 20.805218819831186 ], [ -105.169370079597016, 20.804540799782174 ], [ -105.169253049576682, 20.804488250035703 ], [ -105.167556510129359, 20.803743709937962 ], [ -105.16838725957308, 20.801880850101039 ], [ -105.168439260322771, 20.801764280243102 ], [ -105.169018029985807, 20.800473110034055 ], [ -105.169686479865135, 20.798981850072629 ], [ -105.170310520052766, 20.797589630305602 ], [ -105.17095728960426, 20.796146660431415 ], [ -105.170974350160975, 20.796108620204681 ], [ -105.170225399662002, 20.795799600058114 ], [ -105.167017969953378, 20.794476169834319 ], [ -105.164633890146689, 20.793492419631523 ], [ -105.162275679732844, 20.792519280287053 ], [ -105.162891859932884, 20.791137200416593 ], [ -105.163552489924584, 20.789655400340735 ], [ -105.163575429631393, 20.789603950024134 ], [ -105.164298920277645, 20.787981150057441 ], [ -105.164912000113318, 20.786605999544811 ], [ -105.165652510275521, 20.784944939789661 ], [ -105.166351849912488, 20.783376179641451 ], [ -105.166367800103814, 20.783340419913387 ], [ -105.167055459868124, 20.781763580114141 ], [ -105.167459249839268, 20.780837680167462 ], [ -105.16780285984234, 20.780240319670547 ], [ -105.167815969687922, 20.780210219944884 ], [ -105.168496750111117, 20.778646750391797 ], [ -105.168851029610281, 20.777833150117964 ], [ -105.169168289646606, 20.777138420370687 ], [ -105.169210940058562, 20.777046110248232 ], [ -105.169785780213644, 20.775801489937514 ], [ -105.16988558023796, 20.775590539841609 ], [ -105.170631939545871, 20.774012690143977 ], [ -105.170671690157789, 20.773919079966017 ], [ -105.171315370066935, 20.77240278037624 ], [ -105.171937400460237, 20.770937509807929 ], [ -105.171946540224639, 20.770915969815448 ], [ -105.172606029578091, 20.76949022999348 ], [ -105.172619020336242, 20.7694621704171 ], [ -105.173371909679418, 20.767773579914749 ], [ -105.173396550268123, 20.76771138035766 ], [ -105.173478969947851, 20.767717310106903 ], [ -105.173816260055446, 20.767805379649051 ], [ -105.175953179731636, 20.768602279967794 ], [ -105.176050230453654, 20.768638460218 ], [ -105.178176940268798, 20.769632630375575 ], [ -105.178269540324294, 20.769669800316059 ], [ -105.179986489773881, 20.770358889861008 ], [ -105.180592970180143, 20.770589720228074 ], [ -105.182195219915869, 20.771199520015351 ], [ -105.182825380386049, 20.771450280121105 ], [ -105.183950149708849, 20.771897859883047 ], [ -105.185255740168458, 20.772420719585405 ], [ -105.187585019693415, 20.773353510327166 ], [ -105.187593460439402, 20.773334249576788 ], [ -105.187629030155748, 20.773348260339393 ], [ -105.187667230477501, 20.77336332034001 ], [ -105.187737169660934, 20.773391540222313 ], [ -105.190258819790358, 20.774408599953393 ], [ -105.192899229694831, 20.775473509669041 ], [ -105.194721949735026, 20.776208599776353 ], [ -105.196189280271611, 20.776800339793795 ], [ -105.19696114031143, 20.777171030393056 ], [ -105.197168660346733, 20.776825620394469 ], [ -105.19736562031099, 20.776516650433191 ], [ -105.197841219863079, 20.775795399628233 ], [ -105.198307739744052, 20.775198510124259 ], [ -105.19853698029425, 20.774730800129024 ], [ -105.198994979927093, 20.774280879841641 ], [ -105.19941935044541, 20.773933260095863 ], [ -105.200000109901666, 20.773593659871594 ], [ -105.200450369661326, 20.773324539684246 ], [ -105.200601000214505, 20.773212850337277 ], [ -105.200793420355268, 20.773070170377025 ], [ -105.201016379992126, 20.772624539601569 ], [ -105.200911059626662, 20.771798510160394 ], [ -105.200932909596077, 20.771523629681187 ], [ -105.200965719967144, 20.771110430449738 ], [ -105.201005339719401, 20.770611649598475 ], [ -105.201003799966173, 20.768904490082527 ], [ -105.201232719887017, 20.768232479580622 ], [ -105.201563350427833, 20.767719380185707 ], [ -105.201894249530184, 20.767217779736729 ], [ -105.202214570456931, 20.766785430046699 ], [ -105.202730119773989, 20.766325950275913 ], [ -105.203128199751092, 20.766076029737114 ], [ -105.203369120185414, 20.765909920165925 ], [ -105.20377998026855, 20.765682709796121 ], [ -105.204224750371992, 20.76550837989965 ], [ -105.204557000418717, 20.765286569629779 ], [ -105.205080509995483, 20.764866369854687 ], [ -105.205409350363581, 20.764501420251744 ], [ -105.205825489975609, 20.764144850141498 ], [ -105.2063095998748, 20.763899370370215 ], [ -105.20691925011765, 20.763896779868301 ], [ -105.207230770092266, 20.764129920448376 ], [ -105.207816980433719, 20.764563310428141 ], [ -105.208412229719755, 20.765328249693372 ], [ -105.208862220396611, 20.766080689893485 ], [ -105.208893250109639, 20.766105180316515 ], [ -105.208957200363713, 20.766155660209737 ], [ -105.209148370036701, 20.766306519769167 ], [ -105.209437629845979, 20.76653477980755 ], [ -105.209823519831545, 20.766574879717204 ], [ -105.210130579714829, 20.766536260123967 ], [ -105.210377970393324, 20.76639919967695 ], [ -105.210478800218127, 20.766343339665308 ], [ -105.210963740001247, 20.766132969743538 ], [ -105.211406119909341, 20.765923510188877 ], [ -105.212141339890479, 20.765487680106308 ], [ -105.212684429864652, 20.765035890084782 ], [ -105.213413919944472, 20.764360019798893 ], [ -105.213769519720003, 20.763932200212246 ], [ -105.214481050012424, 20.763396799867877 ], [ -105.215157599764169, 20.763182370225675 ], [ -105.215728659821252, 20.763010200254115 ], [ -105.216659279913671, 20.762730370074529 ], [ -105.217736290205366, 20.762604029920197 ], [ -105.218367919584864, 20.762356289871278 ], [ -105.218997690437703, 20.762030450286929 ], [ -105.219709339771526, 20.761650780014794 ], [ -105.220335980022568, 20.761194779612186 ], [ -105.220992320161059, 20.760308380282584 ], [ -105.221376770391501, 20.759459619771604 ], [ -105.221721780377777, 20.757851079796989 ], [ -105.2222609998352, 20.757239229601957 ], [ -105.222854220393856, 20.756164880040295 ], [ -105.223876230153735, 20.755360540375591 ], [ -105.22435546015879, 20.754816719775921 ], [ -105.225186450171876, 20.754001519558855 ], [ -105.225530420301808, 20.753611180407329 ], [ -105.225865659908237, 20.753425339632503 ], [ -105.226621659638027, 20.753217799556499 ], [ -105.227007889651276, 20.75289041959757 ], [ -105.227258000158116, 20.752553139573653 ], [ -105.227645450055121, 20.752276800157929 ], [ -105.228063149601368, 20.752073139680711 ], [ -105.228717569856315, 20.752038770343798 ], [ -105.229608200300106, 20.751835179884555 ], [ -105.230061230312472, 20.751599829608509 ], [ -105.230528340012867, 20.751391059609904 ], [ -105.230590310372676, 20.751363369942826 ], [ -105.230687940300285, 20.751319740182147 ], [ -105.230986679931405, 20.751026080190972 ], [ -105.231390630095049, 20.750565979859754 ], [ -105.23164623016325, 20.750293749892538 ], [ -105.231721179851007, 20.750199449851525 ], [ -105.232027859559537, 20.749813619841078 ], [ -105.232340089835887, 20.74936468040254 ], [ -105.232557089616392, 20.748985139806162 ], [ -105.232763489830091, 20.748718310307229 ], [ -105.233116550461645, 20.748542970283346 ], [ -105.233157779672851, 20.748522490054953 ], [ -105.233391449806064, 20.748284279570445 ], [ -105.233508319687758, 20.748165110404116 ], [ -105.233806279903078, 20.747833849870069 ], [ -105.233867340150908, 20.747784910164103 ], [ -105.234158599999219, 20.747551419934769 ], [ -105.234741089757748, 20.747439080184677 ], [ -105.23516617025517, 20.747417569995719 ], [ -105.23612864981267, 20.747622090200373 ], [ -105.237109249923051, 20.748026200079885 ], [ -105.237949380169866, 20.748120829560438 ], [ -105.23874788012715, 20.74814136992245 ], [ -105.239244570010257, 20.747883079932901 ], [ -105.239915779996821, 20.747351279865253 ], [ -105.239919659776604, 20.747142510131546 ], [ -105.239865619728818, 20.746284089631285 ], [ -105.239679689871068, 20.745288709871986 ], [ -105.239532650311304, 20.744116200273378 ], [ -105.239205829998042, 20.74277386037339 ], [ -105.238858370028652, 20.74155924992624 ], [ -105.238347829708914, 20.740301450247337 ], [ -105.237995419549321, 20.739464830293457 ], [ -105.237719060322831, 20.738727490324752 ], [ -105.237805629625498, 20.737518819787237 ], [ -105.238304940248355, 20.736364489943892 ], [ -105.238508749596505, 20.735225719803072 ], [ -105.238450890253617, 20.734148180079917 ], [ -105.238433569857193, 20.733163619656075 ], [ -105.238451400384463, 20.732264020403601 ], [ -105.238070019837537, 20.731354919752274 ], [ -105.23737274985605, 20.730132050106242 ], [ -105.237128170107795, 20.729147399775648 ], [ -105.236916310066064, 20.728234919684915 ], [ -105.236938020401197, 20.72753448962407 ], [ -105.237256370012418, 20.726888109737065 ], [ -105.237601310087001, 20.726574449890467 ], [ -105.238069229639379, 20.726274879671479 ], [ -105.238538889780301, 20.726047660222417 ], [ -105.239139799755236, 20.725938349842504 ], [ -105.239495169862238, 20.725950720307011 ], [ -105.240000859895559, 20.725968320059934 ], [ -105.240187150173426, 20.725995890412399 ], [ -105.240705030163156, 20.726072519730977 ], [ -105.240996549768283, 20.726115659786743 ], [ -105.241070459821458, 20.726126600191236 ], [ -105.24163213998483, 20.726341770117671 ], [ -105.24205544975797, 20.726503920155334 ], [ -105.242675110109218, 20.72661282002786 ], [ -105.243035510276016, 20.726676149609208 ], [ -105.243899480134431, 20.726821859949482 ], [ -105.243925140405693, 20.726826179822243 ], [ -105.243940340119408, 20.726821460328388 ], [ -105.244373569976389, 20.726687109819203 ], [ -105.244677139814399, 20.726592950085916 ], [ -105.244998079628331, 20.726055110035759 ], [ -105.245158770377955, 20.725521619614181 ], [ -105.245188319607564, 20.725423490095356 ], [ -105.24555203023742, 20.724749230356053 ], [ -105.245572970271709, 20.724607349600625 ], [ -105.245645459623901, 20.724115979893586 ], [ -105.245531489679507, 20.72347830968944 ], [ -105.245462750023677, 20.723093750212094 ], [ -105.245214780467634, 20.722284680117852 ], [ -105.245205520313462, 20.722254450167693 ], [ -105.244802740058034, 20.721523480418153 ], [ -105.244295819648258, 20.720757799726318 ], [ -105.244063849683613, 20.720504949613144 ], [ -105.243985970066262, 20.720420049546107 ], [ -105.243800150250877, 20.720160680359474 ], [ -105.243696509984218, 20.719741119984509 ], [ -105.243786659833916, 20.719307090077763 ], [ -105.243910620327142, 20.718487480194462 ], [ -105.243956880009293, 20.718272380441562 ], [ -105.244001080477375, 20.718066940325507 ], [ -105.244129430050947, 20.717429520092981 ], [ -105.24531008033658, 20.715054519765896 ], [ -105.246027489643097, 20.714322490444584 ], [ -105.246180720151258, 20.713886940143869 ], [ -105.246199029750215, 20.712940820375334 ], [ -105.245865659726761, 20.711886379824588 ], [ -105.245185690413095, 20.710935819625352 ], [ -105.244125079906638, 20.71037937969545 ], [ -105.243372340447621, 20.709817979792703 ], [ -105.242861970336449, 20.70892421990095 ], [ -105.242178539998193, 20.707775910129978 ], [ -105.24204353978989, 20.707120289954975 ], [ -105.241987549590263, 20.706333890371106 ], [ -105.242012800266266, 20.705658490237234 ], [ -105.242572660069612, 20.704241539812884 ], [ -105.243330490472417, 20.703524909818704 ], [ -105.24431236962819, 20.703447949964048 ], [ -105.245102549771417, 20.703622770167851 ], [ -105.246425889896159, 20.704132169588938 ], [ -105.248313570260578, 20.704661000299375 ], [ -105.248655399836892, 20.704756770115896 ], [ -105.249380749807116, 20.704860939836767 ], [ -105.250441650270972, 20.705013280328103 ], [ -105.251893170259038, 20.705034060217152 ], [ -105.252876580051691, 20.70490809021873 ], [ -105.253915480116419, 20.704434779807205 ], [ -105.254782939668289, 20.703708309821444 ], [ -105.25594701998763, 20.702766200007456 ], [ -105.256397969643658, 20.701786049742189 ], [ -105.256792059691819, 20.700596399849275 ], [ -105.256899600022351, 20.699726200382695 ], [ -105.256929219937504, 20.699486659716037 ], [ -105.256734280208775, 20.697585430336243 ], [ -105.256354369823214, 20.696046920399048 ], [ -105.256256800329027, 20.695336999851385 ], [ -105.256546679751963, 20.694563489863 ], [ -105.257154850117402, 20.693914289856977 ], [ -105.25794955005, 20.693563879842561 ], [ -105.258797659556066, 20.693393139786671 ], [ -105.259403000410757, 20.693156030345651 ], [ -105.2598305796717, 20.692964749556957 ], [ -105.260607219743775, 20.692415749654501 ], [ -105.261291079797957, 20.691728629891514 ], [ -105.262078020159208, 20.690448819822802 ], [ -105.262474030053355, 20.689634879872216 ], [ -105.262683879595741, 20.689191770335526 ], [ -105.26261856963157, 20.688945949988714 ], [ -105.262389820282067, 20.688607920108314 ], [ -105.262165910152547, 20.687818340164327 ], [ -105.261942309736426, 20.687542419874493 ], [ -105.261566740206248, 20.687241969672268 ], [ -105.261285420438654, 20.687077429689552 ], [ -105.261029259872899, 20.686963800312707 ], [ -105.260832649546671, 20.68689471044204 ], [ -105.260642050195131, 20.686669739586353 ], [ -105.260545379585878, 20.686470480430845 ], [ -105.260462849998817, 20.686167220370255 ], [ -105.260265420094925, 20.685628419875613 ], [ -105.260274970358822, 20.684975229629085 ], [ -105.260278490296557, 20.684556139895303 ], [ -105.260314380392742, 20.684009419947909 ], [ -105.260340519683155, 20.683477450148224 ], [ -105.260328349632701, 20.682570620005109 ], [ -105.260250450380482, 20.681362850325083 ], [ -105.26034365973274, 20.680783619733326 ], [ -105.260616200416067, 20.680365479679189 ], [ -105.260865619551069, 20.68017205012131 ], [ -105.261252289767413, 20.679816179590404 ], [ -105.261730310005731, 20.679660120322232 ], [ -105.26244030954058, 20.679395520176165 ], [ -105.262947060379503, 20.679393830194389 ], [ -105.263334050028803, 20.679275579803242 ], [ -105.263843830387231, 20.679060979807868 ], [ -105.264351260110459, 20.678914550208244 ], [ -105.264713509597868, 20.678744569597548 ], [ -105.264987079870991, 20.678695620207694 ], [ -105.265313710099988, 20.678727180083861 ], [ -105.26573117021843, 20.678857740343478 ], [ -105.265977089718135, 20.679049850297076 ], [ -105.266208489887049, 20.679250650033371 ], [ -105.266352830315768, 20.67957739974921 ], [ -105.26651578048083, 20.679867110112273 ], [ -105.266862480144198, 20.680097890391291 ], [ -105.267249030435138, 20.680364480323405 ], [ -105.267751150131119, 20.680647750364987 ], [ -105.268400539652703, 20.681142380164552 ], [ -105.269371400293608, 20.681844549804108 ], [ -105.270289480266015, 20.682471420124816 ], [ -105.271122849961685, 20.683072249780096 ], [ -105.272079690350765, 20.683618179688377 ], [ -105.27242322992204, 20.683840180012151 ], [ -105.272744180409248, 20.683799659567601 ], [ -105.272899629966034, 20.683636229926279 ], [ -105.273180420038528, 20.68340681977638 ], [ -105.273598920139875, 20.682973120313193 ], [ -105.274029939518869, 20.682736400019223 ], [ -105.27439242970074, 20.682696309985403 ], [ -105.274889200350685, 20.682785979780022 ], [ -105.275374350223245, 20.683032509934748 ], [ -105.275485979925989, 20.683063490003537 ], [ -105.275780110072887, 20.683146259572812 ], [ -105.276001919886767, 20.683069460156613 ], [ -105.27642691024144, 20.682783599718846 ], [ -105.276830179529611, 20.682516890216018 ], [ -105.277557820089612, 20.682306710299788 ], [ -105.2784050895592, 20.681981719787448 ], [ -105.278885599530568, 20.681389260202216 ], [ -105.278932150055695, 20.681334720423177 ], [ -105.278955419642458, 20.681253969755815 ], [ -105.279379689779987, 20.67989723009423 ], [ -105.279349779778002, 20.679180980295715 ], [ -105.279221340442774, 20.678525599977171 ], [ -105.279080689543505, 20.677882250370793 ], [ -105.278879310453888, 20.677310710388152 ], [ -105.278717950046683, 20.676844090319765 ], [ -105.278619370089089, 20.676387859820991 ], [ -105.278394419620156, 20.675875600071219 ], [ -105.278005969748818, 20.675672149862528 ], [ -105.27654557037549, 20.675533859907915 ], [ -105.275986850217308, 20.675562420163978 ], [ -105.275351799649698, 20.675669740399595 ], [ -105.274721120430058, 20.675683310078146 ], [ -105.274360949960112, 20.675622340030287 ], [ -105.274242800081836, 20.675406320231211 ], [ -105.274194019630286, 20.675038939718846 ], [ -105.274209970165117, 20.674326690388934 ], [ -105.274271739828833, 20.674063709667852 ], [ -105.274354450272966, 20.673711599847795 ], [ -105.274534740020727, 20.673455019808049 ], [ -105.275263319842267, 20.672701459999118 ], [ -105.275550619692169, 20.672404339658577 ], [ -105.276334939577808, 20.671994739838198 ], [ -105.276738799859729, 20.671908620006089 ], [ -105.277064719569793, 20.671985380036606 ], [ -105.277245520365213, 20.672071030364883 ], [ -105.277748940485736, 20.672259090370243 ], [ -105.278254379869423, 20.672414650453298 ], [ -105.278834369812046, 20.672369419640464 ], [ -105.279290550349899, 20.672369310104251 ], [ -105.279667080474738, 20.672489950017077 ], [ -105.280002139903573, 20.672699279911701 ], [ -105.280320709674385, 20.672996749584303 ], [ -105.280422490023398, 20.673184850066519 ], [ -105.280534150369803, 20.673252749643293 ], [ -105.28075852008466, 20.673247920424433 ], [ -105.280999290188106, 20.673197250402058 ], [ -105.281125449510213, 20.67307431958956 ], [ -105.281217769771644, 20.673055719778066 ], [ -105.281425580056748, 20.673059549759557 ], [ -105.281560890319568, 20.672990169744995 ], [ -105.281606450301098, 20.67286457041952 ], [ -105.28155361976556, 20.672691249714493 ], [ -105.281334999576941, 20.672425950426014 ], [ -105.281157046813519, 20.672127216412928 ], [ -105.281759297004285, 20.672296412561913 ], [ -105.282903737488965, 20.672973488567042 ], [ -105.284101584750317, 20.67353994303631 ], [ -105.285062916849384, 20.674775848285062 ], [ -105.285543583796169, 20.675679890706274 ], [ -105.287954543337193, 20.678674290548955 ], [ -105.289510986588098, 20.680930581094707 ], [ -105.290357876440069, 20.682671911979206 ], [ -105.291307254659785, 20.683735837341448 ], [ -105.291783260162603, 20.684496829647166 ], [ -105.292203750624012, 20.68526106287344 ], [ -105.292341579011293, 20.685670127558069 ], [ -105.292597013252774, 20.685936028204061 ], [ -105.293690880415582, 20.68756782980552 ], [ -105.294009460062412, 20.687939510403123 ], [ -105.294444857923594, 20.68840436835562 ], [ -105.294454983857975, 20.688431841882693 ], [ -105.295286360656675, 20.68948231547586 ], [ -105.295300889798412, 20.689532109799138 ], [ -105.295588859627912, 20.69022985014735 ], [ -105.296140849744432, 20.691559120339605 ], [ -105.296427449776843, 20.692200750065911 ], [ -105.296867880098702, 20.693100310242848 ], [ -105.297420519680244, 20.694293310259134 ], [ -105.297716649767366, 20.695118570059975 ], [ -105.298253850094753, 20.696599150028288 ], [ -105.29879052012781, 20.698058030297059 ], [ -105.299387750364104, 20.699914510320255 ], [ -105.300296080398454, 20.702476689638544 ], [ -105.301270849696806, 20.705128309887982 ], [ -105.302219059954567, 20.707438890243861 ], [ -105.303175749838289, 20.70970561965601 ], [ -105.30445719968418, 20.712869479587962 ], [ -105.305122180161391, 20.714502400357929 ], [ -105.305903549783636, 20.716375060050535 ], [ -105.30655185013336, 20.717874850386195 ], [ -105.307023539570153, 20.718820420010289 ], [ -105.307189800292988, 20.719153689842113 ], [ -105.307840600468168, 20.720398030080684 ], [ -105.308634910230566, 20.721864089864564 ], [ -105.30931765972106, 20.723069539956033 ], [ -105.309898570418426, 20.724052169985423 ], [ -105.310704889959453, 20.725278509883832 ], [ -105.311145719544626, 20.726000849982224 ], [ -105.31146996953602, 20.726486149901991 ], [ -105.311839750218709, 20.727097910041728 ], [ -105.312350150306457, 20.727868549942837 ], [ -105.313235689747231, 20.729104020094013 ], [ -105.313478520199226, 20.729452890205884 ], [ -105.31459042967191, 20.730908620423705 ], [ -105.315116980093066, 20.731588200356864 ], [ -105.315790740288904, 20.732405229920985 ], [ -105.31620245975526, 20.732897279598944 ], [ -105.317039249911517, 20.733843149818725 ], [ -105.317573419570152, 20.734457780415109 ], [ -105.317695019648312, 20.734521799828173 ], [ -105.318121799911239, 20.735065339559764 ], [ -105.318370749738264, 20.735288830075444 ], [ -105.319173150126446, 20.736310720077295 ], [ -105.319673180364944, 20.736844029799737 ], [ -105.320707850211164, 20.737946659595959 ], [ -105.322279540174094, 20.73960762962351 ], [ -105.322822619697874, 20.740209089770346 ], [ -105.323604519821302, 20.740966910055516 ], [ -105.324237720456566, 20.741682999815254 ], [ -105.325215060476978, 20.742692060322966 ], [ -105.32722173957265, 20.744642030137619 ], [ -105.327676370050568, 20.745085849840443 ], [ -105.327707370386648, 20.745116110151066 ], [ -105.327738950035126, 20.745146940329288 ], [ -105.328294979666538, 20.745689719979566 ], [ -105.329101629810424, 20.746494570317633 ], [ -105.329900619618428, 20.74718670969262 ], [ -105.33041402037766, 20.747637579932192 ], [ -105.330558019723213, 20.747764050175913 ], [ -105.331267509710088, 20.748350719835226 ], [ -105.331804349734426, 20.748832519928289 ], [ -105.331981600145198, 20.748991620217936 ], [ -105.332743120045123, 20.749646289723696 ], [ -105.33330561992075, 20.75010042968394 ], [ -105.333667139609204, 20.75039649013334 ], [ -105.334112120437041, 20.75076089027181 ], [ -105.334909659852798, 20.751350029822877 ], [ -105.335311260156232, 20.751613339972565 ], [ -105.335708779846229, 20.751898339883954 ], [ -105.336817109588978, 20.752606320220881 ], [ -105.337843260310009, 20.753231690033498 ], [ -105.338009749777299, 20.753275570189611 ], [ -105.338325400254277, 20.75340685976435 ], [ -105.338480549994742, 20.753550319887992 ], [ -105.338714679954393, 20.753726139604431 ], [ -105.338983379745599, 20.754003370413884 ], [ -105.33953330981609, 20.754532909757891 ], [ -105.339888139863703, 20.754879119881128 ], [ -105.340151799624309, 20.755136380423171 ], [ -105.340955369989658, 20.755863460343249 ], [ -105.342181829598303, 20.756747430122463 ], [ -105.342917290411904, 20.757269200125979 ], [ -105.343775510414716, 20.757822749609129 ], [ -105.344692649585426, 20.758375000170634 ], [ -105.345749880193395, 20.75893898022419 ], [ -105.346418949886285, 20.759256660353035 ], [ -105.346796649560034, 20.759439140408912 ], [ -105.348120949613673, 20.759897419743758 ], [ -105.348878749808037, 20.760096169773423 ], [ -105.349550119952951, 20.760241449550378 ], [ -105.34979466029074, 20.760334540067504 ], [ -105.350748619705996, 20.760522829643609 ], [ -105.350960890442607, 20.760635089741154 ], [ -105.351245479727197, 20.760758080053883 ], [ -105.351421089787763, 20.760860229824605 ], [ -105.351910940473246, 20.761077180085131 ], [ -105.352795079620066, 20.761353150216877 ], [ -105.354130830328998, 20.761625340202169 ], [ -105.354484919996963, 20.76164832004034 ], [ -105.354760949890192, 20.761691479883737 ], [ -105.354919219885275, 20.761737249781895 ], [ -105.355283419870688, 20.76176697022996 ], [ -105.355545139616439, 20.761761219901839 ], [ -105.355821489685965, 20.761816680125673 ], [ -105.356019630456686, 20.761886149992353 ], [ -105.356362480113248, 20.761983229837039 ], [ -105.356552689893718, 20.761997509758334 ], [ -105.35685108969129, 20.76215094012592 ], [ -105.357261679900105, 20.762338860063455 ], [ -105.358008110143558, 20.762605520157305 ], [ -105.358442880405676, 20.762712880088745 ], [ -105.358576893287321, 20.762729205532835 ], [ -105.358894727967751, 20.762855065504425 ], [ -105.360756347873476, 20.762906556460802 ], [ -105.363159667368194, 20.762567056477071 ], [ -105.365135728417073, 20.761767906710226 ], [ -105.365982609215479, 20.76063308138281 ], [ -105.365791865208323, 20.759280830698952 ], [ -105.366272525917324, 20.758205131629886 ], [ -105.367416962845297, 20.757751199244748 ], [ -105.368729250726901, 20.757295359124395 ], [ -105.369927093546252, 20.756452344436163 ], [ -105.370712936556586, 20.754978026035477 ], [ -105.371361446619318, 20.753394993891174 ], [ -105.371117295857673, 20.752159086561388 ], [ -105.371549142682852, 20.751311940686261 ], [ -105.371616049672852, 20.751279659830733 ], [ -105.371884140388218, 20.751267570067206 ], [ -105.37227031002034, 20.751265179773551 ], [ -105.372675490400894, 20.751237750267634 ], [ -105.372822334609083, 20.751153192744784 ], [ -105.373345133165813, 20.751304625402003 ], [ -105.373886988591494, 20.751293161002568 ], [ -105.374233520181122, 20.751430320346053 ], [ -105.374832829599299, 20.751522289656265 ], [ -105.375341680110537, 20.75153435014801 ], [ -105.375598179638757, 20.751540430006795 ], [ -105.376154859883812, 20.751478709905804 ], [ -105.376388889922239, 20.75145274985611 ], [ -105.377002460300915, 20.751294019881385 ], [ -105.377056199734028, 20.751280119972552 ], [ -105.37706810838047, 20.751272065858906 ], [ -105.37746511120767, 20.751285541210244 ], [ -105.379166509764431, 20.751346568939326 ], [ -105.38047879675463, 20.750610360801172 ], [ -105.381325678448675, 20.749759718040643 ], [ -105.381501154879984, 20.748458962517379 ], [ -105.38143248357369, 20.746877839660304 ], [ -105.38185210954174, 20.746425816576576 ], [ -105.383049953237816, 20.745861262652742 ], [ -105.384003650602935, 20.745460734240218 ], [ -105.386292524278048, 20.744499466051284 ], [ -105.386564799920521, 20.744282026555908 ], [ -105.386700180045779, 20.74421899996933 ], [ -105.387121169841592, 20.743909889966307 ], [ -105.387189740062482, 20.743794679643237 ], [ -105.387193494455431, 20.74377994630942 ], [ -105.387429330173774, 20.743591604522262 ], [ -105.387726879854355, 20.742235537969613 ], [ -105.388321984395532, 20.741159838602886 ], [ -105.388859865256833, 20.740826524876859 ], [ -105.388920980364503, 20.740853579886501 ], [ -105.389273349927606, 20.740876749854955 ], [ -105.389462414810907, 20.740858404339978 ], [ -105.389763975826625, 20.740875652015916 ], [ -105.390778710795743, 20.740757398717225 ], [ -105.391808703360951, 20.740139441835261 ], [ -105.392937880559174, 20.739513855614348 ], [ -105.396180451040919, 20.737978497869459 ], [ -105.397439330907474, 20.737244197157938 ], [ -105.397912362022083, 20.736168498140216 ], [ -105.398397526075001, 20.735920799841644 ], [ -105.398443919902704, 20.735980800108361 ], [ -105.398642079757948, 20.735948320084972 ], [ -105.398730029619415, 20.735885549879221 ], [ -105.398875520087131, 20.735737320273476 ], [ -105.398880499547118, 20.735674217541536 ], [ -105.399354352018449, 20.735432289652099 ], [ -105.400179676865903, 20.735429382165606 ], [ -105.400243199820252, 20.735511060336052 ], [ -105.40039540046692, 20.735629259782197 ], [ -105.40069736952654, 20.735571079557019 ], [ -105.400769940097504, 20.735489949774529 ], [ -105.400842331800334, 20.735469202276526 ], [ -105.401692948236601, 20.735554833006088 ], [ -105.401651950065158, 20.735744280220484 ], [ -105.401876539705313, 20.735964000102548 ], [ -105.40235379971071, 20.736267659662161 ], [ -105.402570570424089, 20.736341399802104 ], [ -105.402829289544798, 20.736343109969368 ], [ -105.403253350373106, 20.736273769646992 ], [ -105.403346649908386, 20.736185630079341 ], [ -105.403445183713828, 20.736139681010091 ], [ -105.403863441792055, 20.736271473796752 ], [ -105.403974586789431, 20.736323149301139 ], [ -105.404310089968675, 20.736602740011101 ], [ -105.40494190961104, 20.736880489931998 ], [ -105.40548708985682, 20.737036689853156 ], [ -105.40585802972015, 20.737069549723692 ], [ -105.406247720251201, 20.737057109959487 ], [ -105.406384479571074, 20.736956769618565 ], [ -105.406474546713468, 20.73682750242963 ], [ -105.407167055047978, 20.736652917619054 ], [ -105.407601914893618, 20.736595599123383 ], [ -105.407747689973192, 20.736649520442992 ], [ -105.407940880109066, 20.736577849905725 ], [ -105.40809942008859, 20.736551859899333 ], [ -105.408212490240359, 20.736616680345712 ], [ -105.408336920016239, 20.736658799586245 ], [ -105.408470089623549, 20.736621910206349 ], [ -105.408694569562144, 20.736504019610102 ], [ -105.40872671808377, 20.736460793063863 ], [ -105.410463036418093, 20.736309600605555 ], [ -105.410468584618442, 20.736307915789464 ], [ -105.410584720077566, 20.736319279919478 ], [ -105.410904819849662, 20.736294020008458 ], [ -105.411186890335841, 20.736209449949808 ], [ -105.411344639384296, 20.736041882138409 ], [ -105.411599844088286, 20.735964382379624 ], [ -105.412145522402241, 20.735501839986295 ], [ -105.412164140245252, 20.735536180058691 ], [ -105.412898649947536, 20.735917819870441 ], [ -105.413332890234642, 20.736095060213575 ], [ -105.41343074986267, 20.736159220243181 ], [ -105.413670849603804, 20.736268429896491 ], [ -105.413896750182332, 20.736323679943094 ], [ -105.414007739903042, 20.736399599802731 ], [ -105.414128769794331, 20.736537230082742 ], [ -105.414818400394608, 20.736919850053038 ], [ -105.415481939688902, 20.737284949920078 ], [ -105.416198000399291, 20.737697119728711 ], [ -105.416316910319821, 20.737833170001547 ], [ -105.416431849543045, 20.737812510184838 ], [ -105.417272249993005, 20.738253740276431 ], [ -105.417955800064576, 20.738648550232487 ], [ -105.418086309875477, 20.738736090274593 ], [ -105.418369620250814, 20.738777979561029 ], [ -105.418541660018036, 20.738944350321436 ], [ -105.419554179700881, 20.739663490223698 ], [ -105.419919630277363, 20.739908600400739 ], [ -105.420079539605823, 20.740105680150371 ], [ -105.421058030269464, 20.740747150323262 ], [ -105.421147199725283, 20.740812149574808 ], [ -105.42193542973385, 20.741386710286211 ], [ -105.423004169817503, 20.742044250286209 ], [ -105.423941000196322, 20.742559980065174 ], [ -105.424320310399182, 20.742734799681514 ], [ -105.426089279707909, 20.743684180435405 ], [ -105.427691020277464, 20.744490080412891 ], [ -105.428602049848692, 20.744978679668055 ], [ -105.429797079790902, 20.745673709651715 ], [ -105.431064139767543, 20.746343850190001 ], [ -105.43176423007074, 20.746690939893615 ], [ -105.432217660366732, 20.746996659549776 ], [ -105.432745320183443, 20.747358480367538 ], [ -105.43312491009813, 20.747561140050948 ], [ -105.434152169588756, 20.747780380211235 ], [ -105.434893739755438, 20.747872520127398 ], [ -105.435089340171317, 20.747871521383296 ], [ -105.435932674257373, 20.748014595254698 ], [ -105.436359680388506, 20.748142250095686 ], [ -105.437260459893054, 20.748303290170011 ], [ -105.437427180046598, 20.748299519892466 ], [ -105.437648019950998, 20.748324369651233 ], [ -105.438705630246218, 20.748707319641849 ], [ -105.439830250372196, 20.749059339853272 ], [ -105.440134659578831, 20.749092310385638 ], [ -105.440338489727949, 20.749112220250968 ], [ -105.44045211021394, 20.749070430315513 ], [ -105.440512379787563, 20.748980850038038 ], [ -105.440614890718834, 20.748915472211191 ], [ -105.440752544854362, 20.748941334455587 ], [ -105.441538391074118, 20.748485495810524 ], [ -105.441805889570915, 20.748462946212189 ], [ -105.44200511953926, 20.748558999586681 ], [ -105.442613020036106, 20.748682510196854 ], [ -105.443120289789022, 20.748744570364657 ], [ -105.443391089854458, 20.748733550146937 ], [ -105.443574090117295, 20.748675399598472 ], [ -105.443747349631352, 20.748519549959298 ], [ -105.444081399703521, 20.748330660448239 ], [ -105.444318689624012, 20.748232170195752 ], [ -105.444336305499064, 20.748154744044001 ], [ -105.44435370833051, 20.74814408738845 ], [ -105.444778298808956, 20.74800971747306 ], [ -105.445040029851583, 20.748103139961131 ], [ -105.445227379769136, 20.748294949623773 ], [ -105.445172709635827, 20.748399120082901 ], [ -105.445312430150835, 20.74856260005112 ], [ -105.44586177010369, 20.748963780305992 ], [ -105.446949479834018, 20.749502830041774 ], [ -105.447635650161942, 20.749629459939591 ], [ -105.44792662964781, 20.749694778337901 ], [ -105.448565246962744, 20.749877779824157 ], [ -105.449698574085971, 20.750186573008847 ], [ -105.450775600353651, 20.75058451027736 ], [ -105.451803740231156, 20.750991799788 ], [ -105.452924519948752, 20.751482489773103 ], [ -105.454008779864992, 20.751759780006118 ], [ -105.454310219849518, 20.75180165030606 ], [ -105.455488540132677, 20.751990799599476 ], [ -105.456090659915674, 20.752045309983597 ], [ -105.456086688761573, 20.752019042046069 ], [ -105.456386744638365, 20.752087302115076 ], [ -105.456353680221184, 20.752204880021246 ], [ -105.456431879853398, 20.752427079832113 ], [ -105.456706489749536, 20.752635059986265 ], [ -105.45705107983504, 20.752744090406821 ], [ -105.457282228589364, 20.752684162971768 ], [ -105.457846885163889, 20.752800465602906 ], [ -105.457854479939613, 20.752832520108392 ], [ -105.457977872394764, 20.752827444790217 ], [ -105.458361648852076, 20.752906489779946 ], [ -105.458614192757324, 20.752801270381095 ], [ -105.458909800372766, 20.752789109947319 ], [ -105.459143650129633, 20.752618260256884 ], [ -105.459178209980749, 20.752566277273921 ], [ -105.459322975790911, 20.752505961335409 ], [ -105.459673934725856, 20.751826973855096 ], [ -105.459938592270859, 20.751701545072248 ], [ -105.460148200205879, 20.75180674036444 ], [ -105.460123889688987, 20.752070199694799 ], [ -105.460286889624115, 20.752368350171057 ], [ -105.461105290054391, 20.752778220448587 ], [ -105.461244780294976, 20.752895020291753 ], [ -105.461899309897859, 20.753376750317596 ], [ -105.462530380128001, 20.75375192019057 ], [ -105.462883580255308, 20.753792579948822 ], [ -105.463100758478745, 20.75382065244721 ], [ -105.4633956762504, 20.754069760929426 ], [ -105.463391450088295, 20.754209489667453 ], [ -105.463271720212816, 20.75438747973908 ], [ -105.463328739672932, 20.754590660092113 ], [ -105.463514841793142, 20.754854672971959 ], [ -105.463526887357148, 20.755033076206637 ], [ -105.463810658304553, 20.755133852860585 ], [ -105.463926659700817, 20.755212510011248 ], [ -105.464082313041501, 20.755230326009602 ], [ -105.464488216655013, 20.755374474014481 ], [ -105.465930210398227, 20.755822677333807 ], [ -105.466554593324219, 20.755792052506489 ], [ -105.466603770279789, 20.755804060326209 ], [ -105.466651505835117, 20.755787298896688 ], [ -105.467135685269412, 20.755763548712668 ], [ -105.467447646541615, 20.75570074205784 ], [ -105.467600220344309, 20.755749949866932 ], [ -105.467983219821548, 20.755741250181615 ], [ -105.468434939764805, 20.755584909757339 ], [ -105.468429758154855, 20.755383467672935 ], [ -105.468867599419568, 20.754962492355478 ], [ -105.469699149231829, 20.75468532565688 ], [ -105.470732200389435, 20.754997350225338 ], [ -105.471377489630342, 20.755118980285783 ], [ -105.471810999976427, 20.755060429845631 ], [ -105.472065145123679, 20.75494129269925 ], [ -105.472773948398498, 20.754781291143139 ], [ -105.473552165029446, 20.754327359779595 ], [ -105.47451348983536, 20.753257381167252 ], [ -105.474549955175661, 20.753233534541053 ], [ -105.474758169941722, 20.753120520065121 ], [ -105.474940183559411, 20.752978342390183 ], [ -105.475467186472031, 20.752633702687298 ], [ -105.47592722297405, 20.752416476665378 ], [ -105.475995629605364, 20.75250806017198 ], [ -105.476042819979654, 20.752730949619018 ], [ -105.476234400012771, 20.75293105968937 ], [ -105.476365139991074, 20.753181249666536 ], [ -105.476265879772683, 20.75331411043361 ], [ -105.476520830410379, 20.753561459673325 ], [ -105.476601319595346, 20.753871229887281 ], [ -105.476780550440793, 20.75399371987589 ], [ -105.476898750482263, 20.753757340274468 ], [ -105.477007992652148, 20.753706883366583 ], [ -105.477153329760782, 20.753930638431168 ], [ -105.477580588691453, 20.754542869431042 ], [ -105.478595324734286, 20.754766016628906 ], [ -105.478826020517417, 20.754811383734996 ], [ -105.478894379808978, 20.754831599705039 ], [ -105.478912507247756, 20.754828391545626 ], [ -105.479739763795578, 20.754991070726927 ], [ -105.480945238323983, 20.754825135239486 ], [ -105.481805080340607, 20.755131545128311 ], [ -105.481808230162642, 20.755253710074598 ], [ -105.481878879767777, 20.755583149909466 ], [ -105.481958879869083, 20.755873449560529 ], [ -105.482143650054866, 20.756210049857788 ], [ -105.483155859652598, 20.757193799626741 ], [ -105.48384154028416, 20.75767475014387 ], [ -105.484715569814426, 20.758229279673085 ], [ -105.485407320207401, 20.758544540095929 ], [ -105.485834628633157, 20.758597988914282 ], [ -105.486027188932283, 20.758680701457362 ], [ -105.486076630415724, 20.758792139819448 ], [ -105.486308139892074, 20.758932909983393 ], [ -105.48649773999378, 20.759055150404066 ], [ -105.486796139679456, 20.759379400322242 ], [ -105.487043830394441, 20.759344519894526 ], [ -105.487385689768161, 20.759346449814021 ], [ -105.487472780182202, 20.759509979907818 ], [ -105.487600280071803, 20.75963365962637 ], [ -105.488201940387754, 20.759668569903699 ], [ -105.488238220358056, 20.759738709978127 ], [ -105.488632580410908, 20.759768630036273 ], [ -105.48884592018274, 20.760007180213577 ], [ -105.489185490423139, 20.760320750127487 ], [ -105.489509889668554, 20.760848879568833 ], [ -105.489762339927879, 20.761398139892329 ], [ -105.490136489581744, 20.76184722962434 ], [ -105.490441980066947, 20.762044719714616 ], [ -105.490954120154328, 20.762381740101741 ], [ -105.492053849766833, 20.762936289870137 ], [ -105.49219734984402, 20.763079879836493 ], [ -105.492568739767009, 20.763450140240714 ], [ -105.493077910051156, 20.763664479699067 ], [ -105.493657969920719, 20.763836709881495 ], [ -105.493696450281973, 20.763735340224859 ], [ -105.494485940182713, 20.764057349567384 ], [ -105.49462365033942, 20.764240720338272 ], [ -105.495676109933527, 20.764873630367088 ], [ -105.496997570471351, 20.765732259808434 ], [ -105.497331889647072, 20.765941029767593 ], [ -105.497688600300535, 20.766236679756972 ], [ -105.498698999521622, 20.767148819680664 ], [ -105.499156599547518, 20.767354750440486 ], [ -105.49941114995886, 20.767341169595461 ], [ -105.499661510442394, 20.767482290442132 ], [ -105.49991024957022, 20.767561620257553 ], [ -105.500070200226617, 20.767704819592517 ], [ -105.500383690347647, 20.767743979988619 ], [ -105.500513370415945, 20.767671449995387 ], [ -105.500712920351432, 20.767684779981877 ], [ -105.50100420042358, 20.767616110103592 ], [ -105.501196539982075, 20.767687460355415 ], [ -105.501317259798938, 20.767540049656347 ], [ -105.501507980396369, 20.767549450016244 ], [ -105.501642110410955, 20.767635889949492 ], [ -105.501977849629128, 20.767869229776011 ], [ -105.502279089634371, 20.768112250273411 ], [ -105.502533580179929, 20.768319909722539 ], [ -105.502748419622762, 20.768411379834639 ], [ -105.502884320048324, 20.768566660104266 ], [ -105.503082020118356, 20.768562120321789 ], [ -105.503373660402275, 20.768789579867146 ], [ -105.503517619700048, 20.768972230172999 ], [ -105.503771380001396, 20.769152349728408 ], [ -105.50405462955564, 20.769338680064781 ], [ -105.504323289927896, 20.769450690340044 ], [ -105.504966049868997, 20.76965630998227 ], [ -105.505678799917177, 20.770018709663056 ], [ -105.50619653992247, 20.770206520377528 ], [ -105.50651248032851, 20.770240579657358 ], [ -105.507075220088524, 20.770468689759994 ], [ -105.507288259898246, 20.770665619941958 ], [ -105.508154090032022, 20.770996940246349 ], [ -105.50897240041256, 20.771191599594736 ], [ -105.509314229513876, 20.771376569719557 ], [ -105.50967874962835, 20.77158856985254 ], [ -105.510213400241966, 20.771784140149244 ], [ -105.510325974469964, 20.771810054333042 ], [ -105.511021133671093, 20.772291787379949 ], [ -105.512699643051732, 20.772232657411877 ], [ -105.514622299619219, 20.772280333619698 ], [ -105.515751476822985, 20.771666190953475 ], [ -105.517262135209052, 20.771595617865767 ], [ -105.518765164419719, 20.771654738850167 ], [ -105.520497079099925, 20.771025336358118 ], [ -105.521878030910244, 20.769839013345475 ], [ -105.523219867969274, 20.768681691604638 ], [ -105.523256170341384, 20.768666059602019 ], [ -105.523370420468879, 20.768586880398303 ], [ -105.52352365021207, 20.768441200034957 ], [ -105.523723510178044, 20.768299889778927 ], [ -105.523901120102721, 20.768197380221988 ], [ -105.52405818831177, 20.768007600850002 ], [ -105.526966954584822, 20.766035911668894 ], [ -105.52876753339946, 20.764729429755363 ], [ -105.530919069899156, 20.762356785474321 ], [ -105.531811727466263, 20.760998809964686 ], [ -105.53204060915408, 20.759125874667049 ], [ -105.532345789105932, 20.757996772673014 ], [ -105.533124005549027, 20.757487530606937 ], [ -105.533851026614172, 20.757363178941485 ], [ -105.534278787887843, 20.757348742762545 ], [ -105.534694212439803, 20.757451898835004 ], [ -105.534913179589793, 20.757599719560105 ], [ -105.535089629646805, 20.757805890369472 ], [ -105.53513798043457, 20.758144910137531 ], [ -105.535095689877593, 20.758573250354225 ], [ -105.535161569953672, 20.758832710232561 ], [ -105.535270400294777, 20.759143230284952 ], [ -105.535623769955322, 20.759779200126992 ], [ -105.535887731305621, 20.760130425321027 ], [ -105.536076666901039, 20.760758482471832 ], [ -105.536374223030847, 20.761435560858676 ], [ -105.536976961267456, 20.761658709211179 ], [ -105.538060363952525, 20.761990570334746 ], [ -105.538149608011352, 20.7620422715027 ], [ -105.538244659761688, 20.762315459607542 ], [ -105.538216949895457, 20.762610419755259 ], [ -105.538065280238712, 20.762921520234983 ], [ -105.537830879725789, 20.763443420116626 ], [ -105.537735599815278, 20.763639979778961 ], [ -105.537738080272973, 20.763734320356338 ], [ -105.537736979856277, 20.763917599816104 ], [ -105.537584050315559, 20.764393170236062 ], [ -105.537526139791794, 20.765021350308956 ], [ -105.53754273955532, 20.765654020101849 ], [ -105.537586770396857, 20.766048649632623 ], [ -105.53768652042686, 20.76631140010937 ], [ -105.53780957983345, 20.766830799607607 ], [ -105.538122279626094, 20.767519889766788 ], [ -105.538336019724895, 20.767965970446134 ], [ -105.538634909751607, 20.768449649909826 ], [ -105.538794120248554, 20.769058950330152 ], [ -105.538710089995888, 20.76938534037912 ], [ -105.538717769591983, 20.769677939911272 ], [ -105.538840110175272, 20.769849180232239 ], [ -105.538888819953826, 20.770101280275192 ], [ -105.538987370024898, 20.770328460447473 ], [ -105.539180340333857, 20.770624679656361 ], [ -105.53932954830772, 20.770758180216241 ], [ -105.539322293252468, 20.770800052412046 ], [ -105.538691350433069, 20.771237419635998 ], [ -105.538401029806934, 20.771716630376673 ], [ -105.538325079543071, 20.771901980162312 ], [ -105.538117089954511, 20.771932119918958 ], [ -105.538022200452943, 20.771909000046783 ], [ -105.537847200016245, 20.771913060124916 ], [ -105.537740319560385, 20.772013680159294 ], [ -105.537375849938869, 20.772496939853269 ], [ -105.537164280407964, 20.772647460033042 ], [ -105.537113749794216, 20.77277525018048 ], [ -105.536994090232696, 20.772835000136979 ], [ -105.536649820269389, 20.773317799630732 ], [ -105.536544509910613, 20.773668429627623 ], [ -105.536280089539659, 20.773858150233345 ], [ -105.536183449786208, 20.774024999805722 ], [ -105.535777579971835, 20.77428357997476 ], [ -105.535298620459059, 20.774509939742092 ], [ -105.535053460453369, 20.774920800128971 ], [ -105.534875540222174, 20.775070539765913 ], [ -105.534666120201578, 20.775303289998341 ], [ -105.534550260070603, 20.775508569912066 ], [ -105.534505250354187, 20.775878909844163 ], [ -105.534520109979539, 20.776188770057836 ], [ -105.534650709871784, 20.776546600195424 ], [ -105.534172139959622, 20.776532369565583 ], [ -105.533809179943802, 20.776559779995491 ], [ -105.533516369879763, 20.776696080026369 ], [ -105.53317700001665, 20.776929479852303 ], [ -105.532853479753314, 20.777444089808419 ], [ -105.532277169883358, 20.778421169674409 ], [ -105.531974220001246, 20.778608249555351 ], [ -105.531600769919223, 20.778976999900621 ], [ -105.531315540137754, 20.779317980316279 ], [ -105.531131850150842, 20.779618030343308 ], [ -105.530926180109347, 20.780124369560109 ], [ -105.530866570130399, 20.780460139616672 ], [ -105.53094337991736, 20.78077002003041 ], [ -105.531060349838313, 20.781056660039262 ], [ -105.531250510318998, 20.781264460029512 ], [ -105.531434150223603, 20.781485279681998 ], [ -105.531034819775442, 20.781648859798235 ], [ -105.530618660231383, 20.781954290420636 ], [ -105.530265540363018, 20.782316140151462 ], [ -105.529924820428434, 20.782889909911461 ], [ -105.529744629804554, 20.783243629879813 ], [ -105.529853583521827, 20.783473334032408 ], [ -105.529850994922015, 20.783475938896721 ], [ -105.529860736518899, 20.783562631617684 ], [ -105.529748120413785, 20.783708889966494 ], [ -105.52979409026959, 20.783805800303998 ], [ -105.529649939592545, 20.783939750446862 ], [ -105.52992490266189, 20.78413365827841 ], [ -105.530000742248021, 20.784808563151067 ], [ -105.529961170313413, 20.784879570188998 ], [ -105.529600860226154, 20.78505120032046 ], [ -105.529334970003717, 20.785179819806022 ], [ -105.529158029769476, 20.785387999553759 ], [ -105.52865056988189, 20.785579350296011 ], [ -105.528451180123696, 20.78562706007709 ], [ -105.52809042980995, 20.786783949942468 ], [ -105.528202890126195, 20.787138679865215 ], [ -105.528283370209692, 20.787327280014214 ], [ -105.528426680263536, 20.787614919988989 ], [ -105.528460489923503, 20.787869370079225 ], [ -105.528304549576063, 20.787929139989405 ], [ -105.528013459521077, 20.788012430010834 ], [ -105.527862879548678, 20.788018819577466 ], [ -105.527555140437528, 20.787997060211595 ], [ -105.527317199763672, 20.788060309586708 ], [ -105.527118800358252, 20.788162380286732 ], [ -105.526951350060429, 20.788454250015665 ], [ -105.526905309539487, 20.788702140377534 ], [ -105.526781379796773, 20.788984750451803 ], [ -105.526590739677545, 20.789126380131993 ], [ -105.526141000201818, 20.789301419900887 ], [ -105.525803579534326, 20.789376089587552 ], [ -105.525595090167897, 20.789566120046718 ], [ -105.525319199543659, 20.789690829716708 ], [ -105.525047569913909, 20.789769119814196 ], [ -105.524756200290184, 20.789930199603891 ], [ -105.524337539806638, 20.790306549601098 ], [ -105.523841380332925, 20.790590689969775 ], [ -105.523411780303604, 20.790698370114139 ], [ -105.523076079604067, 20.790628949834343 ], [ -105.522241089929949, 20.790514479697325 ], [ -105.522121620467232, 20.790597830089894 ], [ -105.521947313985919, 20.790903742625286 ], [ -105.521649210702165, 20.790954350066773 ], [ -105.5211856420852, 20.791245696251103 ], [ -105.521027059779584, 20.791153630350095 ], [ -105.52089192030553, 20.791287049576887 ], [ -105.520760221282416, 20.791513064790468 ], [ -105.520565811245717, 20.791635246912644 ], [ -105.519551076474045, 20.791810718207223 ], [ -105.519070409113624, 20.790792239789432 ], [ -105.518879665433033, 20.789554425021311 ], [ -105.518505822702082, 20.789307541599651 ], [ -105.518427849778277, 20.789072969726885 ], [ -105.518321290294949, 20.788819799753469 ], [ -105.518056229622871, 20.788628059742624 ], [ -105.517366940082269, 20.788312249743768 ], [ -105.517184619927164, 20.788205889567543 ], [ -105.5170326503561, 20.788314139776844 ], [ -105.516951600242166, 20.788292739678845 ], [ -105.516673570270711, 20.788078019723372 ], [ -105.516588429543901, 20.787899569832316 ], [ -105.516450940015147, 20.787850369667641 ], [ -105.516121580010434, 20.787566980368315 ], [ -105.51584175036291, 20.787282460168608 ], [ -105.515714349989139, 20.787145739632706 ], [ -105.515596859932714, 20.786825429905893 ], [ -105.515079740184376, 20.78622631000875 ], [ -105.514799480394601, 20.786162940336048 ], [ -105.514506080027161, 20.786070769807001 ], [ -105.514397250036964, 20.785933620303823 ], [ -105.514180079623046, 20.785915339849858 ], [ -105.513947220236517, 20.786007999868556 ], [ -105.513718717410001, 20.786008791765521 ], [ -105.512920942415477, 20.785162009432572 ], [ -105.512863843326414, 20.785042562641561 ], [ -105.512799510374251, 20.78453646009525 ], [ -105.512801599796646, 20.784379280297021 ], [ -105.512652620009192, 20.784126660177755 ], [ -105.512450979532346, 20.783991650399962 ], [ -105.512164779762415, 20.783462850170046 ], [ -105.511983690401607, 20.783403000417835 ], [ -105.511662060393803, 20.78313291971056 ], [ -105.510698620139635, 20.782723889798447 ], [ -105.51026313963547, 20.782601250212213 ], [ -105.509696479799032, 20.782523080118597 ], [ -105.509358420278616, 20.782414770092505 ], [ -105.508800579829938, 20.782336380108156 ], [ -105.508051350149131, 20.782361920149132 ], [ -105.50725611019611, 20.782313880098428 ], [ -105.506343749808664, 20.782584419742914 ], [ -105.505347890230865, 20.782963879936887 ], [ -105.505210260458966, 20.783099719876805 ], [ -105.504474799839798, 20.783315649962965 ], [ -105.504152030067175, 20.78345573960673 ], [ -105.503713970430397, 20.783573619581077 ], [ -105.503152619853196, 20.78376231998665 ], [ -105.502706379748403, 20.783905259634711 ], [ -105.502227709686707, 20.784156739617366 ], [ -105.501314830421705, 20.784675249658449 ], [ -105.500971420472325, 20.784907220138038 ], [ -105.500806689655334, 20.784936919690413 ], [ -105.500714459898461, 20.784996080251727 ], [ -105.500683400440067, 20.785074549649593 ], [ -105.500618229788074, 20.7851403998487 ], [ -105.500347680068188, 20.785316539596291 ], [ -105.50043543008367, 20.785669150212421 ], [ -105.500441179670815, 20.785890679711724 ], [ -105.500358420325355, 20.786032949560504 ], [ -105.50008806043131, 20.785913550369905 ], [ -105.500043090086947, 20.785801779673108 ], [ -105.499674340242265, 20.785985800109717 ], [ -105.499539449805013, 20.786090519882087 ], [ -105.499532369691138, 20.786196940278092 ], [ -105.499500029628436, 20.786276220146391 ], [ -105.499296349961625, 20.786382520306848 ], [ -105.499182660218551, 20.786357420029081 ], [ -105.499129109804997, 20.786566519779448 ], [ -105.49902141954793, 20.786607419653222 ], [ -105.49902357005773, 20.786690520277222 ], [ -105.498926519797678, 20.786738939667657 ], [ -105.498845780236408, 20.786847050338107 ], [ -105.498643079735857, 20.786800879637283 ], [ -105.498659489746885, 20.786865180146808 ], [ -105.498628689844764, 20.787004480154824 ], [ -105.498519079670928, 20.787136340194536 ], [ -105.498374710109317, 20.787065740012082 ], [ -105.498237659622006, 20.787087350067232 ], [ -105.498201000430626, 20.787189830386602 ], [ -105.498273230287779, 20.787322139693909 ], [ -105.498269279649676, 20.7875485996218 ], [ -105.498096519817366, 20.78770963033098 ], [ -105.497947720214256, 20.787657599744634 ], [ -105.49783071967363, 20.787679949961493 ], [ -105.49752007981202, 20.788143460349232 ], [ -105.497396379767792, 20.788114520401223 ], [ -105.497196680362947, 20.788116219782165 ], [ -105.497059970183884, 20.788058689824865 ], [ -105.497021249608437, 20.788105800160199 ], [ -105.496889019573857, 20.788339909727341 ], [ -105.496666979965809, 20.788310339803449 ], [ -105.496414999772355, 20.78819191977313 ], [ -105.49633933987748, 20.788118549708322 ], [ -105.496106769679599, 20.788167540357705 ], [ -105.495388000183695, 20.788536080252367 ], [ -105.49518540021613, 20.788639950104219 ], [ -105.494153460001826, 20.789307120068912 ], [ -105.49383115019468, 20.789565229851405 ], [ -105.492642259682285, 20.790695650330658 ], [ -105.491661059857265, 20.79165688968359 ], [ -105.490225109605376, 20.79325501993544 ], [ -105.489248150394459, 20.794330420174585 ], [ -105.488934819917333, 20.794692220008216 ], [ -105.488164419713641, 20.795503779946131 ], [ -105.487291629789127, 20.796538170005185 ], [ -105.486680520256783, 20.79732103014662 ], [ -105.486075320365146, 20.798355060085267 ], [ -105.484921850323147, 20.800232020248178 ], [ -105.483766920052204, 20.80233942043003 ], [ -105.483260979856993, 20.803449749760553 ], [ -105.482785719641555, 20.804329780129731 ], [ -105.482731080099867, 20.804623539873472 ], [ -105.482601150200736, 20.804919510021239 ], [ -105.482477660216972, 20.805200829852012 ], [ -105.482152920245241, 20.805616539818363 ], [ -105.481952550487208, 20.805873050266801 ], [ -105.480560709852369, 20.80815654988228 ], [ -105.480370139867787, 20.808353119712116 ], [ -105.480270600302347, 20.808631180298523 ], [ -105.480025350137993, 20.809121510264326 ], [ -105.47944279981634, 20.810167799653552 ], [ -105.479433720348979, 20.81038925031827 ], [ -105.479248309989813, 20.810864520374228 ], [ -105.479056230427034, 20.811081199841308 ], [ -105.478896140412985, 20.811443110063745 ], [ -105.478902479620146, 20.81168844987965 ], [ -105.478950169665012, 20.811978120200219 ], [ -105.478780600055217, 20.812431060186633 ], [ -105.47869012042672, 20.812611320051744 ], [ -105.478445489715824, 20.812713719675873 ], [ -105.478326310332378, 20.812885880096236 ], [ -105.478340220477477, 20.813025950345143 ], [ -105.478421079516849, 20.813164489971278 ], [ -105.478410980111022, 20.813372890183292 ], [ -105.478384779555128, 20.813583399910595 ], [ -105.478241090273656, 20.813804540128825 ], [ -105.478004489547146, 20.81401808981483 ], [ -105.477536450032929, 20.814246619800347 ], [ -105.477291029695323, 20.814518479694698 ], [ -105.477232770365745, 20.814780319806452 ], [ -105.476773950235767, 20.816033000116633 ], [ -105.47647787977688, 20.816684020195979 ], [ -105.476267969678631, 20.817443619775176 ], [ -105.476269939741343, 20.817738689773062 ], [ -105.476267569646254, 20.817752659998092 ], [ -105.476237820412194, 20.817927139992051 ], [ -105.476309690091796, 20.817965480031074 ], [ -105.476350339570843, 20.817987140062925 ], [ -105.476434540067245, 20.818096459631398 ], [ -105.476350490183236, 20.818171480064205 ], [ -105.47628266013335, 20.81823202034504 ], [ -105.47628428017272, 20.818294550086531 ], [ -105.476375249606562, 20.81829653993708 ], [ -105.476439720235987, 20.818297949591003 ], [ -105.476749150151861, 20.818534249817258 ], [ -105.477168059942457, 20.818712400357139 ], [ -105.477216910094441, 20.818885110399769 ], [ -105.476912220332991, 20.819406519649792 ], [ -105.476663969818944, 20.819417619938889 ], [ -105.476594460193084, 20.819420719877542 ], [ -105.476516709993646, 20.819561540091122 ], [ -105.476561649554185, 20.819613199673849 ], [ -105.476700527242372, 20.819772876238293 ], [ -105.476518882808463, 20.819944675063049 ], [ -105.476155969528151, 20.819917379798934 ], [ -105.475995619973119, 20.8200114201139 ], [ -105.476001169773383, 20.820226819960936 ], [ -105.475893479865448, 20.820354419673414 ], [ -105.475750849878992, 20.820274250077247 ], [ -105.475496889665038, 20.820467739731168 ], [ -105.475355859880779, 20.820450090067652 ], [ -105.475312659618808, 20.82057406013487 ], [ -105.475028619971553, 20.820755090434339 ], [ -105.47490005038793, 20.820780110169007 ], [ -105.474926940030684, 20.820911950303309 ], [ -105.474999350083706, 20.82109802981201 ], [ -105.475065310241391, 20.82126751977707 ], [ -105.474966293839074, 20.821666351997859 ], [ -105.474780744024258, 20.821812131619939 ], [ -105.474705000686797, 20.821949078851958 ], [ -105.474188120314579, 20.822354249848019 ], [ -105.473973540259053, 20.822232200141723 ], [ -105.473480310320497, 20.822349259715967 ], [ -105.473196200463576, 20.822893629618992 ], [ -105.4732786801614, 20.823317579720449 ], [ -105.473128629896721, 20.823511510409165 ], [ -105.473122819798448, 20.823782979678239 ], [ -105.473000510081476, 20.824038079587368 ], [ -105.472987000120398, 20.824066229721215 ], [ -105.47303557045602, 20.824175049958917 ], [ -105.47310088953742, 20.824321380100109 ], [ -105.473341632411916, 20.824577179422558 ], [ -105.473109873965143, 20.824924793764374 ], [ -105.472683434228216, 20.825216421704678 ], [ -105.472502480265931, 20.825164280289506 ], [ -105.472434162622619, 20.825405416193014 ], [ -105.472041735834978, 20.826282769877178 ], [ -105.471818948933262, 20.826573613197059 ], [ -105.471707110119539, 20.826644289832426 ], [ -105.471601510233327, 20.826637030355514 ], [ -105.471400829694119, 20.826623249963788 ], [ -105.471275579780183, 20.826682149628112 ], [ -105.471245920236271, 20.826826179750203 ], [ -105.471162260014466, 20.827232429949436 ], [ -105.471035569873933, 20.828104170039886 ], [ -105.471068682110271, 20.82811395098501 ], [ -105.471019377408453, 20.82831973241311 ], [ -105.471019377584824, 20.828374916230505 ], [ -105.470936460162648, 20.82830963007223 ], [ -105.470870280064389, 20.828402980401979 ], [ -105.470094719704292, 20.828929079731804 ], [ -105.469995020126674, 20.829143200422521 ], [ -105.470004819570619, 20.829524320015352 ], [ -105.469939399900966, 20.829610550259666 ], [ -105.469772169565616, 20.829536679910692 ], [ -105.469753049709226, 20.829425969589316 ], [ -105.469053380460835, 20.829689049995945 ], [ -105.468811629806595, 20.830224180023496 ], [ -105.468860320273322, 20.83036431008329 ], [ -105.46904839982912, 20.830663690317873 ], [ -105.469075480134336, 20.830839619887072 ], [ -105.469219220300701, 20.830880479605526 ], [ -105.469500939968924, 20.831022369654292 ], [ -105.469671090151877, 20.831209169654922 ], [ -105.469261970331388, 20.831373830416606 ], [ -105.469164450181466, 20.831672649641252 ], [ -105.468605849769688, 20.831868950431918 ], [ -105.468410339834293, 20.831832120307752 ], [ -105.468371740118769, 20.831824850271033 ], [ -105.468341490167518, 20.831880819589649 ], [ -105.468221079754855, 20.832103679802263 ], [ -105.467940850099126, 20.832344779821927 ], [ -105.467633369978202, 20.832662489685248 ], [ -105.467464539649058, 20.833111230310738 ], [ -105.467412259938897, 20.833416079963378 ], [ -105.466937460190508, 20.833949429790351 ], [ -105.466998029803676, 20.83410700017297 ], [ -105.466776780259153, 20.834339770374729 ], [ -105.466562080364668, 20.834237890173256 ], [ -105.466394739746661, 20.834505030326966 ], [ -105.466184889913237, 20.834887019719282 ], [ -105.466181890141314, 20.83506500041555 ], [ -105.466394949634562, 20.835102860304673 ], [ -105.466364619901071, 20.835395350081541 ], [ -105.466033460334131, 20.835772970280992 ], [ -105.465903479936614, 20.835742080382609 ], [ -105.465509770090847, 20.836348799692871 ], [ -105.465415579848099, 20.836822969804615 ], [ -105.465379850058056, 20.837200999771749 ], [ -105.465597119616319, 20.837402460417316 ], [ -105.465447400037419, 20.838060630240278 ], [ -105.465284879856299, 20.83822090992496 ], [ -105.465267649757266, 20.838434820097341 ], [ -105.465145740357045, 20.838725660316083 ], [ -105.464902139748688, 20.838973180030848 ], [ -105.464819340190246, 20.839288220332886 ], [ -105.464870350164617, 20.8397994897072 ], [ -105.465401420213922, 20.840420859644247 ], [ -105.465481429680295, 20.840592060367332 ], [ -105.465183479783505, 20.841082780011678 ], [ -105.464710260290033, 20.840944079953367 ], [ -105.464494939729107, 20.841112659921855 ], [ -105.464174450266242, 20.84161103020304 ], [ -105.464053510345835, 20.842242290098458 ], [ -105.463981490385734, 20.842977000176518 ], [ -105.464082719935746, 20.843212970038191 ], [ -105.463952430275214, 20.843487379850412 ], [ -105.463726119568832, 20.843528120416476 ], [ -105.463604579950214, 20.843725090401108 ], [ -105.462369019741658, 20.846885260390103 ], [ -105.462329920012664, 20.847027229819133 ], [ -105.462290489621125, 20.847170459926037 ], [ -105.462275549599653, 20.847224739810031 ], [ -105.462138830077919, 20.847721379899255 ], [ -105.461912570462999, 20.848543259702655 ], [ -105.461905940240356, 20.848567340218953 ], [ -105.461899849652255, 20.848596420267643 ], [ -105.461697450270563, 20.849561509622522 ], [ -105.461692180195058, 20.849586570164451 ], [ -105.461762779662308, 20.849673480459 ], [ -105.461842970282206, 20.849772170308412 ], [ -105.462319879681345, 20.850324890393125 ], [ -105.462535949940772, 20.850730580437023 ], [ -105.462320119555514, 20.851001150398471 ], [ -105.462283689872621, 20.851251550339619 ], [ -105.46238679983955, 20.851595400072181 ], [ -105.462034949980904, 20.851909310147189 ], [ -105.461663600299346, 20.851796970065898 ], [ -105.461369849969074, 20.852037110136859 ], [ -105.46136768999277, 20.852286739636195 ], [ -105.461190649847936, 20.852733550355214 ], [ -105.461067050298297, 20.853259650266736 ], [ -105.46109439979557, 20.853452800091908 ], [ -105.46111275003544, 20.853677260291938 ], [ -105.461069079791955, 20.853938630428562 ], [ -105.460392380367026, 20.854569429848905 ], [ -105.460360999588644, 20.854818689906512 ], [ -105.460103579581542, 20.855096749665208 ], [ -105.459933080176256, 20.855325490002922 ], [ -105.459683909543358, 20.855536079725152 ], [ -105.459275850350423, 20.855344120298128 ], [ -105.458911320197828, 20.855376059555162 ], [ -105.458637369975008, 20.855500630380725 ], [ -105.458492050473367, 20.855728800025741 ], [ -105.458285579550662, 20.856029380455208 ], [ -105.458025740401894, 20.856212800052738 ], [ -105.457902249675286, 20.856310290012441 ], [ -105.457759349931663, 20.856633090342193 ], [ -105.457766029744633, 20.856893320441998 ], [ -105.457688220097793, 20.857297490408357 ], [ -105.457539369609705, 20.85762719965691 ], [ -105.45745963015942, 20.857803800397747 ], [ -105.456985119821411, 20.85796843018359 ], [ -105.456622110461936, 20.858059510101231 ], [ -105.456345569541142, 20.858574709993707 ], [ -105.456135000020851, 20.859206750096931 ], [ -105.455960050391809, 20.859764920348365 ], [ -105.455530939646692, 20.861015309672425 ], [ -105.455245579688366, 20.861961540391782 ], [ -105.455018139543938, 20.862690149717444 ], [ -105.455062780121466, 20.862878260371811 ], [ -105.455189829948111, 20.863188629587547 ], [ -105.455561140189417, 20.863426349660507 ], [ -105.455420600394334, 20.863519029863955 ], [ -105.455458459652732, 20.863756849772486 ], [ -105.455371370457229, 20.863766279748887 ], [ -105.455319850003534, 20.863924080088111 ], [ -105.455327380259121, 20.864224620077643 ], [ -105.455065819719096, 20.86517030969237 ], [ -105.455055679871336, 20.86539429042277 ], [ -105.454922120441296, 20.865449519693477 ], [ -105.454832060038484, 20.865652939960196 ], [ -105.454764949583407, 20.865844020071282 ], [ -105.454708540335545, 20.866121249587867 ], [ -105.454734630247017, 20.866210150367213 ], [ -105.455035289557031, 20.866479310074837 ], [ -105.454953550041424, 20.86669745964026 ], [ -105.454844949702334, 20.866796879871675 ], [ -105.454775829969435, 20.866887940400662 ], [ -105.454796660338786, 20.867081400366821 ], [ -105.454678980257654, 20.867136259868861 ], [ -105.454691690421356, 20.86732243001434 ], [ -105.454696090039405, 20.867493879901698 ], [ -105.454596179943749, 20.867622940113733 ], [ -105.454593400423775, 20.867824380443388 ], [ -105.454533550233648, 20.867967450154033 ], [ -105.454247520257823, 20.867959000041655 ], [ -105.454012139535777, 20.868068750355377 ], [ -105.453861950377032, 20.868415980283935 ], [ -105.453778450213932, 20.868882089876973 ], [ -105.453710220242911, 20.869068259604816 ], [ -105.453627450231039, 20.869344449880174 ], [ -105.453687889580081, 20.869511889988125 ], [ -105.453659220247673, 20.869707719644619 ], [ -105.453738250110163, 20.869943310386954 ], [ -105.453733919559795, 20.87021245012226 ], [ -105.45371175007871, 20.870431309923713 ], [ -105.453869349923039, 20.870665120230981 ], [ -105.453807949583734, 20.870898629744662 ], [ -105.453624969730072, 20.87120871991926 ], [ -105.453631460402462, 20.871461779898194 ], [ -105.453591830154124, 20.871668419739713 ], [ -105.453411419923938, 20.871875120155515 ], [ -105.453232550384712, 20.872564939837837 ], [ -105.453153970153835, 20.872566720255488 ], [ -105.453020490248448, 20.872617220147724 ], [ -105.452984449919384, 20.872744629877211 ], [ -105.452989580005166, 20.872944969841136 ], [ -105.452851720110814, 20.873271889614916 ], [ -105.452645879560919, 20.873566690375036 ], [ -105.452600769585914, 20.873778710180712 ], [ -105.452638489967484, 20.873936119858147 ], [ -105.45274986034245, 20.874118229720867 ], [ -105.452875349750926, 20.874194519562497 ], [ -105.452674696594485, 20.874441575108573 ], [ -105.452540660299121, 20.8745061294394 ], [ -105.451998961087241, 20.875011556380269 ], [ -105.451606397361843, 20.875628856780338 ], [ -105.451520379992232, 20.8757251095603 ], [ -105.451410632150086, 20.875804422905212 ], [ -105.45086215558814, 20.876037668540032 ], [ -105.450251785018665, 20.874963879678024 ], [ -105.449946597106333, 20.873605907366237 ], [ -105.44887082233808, 20.872762898971335 ], [ -105.448778326749064, 20.872759311665359 ], [ -105.448755199954576, 20.87265518018145 ], [ -105.448561150098286, 20.872532969925842 ], [ -105.448268229739313, 20.87249737979613 ], [ -105.448128260063498, 20.872294819720207 ], [ -105.447567030131736, 20.872391279816618 ], [ -105.447391969732521, 20.872353030095745 ], [ -105.447184260264763, 20.872136170293501 ], [ -105.446271600084287, 20.872381749572963 ], [ -105.44626401971648, 20.872383780170502 ], [ -105.446301660372143, 20.872563599655489 ], [ -105.446244920421847, 20.87276008030539 ], [ -105.446005232748533, 20.872872707905525 ], [ -105.445620615760092, 20.872263204547036 ], [ -105.445193354093377, 20.870802240235911 ], [ -105.444170986266855, 20.869902013720377 ], [ -105.443158833208187, 20.870067370534755 ], [ -105.442950880354715, 20.870060579818382 ], [ -105.442514599859322, 20.870128459883546 ], [ -105.442203019571323, 20.870241000171543 ], [ -105.441910630046223, 20.870226489685695 ], [ -105.441437059575676, 20.870454949699159 ], [ -105.440640599565455, 20.870931860325484 ], [ -105.440432850352224, 20.871152820333801 ], [ -105.440078119779059, 20.871604940232938 ], [ -105.439501850294391, 20.871908079900614 ], [ -105.439112199781945, 20.872043460295586 ], [ -105.438369519628566, 20.872272319801713 ], [ -105.438046150449196, 20.872364019979781 ], [ -105.437728000411127, 20.872439749638204 ], [ -105.437092749757255, 20.872633419621742 ], [ -105.436589110362107, 20.872952319580175 ], [ -105.435681549643135, 20.87358715031543 ], [ -105.43543225961615, 20.873858780046078 ], [ -105.434818940443918, 20.874398320255942 ], [ -105.433985800005445, 20.875376320344099 ], [ -105.433278649575186, 20.876202969572915 ], [ -105.432724219605717, 20.876937509990469 ], [ -105.432569319648593, 20.877107770063311 ], [ -105.432074660454603, 20.877651449666022 ], [ -105.432027509921369, 20.877703260440661 ], [ -105.431649380021867, 20.878212150115722 ], [ -105.431529510211604, 20.878366680118646 ], [ -105.430982260316711, 20.879072140149216 ], [ -105.430465060188794, 20.879945169946282 ], [ -105.430462179588972, 20.880097260264531 ], [ -105.430508569600391, 20.880330569637071 ], [ -105.430193800224274, 20.880679680222908 ], [ -105.430152689851425, 20.880948569937186 ], [ -105.429798739599491, 20.881083220166406 ], [ -105.429701830063095, 20.881250079611188 ], [ -105.429591290465197, 20.881410909547078 ], [ -105.4295842601761, 20.881664430408371 ], [ -105.429233540107191, 20.881925660035797 ], [ -105.428897850114012, 20.881983880377497 ], [ -105.428274850039955, 20.882409580049092 ], [ -105.428124580285115, 20.88264396969938 ], [ -105.426583090011647, 20.885203310278364 ], [ -105.425592030116007, 20.886802720256597 ], [ -105.425297920286212, 20.88747731981049 ], [ -105.424588280235994, 20.889047779777851 ], [ -105.423929170404904, 20.890443380082669 ], [ -105.423201080325995, 20.891817510242674 ], [ -105.422824489944162, 20.892655710015891 ], [ -105.422427970024046, 20.893502820117504 ], [ -105.422216819686597, 20.893950939945036 ], [ -105.421971780447052, 20.8943934800708 ], [ -105.421697820179261, 20.894794459726839 ], [ -105.421004289867682, 20.895899450316168 ], [ -105.420798309572163, 20.896590280405434 ], [ -105.421113019746969, 20.896766909592571 ], [ -105.42124125000241, 20.897036400152562 ], [ -105.421424490118966, 20.897082969727176 ], [ -105.421493693609392, 20.89724921874787 ], [ -105.421061050226243, 20.897906461594147 ], [ -105.420884810676242, 20.897906859387913 ], [ -105.420849369625174, 20.897856200232557 ], [ -105.420561019820511, 20.897853629585757 ], [ -105.420354980365119, 20.897686770441794 ], [ -105.420189860267115, 20.897239179834717 ], [ -105.419915679523768, 20.897037739612202 ], [ -105.419511169546851, 20.897001679745475 ], [ -105.419093169828912, 20.897191549586029 ], [ -105.41858529011013, 20.897627139852979 ], [ -105.417834120457627, 20.898758200435527 ], [ -105.416966769867287, 20.900555679708738 ], [ -105.416512119532911, 20.901090370006798 ], [ -105.415939339999809, 20.90176397008927 ], [ -105.415346140103139, 20.903004740402466 ], [ -105.413620830134462, 20.907004450081985 ], [ -105.412811509883483, 20.908697369883384 ], [ -105.412164880457865, 20.909901940406055 ], [ -105.411553580213379, 20.911008910327627 ], [ -105.411435260169696, 20.911258319785233 ], [ -105.411213800459009, 20.911725120347942 ], [ -105.411734260218353, 20.912031460173488 ], [ -105.411743000426029, 20.912376509800641 ], [ -105.411477119835553, 20.912573230182566 ], [ -105.411529580462201, 20.913117150188789 ], [ -105.411278889579648, 20.913588539617184 ], [ -105.410990450083119, 20.914040140223538 ], [ -105.410213539013725, 20.915299181943141 ], [ -105.410051609097835, 20.915443801496767 ], [ -105.410046565546949, 20.91546307992245 ], [ -105.409821450393267, 20.915649880225537 ], [ -105.409939620151619, 20.915871865802437 ], [ -105.409815094725658, 20.916347846152007 ], [ -105.409212359525611, 20.917082145187486 ], [ -105.408619324500606, 20.917457712993055 ], [ -105.408570649782206, 20.917449379678025 ], [ -105.408398230267466, 20.917556139736185 ], [ -105.408336743645009, 20.917636669327472 ], [ -105.407953479851031, 20.917879385849691 ], [ -105.406938747563785, 20.918842557947407 ], [ -105.406917290015159, 20.919124480017349 ], [ -105.406453379516947, 20.919930599618116 ], [ -105.405888599893814, 20.920933460212716 ], [ -105.405927939711503, 20.921341420296582 ], [ -105.406041649901113, 20.921629600207883 ], [ -105.405607460221304, 20.921675630415724 ], [ -105.40543191011966, 20.921663579761177 ], [ -105.404391169550919, 20.923740020097 ], [ -105.404436490440716, 20.924002480188463 ], [ -105.404325250447485, 20.924577310259824 ], [ -105.40409708952761, 20.924736850062715 ], [ -105.403873820400236, 20.924791459666363 ], [ -105.402886149742855, 20.927439049998572 ], [ -105.402487380462887, 20.92773866002689 ], [ -105.402386549619365, 20.928016380015354 ], [ -105.402021060375304, 20.92925099959643 ], [ -105.401794229686757, 20.929846580078245 ], [ -105.40176748013323, 20.930319619873039 ], [ -105.401787379776678, 20.930553109982618 ], [ -105.401835690379954, 20.931119829542226 ], [ -105.401726079957541, 20.931376650043461 ], [ -105.401340659911739, 20.93143975026226 ], [ -105.401004519734073, 20.931538089613948 ], [ -105.400596779927483, 20.931483580432932 ], [ -105.400417879992105, 20.931678350318425 ], [ -105.400025319888854, 20.931841549749148 ], [ -105.399716109625615, 20.931857519676864 ], [ -105.399343579610914, 20.932047520077816 ], [ -105.399014799543792, 20.932054849637307 ], [ -105.39872792042236, 20.932188419663582 ], [ -105.398378889868539, 20.932159849680382 ], [ -105.398130890079969, 20.932095549913129 ], [ -105.397863709536395, 20.931964969749856 ], [ -105.397339150310799, 20.932305349595413 ], [ -105.397164739848137, 20.932508690314755 ], [ -105.397029259733415, 20.932688709702028 ], [ -105.396783449578294, 20.932764970270313 ], [ -105.396604520378077, 20.932930779563719 ], [ -105.396219379685405, 20.933247829739159 ], [ -105.395744400417612, 20.933632620168911 ], [ -105.395412460005346, 20.933710780235725 ], [ -105.394826939880502, 20.933847720221902 ], [ -105.394373490347306, 20.934024660091236 ], [ -105.393851779541905, 20.933933580304053 ], [ -105.393384020035569, 20.934085170047496 ], [ -105.39319620009347, 20.933954570375018 ], [ -105.393009950042298, 20.93396087977872 ], [ -105.391591350040557, 20.935436350212346 ], [ -105.391410279863578, 20.935844679972298 ], [ -105.391347449981197, 20.936064279838366 ], [ -105.391467429954105, 20.936480709659094 ], [ -105.391251220397109, 20.93685132035548 ], [ -105.390842289881036, 20.937168450242968 ], [ -105.390354659767311, 20.937346140265355 ], [ -105.390354047159903, 20.937345996885075 ], [ -105.389848525563863, 20.936952095247136 ], [ -105.38975283607671, 20.936964925971044 ], [ -105.389720549596262, 20.936753000113431 ], [ -105.389717250427438, 20.936731370060059 ], [ -105.389318999601386, 20.936522719855891 ], [ -105.388989030326186, 20.936446620190736 ], [ -105.388955919862227, 20.936452320189513 ], [ -105.388689600414381, 20.936498179573267 ], [ -105.388310310466821, 20.936634970427928 ], [ -105.387484950313549, 20.937243689552421 ], [ -105.386768519746454, 20.93810671022241 ], [ -105.386054319600959, 20.939059519980528 ], [ -105.385816779741987, 20.939453030254889 ], [ -105.385441059972493, 20.940276399654042 ], [ -105.385099449571555, 20.940870630269607 ], [ -105.385028429601107, 20.941308600369361 ], [ -105.384804020452094, 20.941897569779087 ], [ -105.384769089762699, 20.942411749723011 ], [ -105.384621970104689, 20.942812910240487 ], [ -105.38433514952699, 20.943095219581309 ], [ -105.383980050406109, 20.943379050313901 ], [ -105.383784400384243, 20.943507220317098 ], [ -105.383564229935857, 20.94399339998936 ], [ -105.383508550030612, 20.944225679869163 ], [ -105.383139509874425, 20.944227430252205 ], [ -105.382936720051006, 20.944374449817364 ], [ -105.382798740249953, 20.944595709806457 ], [ -105.382589379568842, 20.944696600070312 ], [ -105.382205720403775, 20.944660180249276 ], [ -105.381789179671998, 20.944675829837571 ], [ -105.381466510252551, 20.944618800082019 ], [ -105.381236979567745, 20.944732979837863 ], [ -105.381064520075327, 20.944942170180937 ], [ -105.380898250391056, 20.945125539604661 ], [ -105.380710546224094, 20.945133774492849 ], [ -105.380433638279882, 20.945048465410533 ], [ -105.380301836363344, 20.945033159512732 ], [ -105.379980019595948, 20.944896970106502 ], [ -105.379624769715164, 20.944782679605424 ], [ -105.379336830424734, 20.944758509587071 ], [ -105.37898452022651, 20.944761219860062 ], [ -105.378609720237137, 20.94494768000898 ], [ -105.378324980080762, 20.94505069019656 ], [ -105.377988539654069, 20.945135910240971 ], [ -105.377194089768054, 20.94523491996469 ], [ -105.376796829607713, 20.945391340248538 ], [ -105.376347949932807, 20.945650680239332 ], [ -105.375605110179535, 20.946345850167781 ], [ -105.375187630119356, 20.946777549816716 ], [ -105.374939979667076, 20.947063000202188 ], [ -105.374794139827728, 20.94730037039653 ], [ -105.374669249561308, 20.947549339620661 ], [ -105.374338540221828, 20.947765339651568 ], [ -105.374247750127907, 20.948037120351209 ], [ -105.374021580042552, 20.948098109803912 ], [ -105.373799109680277, 20.948306629703005 ], [ -105.373568030254006, 20.948388090064284 ], [ -105.372744050285533, 20.949299340077861 ], [ -105.372514429948509, 20.949655629728017 ], [ -105.372404480277822, 20.949810769814121 ], [ -105.372473829517347, 20.949982309891933 ], [ -105.372268879709324, 20.950241339731146 ], [ -105.371849479703272, 20.950596740009125 ], [ -105.371696820287923, 20.950566819994204 ], [ -105.371199460457234, 20.951375660389715 ], [ -105.37063611024135, 20.952311650028044 ], [ -105.37048615007744, 20.952686680077132 ], [ -105.370488230171745, 20.952819150094676 ], [ -105.370526312190577, 20.952908096150107 ], [ -105.370400408205171, 20.952984143586853 ], [ -105.370223830095483, 20.952865780308144 ], [ -105.36994708025162, 20.952803890309493 ], [ -105.369734399632051, 20.952795000293698 ], [ -105.369460120207179, 20.952832779645934 ], [ -105.369112370215632, 20.953009600083103 ], [ -105.369068510392069, 20.953031910406935 ], [ -105.368792800162112, 20.95320571991979 ], [ -105.368500749899439, 20.953497770414032 ], [ -105.368314829852324, 20.95380641968752 ], [ -105.368131950300139, 20.954023509607815 ], [ -105.368116000073996, 20.954173980105807 ], [ -105.368242649645808, 20.954411459587455 ], [ -105.3679331202013, 20.954391089794438 ], [ -105.367722600099427, 20.954468279903782 ], [ -105.367601490165811, 20.954671279872933 ], [ -105.367385569894168, 20.955111250261346 ], [ -105.367323433068734, 20.955206504405091 ], [ -105.367112406500723, 20.954792724418631 ], [ -105.366868320200425, 20.954793242729107 ], [ -105.366859830455851, 20.95460047990834 ], [ -105.366759799560569, 20.954462139761926 ], [ -105.366486400122596, 20.954341249898437 ], [ -105.366103910423305, 20.954299819991029 ], [ -105.365798250424461, 20.954333600227816 ], [ -105.365319949711832, 20.954466879696401 ], [ -105.364869749630046, 20.95468958014505 ], [ -105.364629970425909, 20.954776120074179 ], [ -105.364331539680236, 20.954879580134325 ], [ -105.364171910252239, 20.954858880030894 ], [ -105.364031179924851, 20.95490640025362 ], [ -105.363855279974004, 20.954922379692313 ], [ -105.3636541198819, 20.955132719669688 ], [ -105.363627979078714, 20.955142084234161 ], [ -105.363198427193865, 20.954802271804958 ], [ -105.362567259991977, 20.95452439230192 ], [ -105.362018050447347, 20.953941199818797 ], [ -105.361705660266978, 20.954003139661197 ], [ -105.360849880284533, 20.954172829643952 ], [ -105.359699569532481, 20.954829289761008 ], [ -105.359455940131738, 20.955060740374218 ], [ -105.359103949617605, 20.955258230249637 ], [ -105.358583569922786, 20.95579547975704 ], [ -105.358142850416371, 20.956297140406129 ], [ -105.356742579956943, 20.958270779672933 ], [ -105.356562649835425, 20.958758399815238 ], [ -105.356324139866416, 20.959062229823669 ], [ -105.355605549943746, 20.960209819687453 ], [ -105.355324819659472, 20.960658150447589 ], [ -105.355114079910848, 20.961015090071935 ], [ -105.354493970313285, 20.962065429816171 ], [ -105.353593719552862, 20.963756480188493 ], [ -105.353109460139862, 20.964595629821812 ], [ -105.35237270963313, 20.96587231967283 ], [ -105.352249720220428, 20.966085449928794 ], [ -105.3520085103806, 20.966758310363538 ], [ -105.351884780158727, 20.967150399957038 ], [ -105.351255859740462, 20.968211370140114 ], [ -105.351000550080116, 20.968720110262627 ], [ -105.350453120174592, 20.969852090290114 ], [ -105.350417340344791, 20.970095029770722 ], [ -105.350448450369555, 20.970273719873347 ], [ -105.3504902799679, 20.97055422989137 ], [ -105.350681510035699, 20.970674379873486 ], [ -105.350553829863358, 20.970866980310337 ], [ -105.350393089683564, 20.970850879705292 ], [ -105.350222139686892, 20.97098552025502 ], [ -105.350041490207374, 20.971290549841743 ], [ -105.349839619544198, 20.971342660155997 ], [ -105.34940991984908, 20.972006569743524 ], [ -105.349353319542047, 20.97227860028238 ], [ -105.348943550277298, 20.972902799672518 ], [ -105.348887850414158, 20.973185449913469 ], [ -105.348726139553875, 20.973411519850561 ], [ -105.34823742025938, 20.973664399871247 ], [ -105.347800079628641, 20.97433055043772 ], [ -105.347171250364767, 20.975116619654816 ], [ -105.346882489816721, 20.975561449560377 ], [ -105.346486349998571, 20.976453679979638 ], [ -105.345973830112555, 20.977461879613966 ], [ -105.345495519635051, 20.978414820357003 ], [ -105.345346479836977, 20.978897310430813 ], [ -105.345225600247616, 20.979083219563446 ], [ -105.344101120416454, 20.97956598024096 ], [ -105.343938142460743, 20.979579057317316 ], [ -105.343178462895295, 20.979238219316269 ], [ -105.342836973671382, 20.979078773361334 ], [ -105.342243310130883, 20.978755090244736 ], [ -105.341936155997502, 20.978658163963669 ], [ -105.341850912353351, 20.978618361633021 ], [ -105.34182744183552, 20.978623857686916 ], [ -105.34175843022328, 20.978602080057076 ], [ -105.341395580028973, 20.978590379732513 ], [ -105.340915579827509, 20.978633620236813 ], [ -105.340595520135935, 20.978660260023805 ], [ -105.339974649785759, 20.979010259832659 ], [ -105.339317680349126, 20.979508940040059 ], [ -105.339031425098568, 20.979816141025751 ], [ -105.338005605097308, 20.98043218241196 ], [ -105.337112945859104, 20.981282825548096 ], [ -105.335495478501784, 20.983031792998148 ], [ -105.335381843644669, 20.983151498727537 ], [ -105.335001120393997, 20.983292689815361 ], [ -105.33487780026752, 20.983380459842163 ], [ -105.334875030469476, 20.983550690410727 ], [ -105.334863824704627, 20.983697188861537 ], [ -105.334221508483211, 20.984373807596349 ], [ -105.334191619939716, 20.984390259679522 ], [ -105.334009289591208, 20.984348429614375 ], [ -105.333823909574292, 20.984182310098426 ], [ -105.333651309619668, 20.983970109759127 ], [ -105.333490379891899, 20.983947430200605 ], [ -105.333126800279459, 20.984211509986743 ], [ -105.332880780297032, 20.984413220249955 ], [ -105.331635720409281, 20.985746800017349 ], [ -105.331077220203895, 20.986564000041565 ], [ -105.329873309664634, 20.988439679607687 ], [ -105.328877580313971, 20.990217970446881 ], [ -105.32838842975741, 20.99102054955712 ], [ -105.328003950408188, 20.991827400036509 ], [ -105.327750920121218, 20.992310689964778 ], [ -105.327742020195188, 20.992541920272476 ], [ -105.327724480197261, 20.992961169887572 ], [ -105.327663650355959, 20.993192155506033 ], [ -105.327209777899427, 20.993500799313075 ], [ -105.326736747696458, 20.994856866764291 ], [ -105.326751656424506, 20.995200135657971 ], [ -105.32664064990027, 20.995417290127559 ], [ -105.326631859516795, 20.995626909753121 ], [ -105.326735579744934, 20.995873349657764 ], [ -105.326623399629696, 20.996131050064108 ], [ -105.326690169749568, 20.996293219883881 ], [ -105.326744201588852, 20.996464969739083 ], [ -105.325775425943519, 20.996891922289503 ], [ -105.325540017753255, 20.997150480755476 ], [ -105.325525910271637, 20.997149770425796 ], [ -105.325183910372374, 20.997419019873906 ], [ -105.324935000381473, 20.997557539708172 ], [ -105.324183019901767, 20.998732349962111 ], [ -105.324207749976722, 20.998917090362898 ], [ -105.323868509937, 20.999409786087384 ], [ -105.323135597937082, 20.999996958784944 ], [ -105.322876192329076, 21.000132375403489 ], [ -105.322655268176902, 21.000252127027832 ], [ -105.322545019868485, 21.000203350329333 ], [ -105.322309183617378, 21.000439720622182 ], [ -105.322105605131554, 21.000550068833917 ], [ -105.322057321279502, 21.000752478826428 ], [ -105.321828489607825, 21.000626599872721 ], [ -105.321563170086719, 21.000612740174123 ], [ -105.321354350332186, 21.000676340322229 ], [ -105.32078340034073, 21.00155923011771 ], [ -105.320418620329519, 21.002319830390309 ], [ -105.320415320456775, 21.002467050375614 ], [ -105.32002911955027, 21.003489890017054 ], [ -105.319734709539773, 21.003993710137387 ], [ -105.319490419625367, 21.00426734999186 ], [ -105.318914579871702, 21.00500185986963 ], [ -105.318287999913736, 21.00647945038385 ], [ -105.317074830136335, 21.010328719681777 ], [ -105.316441480061499, 21.012873580228931 ], [ -105.315600199636606, 21.016281550276929 ], [ -105.314972180078243, 21.019061279607858 ], [ -105.314271660060584, 21.022552110208064 ], [ -105.313563049754478, 21.027089710415151 ], [ -105.313272479710903, 21.028689420410082 ], [ -105.313078850477893, 21.029655380108256 ], [ -105.312972919778659, 21.030147320419218 ], [ -105.312973350444807, 21.030418020428968 ], [ -105.313191619960747, 21.03070472021572 ], [ -105.313310949839121, 21.031011079601797 ], [ -105.313319419756581, 21.031354800063344 ], [ -105.313338089768365, 21.031687690340775 ], [ -105.313254089635237, 21.032061110122271 ], [ -105.313147510110369, 21.032461889788333 ], [ -105.313078980421281, 21.032674680317101 ], [ -105.313158799968306, 21.032920680065462 ], [ -105.313146949541448, 21.033070309704492 ], [ -105.31326994039776, 21.033176919735549 ], [ -105.313404260074037, 21.033429030047724 ], [ -105.313494769972834, 21.033478080416181 ], [ -105.313504939818614, 21.033576220311271 ], [ -105.313459449646714, 21.033718030027369 ], [ -105.313397850068952, 21.034035820288643 ], [ -105.313356859541472, 21.034385720149697 ], [ -105.31326013985823, 21.034701059704886 ], [ -105.313102419715847, 21.034941819552984 ], [ -105.312819490140569, 21.035134109607046 ], [ -105.312433179715356, 21.035356539561455 ], [ -105.312083769695676, 21.035466509720099 ], [ -105.311962139838641, 21.035562219684376 ], [ -105.31177271000675, 21.035724540239578 ], [ -105.311499888946912, 21.035863455783581 ], [ -105.310401928997678, 21.036162573406639 ], [ -105.309443915027828, 21.036391180061379 ], [ -105.309317800113135, 21.036384460086097 ], [ -105.309181903571925, 21.036453701525684 ], [ -105.30872342058818, 21.036563104028815 ], [ -105.306854170616916, 21.036395269897689 ], [ -105.305648693307461, 21.035720101112421 ], [ -105.304756029376193, 21.035109778489691 ], [ -105.304582370610703, 21.035123750849106 ], [ -105.304465279775016, 21.035087139780998 ], [ -105.304256509979965, 21.035068380174692 ], [ -105.304098460367825, 21.035095080102437 ], [ -105.304064859439862, 21.035140926481166 ], [ -105.303603960257348, 21.034766473851278 ], [ -105.303718401752178, 21.034034083353919 ], [ -105.303603955555189, 21.033299786237755 ], [ -105.302879142569623, 21.032681834077511 ], [ -105.301795741407844, 21.032853491085348 ], [ -105.300529228452348, 21.032512094036438 ], [ -105.299865452715011, 21.032060073851937 ], [ -105.299026196803709, 21.031728211926144 ], [ -105.298362417802807, 21.030257711659523 ], [ -105.29800381951172, 21.027890795482264 ], [ -105.296851746954232, 21.026473700050268 ], [ -105.295165604603156, 21.025516257248469 ], [ -105.292998799407513, 21.02496315620844 ], [ -105.292297993451683, 21.024980680778778 ], [ -105.292280680473652, 21.024949089983394 ], [ -105.292095719751956, 21.02494570981349 ], [ -105.29190476906156, 21.024990512459322 ], [ -105.2907099227332, 21.025020380651657 ], [ -105.287284238677927, 21.025533444891497 ], [ -105.285605730605084, 21.026040782401513 ], [ -105.284862996894688, 21.026698002930562 ], [ -105.284476030111861, 21.026946690450917 ], [ -105.283820370324321, 21.02731883017789 ], [ -105.283130060201927, 21.027759290406379 ], [ -105.283114449607865, 21.027925720206166 ], [ -105.283073713982475, 21.028002071283307 ], [ -105.282775159615824, 21.028142597595377 ], [ -105.28188249726729, 21.02802625688409 ], [ -105.281577313508606, 21.027970947029253 ], [ -105.281401830061711, 21.027068810674102 ], [ -105.279830133902252, 21.026845664978783 ], [ -105.278945216184255, 21.027177489229611 ], [ -105.278881079824416, 21.027152229554698 ], [ -105.278687740128106, 21.02715638020884 ], [ -105.278263079601501, 21.027354062117361 ], [ -105.27809821682601, 21.026767471955882 ], [ -105.278143993350184, 21.02645086565979 ], [ -105.278807765119424, 21.02566316290179 ], [ -105.278922205349289, 21.024534061069261 ], [ -105.278082947961536, 21.023740640754877 ], [ -105.276099252521163, 21.023065474164571 ], [ -105.273383118486009, 21.02301589290667 ], [ -105.272009793649204, 21.023416422652144 ], [ -105.270865357571992, 21.02415263057943 ], [ -105.269301294606137, 21.025056679104203 ], [ -105.268523141953878, 21.02582214685766 ], [ -105.267795979845673, 21.026334489751417 ], [ -105.265864279945518, 21.028268419579863 ], [ -105.264485629865518, 21.029716690150064 ], [ -105.26400575027553, 21.030227029687538 ], [ -105.263711670902495, 21.030538815594923 ], [ -105.262091355074844, 21.032123120239397 ], [ -105.258490201650616, 21.03614174003993 ], [ -105.256155553755065, 21.038178706812019 ], [ -105.256011211965472, 21.038273862837151 ], [ -105.255913049713499, 21.038179820076422 ], [ -105.255277490272803, 21.03851976969252 ], [ -105.254881769638246, 21.038783660389253 ], [ -105.254786979607047, 21.038846879970812 ], [ -105.254322660457419, 21.039183150210967 ], [ -105.254287509714231, 21.039282889817912 ], [ -105.253266790994658, 21.040083047208782 ], [ -105.253149501797225, 21.040160364764795 ], [ -105.253015228080272, 21.0402802488715 ], [ -105.252701080383886, 21.040526509758489 ], [ -105.251229509650997, 21.041722170126977 ], [ -105.250591550327499, 21.042239489672269 ], [ -105.24996727994855, 21.042753429777854 ], [ -105.249868659947651, 21.042834599707565 ], [ -105.249620030242852, 21.043062220020488 ], [ -105.249196600065474, 21.043449820365492 ], [ -105.248654580109275, 21.04395581993532 ], [ -105.248267400404217, 21.044317249752982 ], [ -105.248166720335519, 21.044450230323299 ], [ -105.248000170336937, 21.04467018014849 ], [ -105.247750180380038, 21.04499919965728 ], [ -105.247615350644224, 21.045176643826291 ], [ -105.246810281467759, 21.045962522718838 ], [ -105.24673917952984, 21.046023459945307 ], [ -105.246543629746128, 21.04622089009013 ], [ -105.246485988443013, 21.046279081950892 ], [ -105.245663419845215, 21.047082024320098 ], [ -105.245608169679358, 21.047093619991987 ], [ -105.245578340156285, 21.047140720007778 ], [ -105.245538849089598, 21.047203049384613 ], [ -105.244917199029516, 21.047791359686411 ], [ -105.244829166392762, 21.047912019126258 ], [ -105.244826480010545, 21.047899249866674 ], [ -105.244664180153578, 21.047829279571108 ], [ -105.244588019750012, 21.047915889820715 ], [ -105.244420380047131, 21.04796581971118 ], [ -105.244299909675647, 21.047922000282359 ], [ -105.244160909574248, 21.047793599973129 ], [ -105.244009740049037, 21.04784316962461 ], [ -105.243742620014828, 21.048038170299357 ], [ -105.243555019790506, 21.048194140023906 ], [ -105.24262318006619, 21.049660819977337 ], [ -105.242080750008924, 21.050565510439039 ], [ -105.242080319984566, 21.050566200211126 ], [ -105.242054369554097, 21.050609510021534 ], [ -105.24154402019964, 21.051257940281012 ], [ -105.24120414015151, 21.051870399549408 ], [ -105.240009219851459, 21.054086019579611 ], [ -105.239313689656257, 21.055387000005961 ], [ -105.238769320463376, 21.05636369014033 ], [ -105.238285519683359, 21.05739422000833 ], [ -105.237130180117802, 21.059892309948822 ], [ -105.236095030356537, 21.062775619673495 ], [ -105.235430629593012, 21.06460525008249 ], [ -105.235147349888479, 21.065419049904676 ], [ -105.234685380239, 21.066746230291276 ], [ -105.234036149961469, 21.068592489931103 ], [ -105.233474939982216, 21.07082117035235 ], [ -105.232857449904387, 21.072867940186132 ], [ -105.232210449636582, 21.075004079612608 ], [ -105.232102379576844, 21.075371200377987 ], [ -105.231810740076497, 21.07662446019442 ], [ -105.231155060366234, 21.079382889950949 ], [ -105.230806220304487, 21.081139579745187 ], [ -105.230502280059881, 21.082678920115615 ], [ -105.230405720390721, 21.083167889670264 ], [ -105.230099830477613, 21.084705710326514 ], [ -105.22982467967573, 21.086294110108895 ], [ -105.229456549734664, 21.088693689810402 ], [ -105.229158399876127, 21.090798150437784 ], [ -105.228832910276196, 21.093345580059232 ], [ -105.228675770424132, 21.095028740344926 ], [ -105.228572309550856, 21.0963418902675 ], [ -105.228356909796119, 21.099719019582654 ], [ -105.2283098599233, 21.101833350190574 ], [ -105.22829205965715, 21.103064779884321 ], [ -105.228281310342808, 21.103569620057719 ], [ -105.228359620023127, 21.105872420374993 ], [ -105.228502490278132, 21.107974200113009 ], [ -105.22867393970192, 21.109831459684639 ], [ -105.228842979536495, 21.111564450177219 ], [ -105.229101749829425, 21.113214309774744 ], [ -105.229455569946182, 21.115440020075798 ], [ -105.22965914002188, 21.116644770177697 ], [ -105.229857539920289, 21.117763370018366 ], [ -105.230003170215511, 21.11800561998421 ], [ -105.230208709648835, 21.118056910168399 ], [ -105.230381105089037, 21.118092286618825 ], [ -105.230788383660354, 21.118688614841247 ], [ -105.230994859708943, 21.119062400225207 ], [ -105.231082957559394, 21.119119919555633 ], [ -105.231130759275317, 21.119189908838866 ], [ -105.232033826124919, 21.119912881897591 ], [ -105.232077779939431, 21.120021249823157 ], [ -105.232260630022353, 21.120262510375735 ], [ -105.232440260296443, 21.120455799643508 ], [ -105.233224339687141, 21.121025140098986 ], [ -105.233474459942258, 21.121152780273743 ], [ -105.2335553329211, 21.121127982893341 ], [ -105.233602752685798, 21.121165829721789 ], [ -105.234686154969936, 21.121335573358795 ], [ -105.236318888442383, 21.121732280130598 ], [ -105.23636276966559, 21.121736864439022 ], [ -105.236411029594834, 21.121766880432247 ], [ -105.236611886314492, 21.121762889621021 ], [ -105.237341253806946, 21.121839084152452 ], [ -105.237636825630119, 21.12208225869518 ], [ -105.237606460073167, 21.122302120279347 ], [ -105.237666370406714, 21.122507080158453 ], [ -105.237601310472087, 21.12265882953929 ], [ -105.23761362958669, 21.12288988010739 ], [ -105.237730120275742, 21.123138320007723 ], [ -105.23799499158666, 21.123383490465294 ], [ -105.23800503373451, 21.123589952727301 ], [ -105.237994174413473, 21.123683305346368 ], [ -105.237675179735746, 21.123755859990712 ], [ -105.237633889840907, 21.123966049700314 ], [ -105.237661079571197, 21.124129109925274 ], [ -105.237689969713074, 21.12436302969434 ], [ -105.237822859920399, 21.124567490122416 ], [ -105.237866685694726, 21.124779258238803 ], [ -105.237862897791373, 21.124811820571122 ], [ -105.23780468042419, 21.12502062006654 ], [ -105.23764675033047, 21.125225779939655 ], [ -105.237647109906675, 21.125482140375443 ], [ -105.237830228830902, 21.12578449425914 ], [ -105.23818052428922, 21.126700703553745 ], [ -105.23862859124084, 21.127243867952018 ], [ -105.238788750195368, 21.127568139664973 ], [ -105.238824320473867, 21.127933419617026 ], [ -105.238667400391634, 21.128794379585703 ], [ -105.238754480129259, 21.129682800142 ], [ -105.238940314290687, 21.130631753007318 ], [ -105.238966995507326, 21.131223843592064 ], [ -105.238977850338998, 21.131568540256787 ], [ -105.238982569530918, 21.13229212003278 ], [ -105.23885678043311, 21.132806889799774 ], [ -105.238795009085152, 21.132974543480039 ], [ -105.238020324296784, 21.133358970670482 ], [ -105.236509668264418, 21.13420961571865 ], [ -105.234411535623551, 21.13562099872572 ], [ -105.234244238227333, 21.135789040366976 ], [ -105.233999199699198, 21.13594765973091 ], [ -105.233594259711197, 21.13626395019358 ], [ -105.233595736074577, 21.136440421933269 ], [ -105.233564653896323, 21.136471641898389 ], [ -105.233511249121619, 21.137204032316006 ], [ -105.233145030812238, 21.137825802172337 ], [ -105.232305776854162, 21.138109987227971 ], [ -105.231926597754381, 21.138513218424215 ], [ -105.231674619647507, 21.138367769718979 ], [ -105.23156300046702, 21.138405290056411 ], [ -105.231280719593826, 21.138754149691568 ], [ -105.231308539983701, 21.139131629970542 ], [ -105.231331504415124, 21.139172377809604 ], [ -105.231107936903584, 21.139864675634282 ], [ -105.232794076224138, 21.139860856332231 ], [ -105.233999552849539, 21.140310967775218 ], [ -105.234231733197603, 21.140419022732996 ], [ -105.234269290397592, 21.140503370264284 ], [ -105.234567849757141, 21.140831150228717 ], [ -105.234943349879018, 21.140849570266742 ], [ -105.235192882690086, 21.14064473602507 ], [ -105.235205029101166, 21.140644735971875 ], [ -105.235222248486522, 21.140620630428977 ], [ -105.235449080237643, 21.140434429848494 ], [ -105.235658831058473, 21.140175197503069 ], [ -105.236108148122142, 21.140220317171835 ], [ -105.236060980297822, 21.14053577969878 ], [ -105.235634049866917, 21.141107510029812 ], [ -105.235589384103719, 21.141562921034119 ], [ -105.235502586552684, 21.14171852607274 ], [ -105.234960889316682, 21.142849536539369 ], [ -105.234955367527959, 21.142892760207438 ], [ -105.234882879617544, 21.143024680206835 ], [ -105.234880400401053, 21.143409540154305 ], [ -105.234801489546655, 21.143785029709477 ], [ -105.234838819117385, 21.143856299853361 ], [ -105.2348388209641, 21.144430660675472 ], [ -105.235266079614718, 21.144936085045369 ], [ -105.23532711761419, 21.145334703537106 ], [ -105.234724380398347, 21.145451048489129 ], [ -105.233824088612167, 21.145390018513801 ], [ -105.232801724518183, 21.145679925889997 ], [ -105.232137951840997, 21.146187260614372 ], [ -105.231901438188743, 21.147316362957458 ], [ -105.231603887088866, 21.148218500780018 ], [ -105.231359743307365, 21.149179763708894 ], [ -105.230757005716811, 21.149179765414431 ], [ -105.22979567813104, 21.149404825563593 ], [ -105.229376053055404, 21.150139124294938 ], [ -105.22823161715479, 21.150936364867334 ], [ -105.227641110459729, 21.151493929652609 ], [ -105.227564379947125, 21.151497020352188 ], [ -105.227526829847733, 21.15158643034265 ], [ -105.227518829398988, 21.15160938832285 ], [ -105.227033775198464, 21.15206737720365 ], [ -105.225828304203986, 21.153370043535269 ], [ -105.22492801842462, 21.15517813459104 ], [ -105.224088768437667, 21.15669822825712 ], [ -105.223730183354462, 21.158451007062723 ], [ -105.223749499317606, 21.158559080982215 ], [ -105.223685680238674, 21.15904681961084 ], [ -105.223841970315036, 21.160389859841441 ], [ -105.223909060049962, 21.161215509635863 ], [ -105.223940630144213, 21.162026509907246 ], [ -105.22404902026598, 21.162356660176375 ], [ -105.224405880462825, 21.163191279664442 ], [ -105.2244738295595, 21.163323449607891 ], [ -105.224863660426166, 21.164081539689835 ], [ -105.225458579722471, 21.164846109724802 ], [ -105.225809399984058, 21.165182220393088 ], [ -105.226327339687629, 21.165093719608478 ], [ -105.226486201423754, 21.165069013285812 ], [ -105.227194039653327, 21.165458293924228 ], [ -105.227221471117261, 21.165465707354471 ], [ -105.227201029557193, 21.16554622036217 ], [ -105.227269200442564, 21.165677750245724 ], [ -105.227441949882859, 21.165735049666672 ], [ -105.227759320460564, 21.165661859964985 ], [ -105.227805510038323, 21.165632449949602 ], [ -105.227815325840098, 21.165626196863265 ], [ -105.228323219922785, 21.165763453348521 ], [ -105.229284545319615, 21.164857499095081 ], [ -105.231451347588362, 21.164476039683578 ], [ -105.232105688378496, 21.164755241960421 ], [ -105.232244079801418, 21.165023279689041 ], [ -105.232157489512829, 21.165593169720292 ], [ -105.232006479870876, 21.166194739869642 ], [ -105.231989120375317, 21.166948619828418 ], [ -105.232199680355777, 21.167348630290601 ], [ -105.232201763523889, 21.167352703407847 ], [ -105.232300667887941, 21.168600112447397 ], [ -105.232279909611492, 21.168723399802044 ], [ -105.231977237325552, 21.169836800983692 ], [ -105.231863363380526, 21.170050978163644 ], [ -105.231866173865797, 21.170327003000054 ], [ -105.231799250087505, 21.170706019733338 ], [ -105.231870938454037, 21.170794942727248 ], [ -105.231870995383204, 21.17080053383437 ], [ -105.231466627124917, 21.170800534979726 ], [ -105.230345074755945, 21.16997087727523 ], [ -105.230100445956069, 21.170181370634012 ], [ -105.229825279779547, 21.170076150132981 ], [ -105.229379250474111, 21.170294000206116 ], [ -105.229179220048749, 21.170531540097745 ], [ -105.228799430121526, 21.171021719927086 ], [ -105.22853030960114, 21.171588459686479 ], [ -105.228457630161714, 21.172078250146676 ], [ -105.228412819528984, 21.172380180433485 ], [ -105.228443620352451, 21.172449980059675 ], [ -105.228523320366278, 21.172630690427106 ], [ -105.228940319685634, 21.173575950000277 ], [ -105.229221060109793, 21.174267859917606 ], [ -105.229474229830601, 21.174560780169191 ], [ -105.230074249646378, 21.174789060415726 ], [ -105.230214880074854, 21.174842549652215 ], [ -105.23029269033465, 21.174957029552406 ], [ -105.230321460442028, 21.175216819544598 ], [ -105.230378540228202, 21.175405630166939 ], [ -105.23047980030681, 21.175558319807593 ], [ -105.231312420283047, 21.176123466317886 ], [ -105.23171079267361, 21.176600531411548 ], [ -105.232300104956039, 21.176876606563638 ], [ -105.232345119800556, 21.176910000005254 ], [ -105.232430019805534, 21.176950260246443 ], [ -105.232756078679913, 21.177641169514906 ], [ -105.232923904957048, 21.178931207526034 ], [ -105.233168058146262, 21.180891876707449 ], [ -105.232611104875019, 21.182997500411435 ], [ -105.231962590934458, 21.183367511935025 ], [ -105.231897205432631, 21.183509695612926 ], [ -105.231756419897181, 21.183568910268914 ], [ -105.23158228007793, 21.183743739759311 ], [ -105.231438800166998, 21.183957740152234 ], [ -105.231328659882791, 21.184322279985555 ], [ -105.231167380245068, 21.185214579799517 ], [ -105.231128780134199, 21.185728860280435 ], [ -105.23121505021679, 21.186146659730817 ], [ -105.231214779994872, 21.186488969688511 ], [ -105.230994229706909, 21.186676739892288 ], [ -105.230367910275376, 21.186981780421956 ], [ -105.230198479775694, 21.186993231790336 ], [ -105.228918396284854, 21.186993234038152 ], [ -105.228692429950314, 21.187236210886244 ], [ -105.228584979786874, 21.187227059832921 ], [ -105.228153339828395, 21.187287919819724 ], [ -105.22805113999047, 21.187535749642826 ], [ -105.227946750119742, 21.187679450336976 ], [ -105.227772980471812, 21.187708280296341 ], [ -105.227667540108257, 21.187725770236625 ], [ -105.22750007966772, 21.187936489661251 ], [ -105.227414659769948, 21.188196019663444 ], [ -105.227439829948906, 21.188314630044719 ], [ -105.227821520316624, 21.188473650148545 ], [ -105.227851090053747, 21.18848597010178 ], [ -105.227976705960486, 21.188617251007319 ], [ -105.228009156253862, 21.189053806462159 ], [ -105.227398749831949, 21.189836880407558 ], [ -105.226636120437888, 21.19057734172798 ], [ -105.226270940751832, 21.190758185483414 ], [ -105.225260451330158, 21.191971343204617 ], [ -105.224928400098804, 21.192309059974274 ], [ -105.224789650285132, 21.1924501698158 ], [ -105.224659140093053, 21.193049820137176 ], [ -105.22467246814297, 21.193110290817014 ], [ -105.224348294080357, 21.193849869836367 ], [ -105.224305488525488, 21.194007026029908 ], [ -105.224046980457999, 21.194258169984415 ], [ -105.223924709533676, 21.194556619667154 ], [ -105.223938280215947, 21.195122770102124 ], [ -105.223962605677855, 21.19526587199028 ], [ -105.223959189603121, 21.19527841350865 ], [ -105.223959192038336, 21.196034039073666 ], [ -105.223896629807456, 21.196316089904329 ], [ -105.223260850237892, 21.196830260020199 ], [ -105.222599580102568, 21.197377800119767 ], [ -105.222241549796266, 21.197787579749935 ], [ -105.221965539712954, 21.198058400382074 ], [ -105.220318632188921, 21.199212956841418 ], [ -105.219888104153867, 21.199359437008145 ], [ -105.219558000178253, 21.199285400243202 ], [ -105.219368660096592, 21.199059540186251 ], [ -105.218873220090401, 21.199217719658925 ], [ -105.218559060004651, 21.199265380114596 ], [ -105.218279320124751, 21.199287690322461 ], [ -105.217959220064316, 21.199525430060152 ], [ -105.216910230278017, 21.201825429609357 ], [ -105.216652480180556, 21.202766689965564 ], [ -105.216430909683524, 21.20375647967451 ], [ -105.216426549617779, 21.204306579920726 ], [ -105.216382290378263, 21.205007149707633 ], [ -105.216491519697442, 21.206657539704789 ], [ -105.216591020136505, 21.207886829700399 ], [ -105.216739630267782, 21.208979140150941 ], [ -105.21692630956133, 21.210909219697282 ], [ -105.217033659814845, 21.212466719791323 ], [ -105.217134909744075, 21.213769880293388 ], [ -105.217268629638639, 21.215322549674482 ], [ -105.217537000150116, 21.218136249680708 ], [ -105.217686150018466, 21.220008719935493 ], [ -105.217687539718909, 21.220026059752239 ], [ -105.217818019977685, 21.221451739937301 ], [ -105.217984000461755, 21.223603819855249 ], [ -105.218102349973137, 21.225620829800466 ], [ -105.218208169869825, 21.227108980281439 ], [ -105.218310289711468, 21.229545019767635 ], [ -105.218391090163621, 21.231089910049715 ], [ -105.218603059979571, 21.234085549754827 ], [ -105.218724169790789, 21.236229060267704 ], [ -105.218880049777752, 21.237982599824505 ], [ -105.219021890349168, 21.239502400408718 ], [ -105.219303540424534, 21.242111169689139 ], [ -105.219588679665961, 21.244490400407077 ], [ -105.21988319996106, 21.246544779774727 ], [ -105.220341490467746, 21.249575199882774 ], [ -105.220650349924895, 21.251324029820434 ], [ -105.221180520249973, 21.25465055012458 ], [ -105.221603250310565, 21.25708566016813 ], [ -105.222375649756117, 21.261379939843614 ], [ -105.22319519961151, 21.266114019630169 ], [ -105.223971510266836, 21.270439319794491 ], [ -105.224320180042923, 21.273056660074253 ], [ -105.224749449841241, 21.276962880403453 ], [ -105.225380280285336, 21.280662490078178 ], [ -105.225987019944341, 21.285024569885827 ], [ -105.226853549963096, 21.288586279760022 ], [ -105.228280380235418, 21.295775339579755 ], [ -105.229258380231542, 21.299815110342262 ], [ -105.230608649847213, 21.305244889746405 ], [ -105.231412079528695, 21.307955310106479 ], [ -105.231545501327474, 21.3084394019771 ], [ -105.231680702496462, 21.309041120898478 ], [ -105.233450789126479, 21.315743251056663 ], [ -105.235037447581718, 21.320076659365835 ], [ -105.235170520392217, 21.320695349995688 ], [ -105.235613749739997, 21.322031629882549 ], [ -105.236666489976329, 21.325166180003613 ], [ -105.237534620368876, 21.327753309543649 ], [ -105.237991089740987, 21.328893259871077 ], [ -105.238700579970399, 21.330647909857472 ], [ -105.238889793501315, 21.331114837854649 ], [ -105.239989408134477, 21.334329546713306 ], [ -105.242018894989485, 21.339223587419458 ], [ -105.243621121845223, 21.343205955853552 ], [ -105.24427727714351, 21.346450214763145 ], [ -105.24483423988292, 21.347270337887014 ], [ -105.246444083130683, 21.347195949883073 ], [ -105.247573262443979, 21.347194039390025 ], [ -105.247733485299392, 21.347644153892325 ], [ -105.247157138386314, 21.347896748016442 ], [ -105.247138140116064, 21.347895819584515 ], [ -105.247129676360686, 21.347908783652954 ], [ -105.246528011799413, 21.348172470234953 ], [ -105.245482761645363, 21.349301575157085 ], [ -105.244208623796879, 21.350432588001638 ], [ -105.243636410196999, 21.352168202414806 ], [ -105.243636412904507, 21.352999770736215 ], [ -105.242911598649314, 21.352015623142524 ], [ -105.242482036794499, 21.351889356727924 ], [ -105.242393479930584, 21.351727429791492 ], [ -105.242204139799682, 21.351498579685771 ], [ -105.241911979848084, 21.351489600352245 ], [ -105.241455709393051, 21.35158766984906 ], [ -105.241393308784566, 21.351569327051486 ], [ -105.240264130692466, 21.351946969101935 ], [ -105.23922651210674, 21.353684492115192 ], [ -105.238906073237729, 21.354886071112798 ], [ -105.238851773904571, 21.355650777735139 ], [ -105.238800910414355, 21.355746920040392 ], [ -105.238750309695291, 21.356798369879275 ], [ -105.238738044110946, 21.357163556337042 ], [ -105.238104979288735, 21.35887989008685 ], [ -105.238433058516321, 21.360985511707344 ], [ -105.238593283820137, 21.362187089341951 ], [ -105.23819654687783, 21.362721125183899 ], [ -105.237471736533266, 21.362938555672486 ], [ -105.237420352789812, 21.363629885831248 ], [ -105.237313199847463, 21.363744800256139 ], [ -105.237116630384705, 21.363942830202234 ], [ -105.236931480407392, 21.365264920049505 ], [ -105.236935999527148, 21.366138679667806 ], [ -105.237082979818339, 21.36790257999229 ], [ -105.237180932409302, 21.368772550077384 ], [ -105.237158943974109, 21.369272589687782 ], [ -105.237082652957852, 21.370771701636084 ], [ -105.238455981371402, 21.371448777436171 ], [ -105.23853227924802, 21.372055288071852 ], [ -105.237731174500169, 21.372732370089484 ], [ -105.23596873944274, 21.372806758534967 ], [ -105.232985566808281, 21.371908444381578 ], [ -105.232890878269316, 21.371940488840664 ], [ -105.232801199697363, 21.371911799939046 ], [ -105.232678890060129, 21.371894090274271 ], [ -105.232417320402845, 21.371894520354363 ], [ -105.232174060272996, 21.371976179760516 ], [ -105.231954310477775, 21.372128769903433 ], [ -105.231421399579119, 21.37280432017138 ], [ -105.230971580101212, 21.373425000362946 ], [ -105.23047270973872, 21.374305680152329 ], [ -105.23015708994707, 21.374985680001231 ], [ -105.229832449657167, 21.375784079963339 ], [ -105.229537109722017, 21.376846939894428 ], [ -105.229320660222868, 21.377970280336292 ], [ -105.229251218294351, 21.378356001547271 ], [ -105.229132645922078, 21.378688789030722 ], [ -105.229104579881508, 21.380720841621034 ], [ -105.229059850055165, 21.381875220317589 ], [ -105.228991619601089, 21.383444649649036 ], [ -105.229066468369481, 21.383480116928478 ], [ -105.229063995808829, 21.383659126661819 ], [ -105.229878743962018, 21.385010499710418 ], [ -105.229849719707474, 21.385145340413814 ], [ -105.230078029938639, 21.385432000428096 ], [ -105.230153182933677, 21.385469180694006 ], [ -105.230314338041197, 21.385749286561122 ], [ -105.230300520348834, 21.385764109955314 ], [ -105.230322436660586, 21.385763362846546 ], [ -105.230548392663991, 21.386156097751119 ], [ -105.230456970392027, 21.386227169908246 ], [ -105.230605704695662, 21.38625571158482 ], [ -105.230694796940725, 21.386410562166368 ], [ -105.230346550304532, 21.386527450200109 ], [ -105.230046779611911, 21.386721620086991 ], [ -105.229835720077276, 21.386856799029516 ], [ -105.228987709985574, 21.386750806472946 ], [ -105.227538084428019, 21.385694184771758 ], [ -105.22614603905825, 21.385403108981524 ], [ -105.225572050045571, 21.385214570254906 ], [ -105.224867420348318, 21.385100970424102 ], [ -105.223985369603, 21.384964090376112 ], [ -105.223271799740701, 21.384927309585532 ], [ -105.222864849987744, 21.38498121979471 ], [ -105.222520619703985, 21.385053229967287 ], [ -105.222331169804221, 21.385232090412767 ], [ -105.222326443930314, 21.3852490050004 ], [ -105.222319443369827, 21.385249806509908 ], [ -105.222079082162296, 21.38541561656946 ], [ -105.22191427966834, 21.385448140141346 ], [ -105.221752600476549, 21.385394250193592 ], [ -105.221412671260424, 21.38587532744361 ], [ -105.221113970847142, 21.386081378311086 ], [ -105.220724085009692, 21.386849821297819 ], [ -105.220654109973992, 21.386948849701579 ], [ -105.220032969561089, 21.387881659915699 ], [ -105.219125450064283, 21.390164889562481 ], [ -105.218836949795559, 21.391408090157707 ], [ -105.218506519596033, 21.392959509840146 ], [ -105.218355739534928, 21.393597450100035 ], [ -105.218337781140832, 21.393795807784453 ], [ -105.218306307235252, 21.393918345950883 ], [ -105.218311992912291, 21.394080648145785 ], [ -105.218240279777092, 21.394872739653472 ], [ -105.218209860448042, 21.396981089977128 ], [ -105.2185711101057, 21.400127580077879 ], [ -105.218634450417071, 21.400696249736594 ], [ -105.218704850686905, 21.400952531722318 ], [ -105.21871832890217, 21.401219362458455 ], [ -105.219206624876591, 21.401896440813797 ], [ -105.219527073551077, 21.40370262166071 ], [ -105.219694928720045, 21.404986211813011 ], [ -105.218893824203789, 21.405735770002117 ], [ -105.218405534623614, 21.40701936203444 ], [ -105.218252948451749, 21.408745439034412 ], [ -105.217848585103482, 21.410255995595701 ], [ -105.2167270375718, 21.410934985830117 ], [ -105.215361343889924, 21.411839034261476 ], [ -105.214796759385536, 21.413422067430574 ], [ -105.213514994647653, 21.415384648775099 ], [ -105.21175256275059, 21.416433650633966 ], [ -105.209654429658343, 21.417719154555837 ], [ -105.20899977353578, 21.418127255729033 ], [ -105.208786780285465, 21.418228480447425 ], [ -105.208652745571442, 21.418343584785106 ], [ -105.208448956868637, 21.418470621180703 ], [ -105.208364023849654, 21.41871024170182 ], [ -105.208314450270663, 21.418798340190062 ], [ -105.208293498267636, 21.418909214028766 ], [ -105.207968297114121, 21.419826689356018 ], [ -105.207251119598396, 21.421039713188708 ], [ -105.207014608937627, 21.423072860439692 ], [ -105.206610243099519, 21.42382051024418 ], [ -105.205404770825012, 21.42473028003306 ], [ -105.204924111294687, 21.426155009829706 ], [ -105.20540478039716, 21.427663656624887 ], [ -105.205732857697598, 21.429172303859367 ], [ -105.205496342849329, 21.429921860456126 ], [ -105.204919823501513, 21.4301638345638 ], [ -105.204788150004887, 21.430037180054015 ], [ -105.204589089883356, 21.430029710238003 ], [ -105.204380109597949, 21.430127140426293 ], [ -105.204192940173726, 21.430357890046853 ], [ -105.204150256687058, 21.430486828992795 ], [ -105.204046722705556, 21.430530282768899 ], [ -105.203726282869667, 21.431434328232264 ], [ -105.203691260312638, 21.431934708254047 ], [ -105.203591000439289, 21.432202690106401 ], [ -105.203469459976176, 21.433241429625152 ], [ -105.203349996538236, 21.433915424855346 ], [ -105.202520819365787, 21.435031437208053 ], [ -105.201966353150453, 21.43610022420626 ], [ -105.201334890410649, 21.436356289994308 ], [ -105.200821679567099, 21.436644379797507 ], [ -105.200771347436984, 21.436672633454975 ], [ -105.200277725821138, 21.436858605401078 ], [ -105.197859144274403, 21.436410404578773 ], [ -105.19576863557144, 21.436105247841059 ], [ -105.195563102930478, 21.436206098748478 ], [ -105.19527757022091, 21.436189819725254 ], [ -105.194951600220904, 21.43629684958627 ], [ -105.19449242035094, 21.436506909542988 ], [ -105.194297370282541, 21.436685379886217 ], [ -105.193973630066978, 21.436981620054173 ], [ -105.193969974684606, 21.436987801774002 ], [ -105.19392227770544, 21.437011204943413 ], [ -105.193607156170856, 21.437601371192422 ], [ -105.193369489598481, 21.438003290337463 ], [ -105.193234894743313, 21.438298542948537 ], [ -105.192556589410245, 21.439568853890254 ], [ -105.191947063806396, 21.440509130715199 ], [ -105.191858260437343, 21.440550420157148 ], [ -105.191613350233439, 21.440762679664566 ], [ -105.191426660160587, 21.441020509696006 ], [ -105.191268192865238, 21.441556364410769 ], [ -105.191038308607361, 21.441910982110137 ], [ -105.190794165643197, 21.443112561021639 ], [ -105.190488897713607, 21.443357998283219 ], [ -105.190188399792618, 21.44336871956704 ], [ -105.18984575044901, 21.443375859632962 ], [ -105.189570230190967, 21.443501879822655 ], [ -105.189474179054614, 21.443566494458072 ], [ -105.189428470480763, 21.443566494476084 ], [ -105.189386913727361, 21.443625198680571 ], [ -105.189324180327674, 21.443667399978917 ], [ -105.189115319640777, 21.443948749767241 ], [ -105.189034334770611, 21.444123258894237 ], [ -105.188467146548746, 21.444924471336744 ], [ -105.187818636798212, 21.446583795492991 ], [ -105.188146712606866, 21.44763469868003 ], [ -105.18855109120463, 21.450795038975755 ], [ -105.188551097777918, 21.452808143757267 ], [ -105.188527770319411, 21.452878820036624 ], [ -105.188519163063887, 21.453422787794857 ], [ -105.188383665936087, 21.454335213229946 ], [ -105.188341580118973, 21.454362749690816 ], [ -105.188250580090767, 21.454514110341506 ], [ -105.188285735002964, 21.454994663768147 ], [ -105.18807044546935, 21.456444365294438 ], [ -105.187979545001227, 21.457690570115506 ], [ -105.187908140248268, 21.457797769897706 ], [ -105.187860339783612, 21.458295770404455 ], [ -105.187910459798204, 21.458637682414881 ], [ -105.187833938762907, 21.459686719939643 ], [ -105.188245942272999, 21.461412795436637 ], [ -105.188688105253746, 21.462478111745622 ], [ -105.188752740123334, 21.462959820113337 ], [ -105.189209830201918, 21.464159880092417 ], [ -105.189734029950529, 21.465129510201919 ], [ -105.189888730177117, 21.465370723966405 ], [ -105.190183873444269, 21.466081779632404 ], [ -105.192282022786927, 21.469762799051413 ], [ -105.195013428634297, 21.47360021256943 ], [ -105.198400979009278, 21.477365148071048 ], [ -105.200430459089617, 21.480140215859578 ], [ -105.200651718229835, 21.48045300702767 ], [ -105.200987425106291, 21.481952117996741 ], [ -105.200787047772465, 21.482264795067508 ], [ -105.200502780187293, 21.482425450072391 ], [ -105.200365089726901, 21.482604709888079 ], [ -105.200028049755019, 21.483265849633739 ], [ -105.199916093718798, 21.483590059762882 ], [ -105.198408636187025, 21.485795268587264 ], [ -105.198116042693556, 21.486575245725074 ], [ -105.197948780394171, 21.48679542995583 ], [ -105.197812799555862, 21.487381690159729 ], [ -105.197642149562341, 21.487812320340932 ], [ -105.197576970945761, 21.487977207560508 ], [ -105.196409697367329, 21.490017963688469 ], [ -105.197020067746294, 21.490983039096061 ], [ -105.197264218331028, 21.492112140526604 ], [ -105.198172143829666, 21.493412894095037 ], [ -105.199194513713778, 21.494875765041805 ], [ -105.201010362308722, 21.496742974344265 ], [ -105.202162435397526, 21.498257341135492 ], [ -105.2034899891067, 21.499785058295299 ], [ -105.204825172963268, 21.501482522209972 ], [ -105.205908577910634, 21.502438059934025 ], [ -105.206816503026545, 21.503620562951919 ], [ -105.20856368549714, 21.505543083211602 ], [ -105.211523976134487, 21.508476451577572 ], [ -105.213522935800427, 21.51061639957679 ], [ -105.215148044262634, 21.512365358887003 ], [ -105.217024929004054, 21.514053284927044 ], [ -105.219463794597473, 21.516332517344335 ], [ -105.219531655439312, 21.516399172777167 ], [ -105.2227166220557, 21.519755997385278 ], [ -105.225188616320523, 21.521894036775677 ], [ -105.226882388702862, 21.522912512575026 ], [ -105.226900768184976, 21.522925160314283 ], [ -105.227516540345448, 21.523378289727525 ], [ -105.227858682004324, 21.523584337182168 ], [ -105.22827097726848, 21.523868049436057 ], [ -105.230742968954331, 21.52522029475351 ], [ -105.231895039301548, 21.525895464020078 ], [ -105.233161552763036, 21.526345575430241 ], [ -105.23413051182213, 21.52667934439835 ], [ -105.235152877291839, 21.526793777486688 ], [ -105.235287833522875, 21.526793777596392 ], [ -105.236215780357043, 21.526979220385492 ], [ -105.237482910126104, 21.527102479868113 ], [ -105.238585349536052, 21.527049179753266 ], [ -105.238794893623279, 21.527044749187667 ], [ -105.244054403042838, 21.526495694822938 ], [ -105.244056090261509, 21.526495339829111 ], [ -105.245314149626324, 21.526105289761528 ], [ -105.246195799520024, 21.525678549712186 ], [ -105.246990570341268, 21.525109619647953 ], [ -105.24763284959019, 21.524603919677674 ], [ -105.248147019806254, 21.524106939971624 ], [ -105.248517880466011, 21.523502089873492 ], [ -105.248636429690663, 21.522833460349879 ], [ -105.248410249882838, 21.522502200110562 ], [ -105.24813564957023, 21.522291980032627 ], [ -105.248128425712366, 21.522274898958123 ], [ -105.24848175503989, 21.521806235450359 ], [ -105.249084489123646, 21.520728627765607 ], [ -105.24916325416217, 21.519950856499833 ], [ -105.249303570271735, 21.519605629968375 ], [ -105.249243783447525, 21.519155654991085 ], [ -105.249267593342793, 21.518920537967549 ], [ -105.248947775712395, 21.518218494359232 ], [ -105.248832520300837, 21.517902830360651 ], [ -105.248530550065681, 21.517357139841508 ], [ -105.248332308051999, 21.517173829121813 ], [ -105.248041027430844, 21.516734073101908 ], [ -105.247974679719903, 21.516398770256664 ], [ -105.247792949805131, 21.516048550069158 ], [ -105.247754060080993, 21.515767339980279 ], [ -105.247555186042973, 21.515809787013257 ], [ -105.247314406230259, 21.515266219717439 ], [ -105.24787136572715, 21.515086935001712 ], [ -105.248702987907066, 21.514127577230234 ], [ -105.249069205823432, 21.513393278323267 ], [ -105.249234087654742, 21.513331190750343 ], [ -105.249463690323395, 21.513442830284628 ], [ -105.249906050402615, 21.513427449921924 ], [ -105.250255280360449, 21.513276019948119 ], [ -105.250405146517338, 21.513116851446629 ], [ -105.250633270858245, 21.513101461947031 ], [ -105.251426748058861, 21.513046148915244 ], [ -105.251713207289924, 21.513088558312628 ], [ -105.251819950053658, 21.513146769721775 ], [ -105.251875568232677, 21.513112595095549 ], [ -105.252212596233164, 21.513162489948783 ], [ -105.252510150784445, 21.513324606799674 ], [ -105.252510151516319, 21.51354716132774 ], [ -105.252240400351226, 21.513815950443401 ], [ -105.252477780463806, 21.514011290395175 ], [ -105.253860940446785, 21.514954089566981 ], [ -105.254728719806451, 21.515283720000596 ], [ -105.255496119583611, 21.515441460426032 ], [ -105.256517830469221, 21.515690910258577 ], [ -105.256894001722657, 21.515734988122407 ], [ -105.257103172240079, 21.515802133600992 ], [ -105.257256756607347, 21.515777493022405 ], [ -105.257341480227737, 21.515787420174142 ], [ -105.257393934305625, 21.51575548453922 ], [ -105.258125536788484, 21.515638105681148 ], [ -105.259514119765853, 21.514896174759631 ], [ -105.26042678190548, 21.514773452543309 ], [ -105.260541320200034, 21.514787769696849 ], [ -105.260596168820413, 21.5147506751055 ], [ -105.261627515317855, 21.514611985866548 ], [ -105.262291288178545, 21.514159961640271 ], [ -105.262832985368348, 21.513030857929301 ], [ -105.263541859857725, 21.512920801302798 ], [ -105.26363680008717, 21.51295913961021 ], [ -105.26385611985404, 21.512954460266808 ], [ -105.264022909564432, 21.513044970373343 ], [ -105.264371830218792, 21.513105949829807 ], [ -105.264680859989255, 21.513030949910533 ], [ -105.264839109922121, 21.512771050134269 ], [ -105.2648120898412, 21.512412480143265 ], [ -105.26498246836465, 21.512135531065915 ], [ -105.265541488050275, 21.512472020853085 ], [ -105.265541491175426, 21.513421839890746 ], [ -105.266947892539775, 21.514776705733464 ], [ -105.267823690074309, 21.515620392022395 ], [ -105.270075970148397, 21.517863540356899 ], [ -105.271079090186674, 21.518761599842101 ], [ -105.274789399621085, 21.521842890253211 ], [ -105.275816940023788, 21.522624510179277 ], [ -105.278134748315367, 21.52438757071684 ], [ -105.278252424856191, 21.524480138215637 ], [ -105.280182715921285, 21.525920119358833 ], [ -105.282208044484719, 21.527204226825521 ], [ -105.282818799613636, 21.527637090091499 ], [ -105.283424139955443, 21.528085909950189 ], [ -105.284081030318035, 21.528370089927268 ], [ -105.284246120788325, 21.528441515046719 ], [ -105.284249295813439, 21.528443422092693 ], [ -105.285645513196158, 21.529164365055028 ], [ -105.286248865140294, 21.529244014003879 ], [ -105.286772280202612, 21.529455320263114 ], [ -105.286783810800458, 21.529447536863607 ], [ -105.286858619075119, 21.5294790606373 ], [ -105.290284299845823, 21.527894111727157 ], [ -105.291009112838381, 21.528477733389234 ], [ -105.291779704120756, 21.529288319713025 ], [ -105.293328514917476, 21.530497522630004 ], [ -105.295365621293101, 21.532254109817984 ], [ -105.298653980164971, 21.53392105183595 ], [ -105.299722125466516, 21.53473163730278 ], [ -105.301835527602279, 21.536444357129309 ], [ -105.304109150093822, 21.537842377408062 ], [ -105.306199663309769, 21.539509322890982 ], [ -105.310601946826964, 21.542530421401608 ], [ -105.315042378424835, 21.545589665150139 ], [ -105.31736177831111, 21.546941910888734 ], [ -105.318475700861441, 21.547662854670214 ], [ -105.323114501823113, 21.550725912386184 ], [ -105.325922196070522, 21.552255532564448 ], [ -105.327226859121737, 21.553201533326995 ], [ -105.33143077091124, 21.555497870885596 ], [ -105.337763343011162, 21.559197950956666 ], [ -105.34018192771552, 21.560592156292682 ], [ -105.34177651520281, 21.561540063485079 ], [ -105.344393468955786, 21.562844626686484 ], [ -105.344779218652192, 21.563036703362844 ], [ -105.346250919924501, 21.563954999692939 ], [ -105.351568230095168, 21.566833509669923 ], [ -105.35296223026765, 21.567593450040054 ], [ -105.35448800022877, 21.568419980048979 ], [ -105.356519719937339, 21.569552740382438 ], [ -105.358555020053998, 21.570689460046523 ], [ -105.361378420208908, 21.572130259687484 ], [ -105.363305400360019, 21.573204280107195 ], [ -105.365045950148144, 21.574069430049555 ], [ -105.365875509668712, 21.574530199629777 ], [ -105.365903419650479, 21.574545710412675 ], [ -105.366847490177378, 21.575141679737978 ], [ -105.369524769933449, 21.576528200031269 ], [ -105.371063108023492, 21.577352467895679 ], [ -105.371036046045845, 21.577377925794217 ], [ -105.371325973322911, 21.578236195220498 ], [ -105.371959231245199, 21.57881981716352 ], [ -105.372874783566672, 21.579271836844907 ], [ -105.373706409040295, 21.579315701575091 ], [ -105.374304993217436, 21.579134619687117 ], [ -105.374439090019479, 21.579211019958148 ], [ -105.376360950269174, 21.580344539578473 ], [ -105.377837430231125, 21.581141309953058 ], [ -105.380652260426359, 21.582781739750224 ], [ -105.383055600127307, 21.5841025997656 ], [ -105.383727249750635, 21.584483849569303 ], [ -105.384487169956842, 21.584689879744637 ], [ -105.384850080475701, 21.584904650118805 ], [ -105.385321679580059, 21.585228430454091 ], [ -105.386654569869137, 21.586102539967694 ], [ -105.389006680310516, 21.587486339750278 ], [ -105.390397219917702, 21.588328119711619 ], [ -105.395468890244132, 21.591161289645942 ], [ -105.399127879576696, 21.593337779850216 ], [ -105.401694480117541, 21.594887939625782 ], [ -105.403460519897052, 21.596139019632307 ], [ -105.405282230331295, 21.596793319701682 ], [ -105.406039819639631, 21.597177720054411 ], [ -105.408114750188915, 21.598510109657479 ], [ -105.41056251969286, 21.599992779928606 ], [ -105.411727629568745, 21.600804980265799 ], [ -105.413193429922188, 21.601842080194736 ], [ -105.413809139949009, 21.602390799719014 ], [ -105.414036499977456, 21.602562444013156 ], [ -105.416220646736022, 21.604211315615593 ], [ -105.41857316991792, 21.605987220412437 ], [ -105.419125710290075, 21.606351340132907 ], [ -105.419615540056441, 21.606658550296629 ], [ -105.420457750209593, 21.607320800135746 ], [ -105.421354169530701, 21.607964000065575 ], [ -105.423298800380593, 21.609412250036161 ], [ -105.423673490270062, 21.60969129032048 ], [ -105.424853879627008, 21.610440689961525 ], [ -105.425550739974184, 21.610883109720582 ], [ -105.425924780391483, 21.611148919576646 ], [ -105.427958980175106, 21.612594449953878 ], [ -105.430164799695518, 21.614128999630761 ], [ -105.433057779785472, 21.616084540096733 ], [ -105.435800339794639, 21.61796965999104 ], [ -105.437314460057621, 21.618957660274841 ], [ -105.439152079982435, 21.620095620270153 ], [ -105.439848620121651, 21.620602119711936 ], [ -105.442100659847227, 21.622393889943307 ], [ -105.443793909956128, 21.623802310205853 ], [ -105.444635630207173, 21.624718939901005 ], [ -105.444914949691622, 21.625455149568477 ], [ -105.445051294867426, 21.625838403347508 ], [ -105.444074271129622, 21.624948774114614 ], [ -105.444295532961391, 21.626060710334603 ], [ -105.44441761108483, 21.6274606442168 ], [ -105.444931561949147, 21.629047865880729 ], [ -105.445189075585816, 21.630315170711974 ], [ -105.447309516798398, 21.633904820791308 ], [ -105.447436310420386, 21.634119459897764 ], [ -105.447224350152268, 21.635158229934518 ], [ -105.446907629535133, 21.636341289926467 ], [ -105.446910119859581, 21.637299150337562 ], [ -105.447159519719065, 21.638560709762025 ], [ -105.447770909976512, 21.639976340340375 ], [ -105.448535219927678, 21.64136036996668 ], [ -105.449838769593697, 21.643561970239613 ], [ -105.450122029576121, 21.644391980335943 ], [ -105.450567169674429, 21.645538079685032 ], [ -105.451461799605383, 21.647775689693713 ], [ -105.452077400139785, 21.649216180340925 ], [ -105.452818910472033, 21.650731060094 ], [ -105.453796259711623, 21.652845540156072 ], [ -105.454133428736327, 21.653456030520001 ], [ -105.454603206159803, 21.655007277285975 ], [ -105.45573239481233, 21.657784255342214 ], [ -105.458646915902023, 21.663046397639054 ], [ -105.461485141118573, 21.668314261989188 ], [ -105.467398111604396, 21.679662486020348 ], [ -105.474203748258645, 21.692221822419747 ], [ -105.476080641845272, 21.696503632446689 ], [ -105.477179309397158, 21.698454763879514 ], [ -105.478583162335894, 21.700934207520817 ], [ -105.480292201920662, 21.704315787808902 ], [ -105.48102464893563, 21.706203980504881 ], [ -105.481749465809202, 21.707928148219544 ], [ -105.48224539628697, 21.71004139918713 ], [ -105.483695023732565, 21.711616797909944 ], [ -105.485678411146125, 21.714950996142075 ], [ -105.485827780193674, 21.715283579577093 ], [ -105.486195019840451, 21.716079679888402 ], [ -105.486287859831151, 21.716604619991084 ], [ -105.486236919718522, 21.716929399822035 ], [ -105.487400289545349, 21.719993819579432 ], [ -105.488064909577503, 21.72104097968414 ], [ -105.488681250327076, 21.721708690046999 ], [ -105.488910250369599, 21.72222471966192 ], [ -105.489252489908381, 21.722995919839104 ], [ -105.489612799654566, 21.723898939759092 ], [ -105.489797289957153, 21.724891339910137 ], [ -105.489726619666754, 21.725801460440444 ], [ -105.494258940038122, 21.734125419756669 ], [ -105.494987280223214, 21.734912850038565 ], [ -105.495645249605218, 21.735771940439133 ], [ -105.495961290050687, 21.736369019895662 ], [ -105.49641813986473, 21.737491660123233 ], [ -105.49671813952699, 21.737916479835956 ], [ -105.497286279989268, 21.738874709849046 ], [ -105.497746279902401, 21.740057769923229 ], [ -105.498043170244316, 21.741248799586906 ], [ -105.498330200208557, 21.742062370407442 ], [ -105.498829570264718, 21.743911800340737 ], [ -105.499136059727135, 21.745027079838327 ], [ -105.500100459796414, 21.747405260109769 ], [ -105.500770520413212, 21.748699460400459 ], [ -105.502630035071675, 21.751960790800595 ], [ -105.504478176907668, 21.75589776823259 ], [ -105.506629735723109, 21.760147154182022 ], [ -105.51470952586206, 21.776124311511833 ], [ -105.523475980570637, 21.792501993290763 ], [ -105.524271947816075, 21.793633502813336 ], [ -105.524598999532969, 21.794274649838773 ], [ -105.527110769986763, 21.798356229575329 ], [ -105.528779170430496, 21.80140572032057 ], [ -105.52904293726678, 21.801890611666948 ], [ -105.529472873957374, 21.802946173598784 ], [ -105.529989624965083, 21.803630907281867 ], [ -105.530218630222734, 21.804051880068702 ], [ -105.530730667909779, 21.805324337504345 ], [ -105.530899620681495, 21.806877048183487 ], [ -105.531572011250134, 21.809201207216852 ], [ -105.531941770413425, 21.809781779551937 ], [ -105.533270999709856, 21.811868800116208 ], [ -105.533875259788672, 21.812399250219592 ], [ -105.534656140125932, 21.813086540239713 ], [ -105.534849679660013, 21.813256890303446 ], [ -105.535432230399877, 21.813959059895371 ], [ -105.536238459980382, 21.814787660156057 ], [ -105.536905879847538, 21.815295219732779 ], [ -105.536997971840492, 21.815389852361484 ], [ -105.537803947962743, 21.816783182825819 ], [ -105.53791269035861, 21.817377629808547 ], [ -105.538079850231682, 21.818168660442282 ], [ -105.538083919684723, 21.818187950085363 ], [ -105.538481110048366, 21.819137490285613 ], [ -105.539757450107373, 21.821411079881891 ], [ -105.540311000197406, 21.822274860428099 ], [ -105.541579230170953, 21.823907079724545 ], [ -105.543519779957691, 21.826901630139158 ], [ -105.545166280333831, 21.829470819692638 ], [ -105.545388250225628, 21.829817180054469 ], [ -105.546597420113372, 21.831737290379813 ], [ -105.547607680339041, 21.833341490068825 ], [ -105.549289850200338, 21.835951110159805 ], [ -105.550777260116845, 21.838118230274592 ], [ -105.553192710041301, 21.841639260384824 ], [ -105.555800220154879, 21.845240850142808 ], [ -105.555874880340085, 21.84534309019303 ], [ -105.558189650266101, 21.848513379850058 ], [ -105.559973400384621, 21.851427460019011 ], [ -105.560551519780162, 21.852291289779991 ], [ -105.560952459615976, 21.853226060377512 ], [ -105.56179002987993, 21.854658380170473 ], [ -105.562953800307383, 21.856215939614554 ], [ -105.565162769954767, 21.859194460375384 ], [ -105.567977969606545, 21.862886339719363 ], [ -105.569618889675894, 21.865163580163081 ], [ -105.571355429864539, 21.867528489779684 ], [ -105.573059059545159, 21.869781280141648 ], [ -105.574437969626871, 21.871724340451312 ], [ -105.575426690033737, 21.873090549704827 ], [ -105.576278710383662, 21.874345689848301 ], [ -105.57728301987612, 21.875787419897559 ], [ -105.579150550063289, 21.878399510306938 ], [ -105.580898370050264, 21.880913919663815 ], [ -105.581793719737476, 21.882250579808744 ], [ -105.58263822985856, 21.883464829827474 ], [ -105.583488949540438, 21.88473082034298 ], [ -105.584735980311535, 21.886549019580105 ], [ -105.586690510026088, 21.889462549835649 ], [ -105.58824648024688, 21.891772449706583 ], [ -105.589996059890069, 21.89437494955061 ], [ -105.591862690094231, 21.897141509834 ], [ -105.593058110104522, 21.89899474996098 ], [ -105.594249249647561, 21.900745489845708 ], [ -105.59501523025726, 21.901935799868717 ], [ -105.596130279577366, 21.903655629830997 ], [ -105.597822320415901, 21.906257999539736 ], [ -105.599745939568905, 21.909278309726691 ], [ -105.601867999931855, 21.912693779607721 ], [ -105.603401199586685, 21.915162919698361 ], [ -105.604280619713947, 21.916772259907962 ], [ -105.605244770429394, 21.918234950003058 ], [ -105.605594630244539, 21.918825659723513 ], [ -105.606214109591946, 21.919889170149535 ], [ -105.606688579941022, 21.920600819859722 ], [ -105.607569169738241, 21.922137339862591 ], [ -105.60828865995579, 21.923378920433244 ], [ -105.609279691441799, 21.924992197674349 ], [ -105.610034139195847, 21.926309926768056 ], [ -105.610705661834288, 21.927318195118595 ], [ -105.611815619872345, 21.929172020075935 ], [ -105.612780049794765, 21.930945579751974 ], [ -105.613993000361972, 21.933016799671375 ], [ -105.615230940205038, 21.935049400131849 ], [ -105.615826792141632, 21.936033210756289 ], [ -105.618403849241304, 21.940698331618282 ], [ -105.620571997412767, 21.943935302009574 ], [ -105.6210831799077, 21.944791549635013 ], [ -105.622439089849479, 21.947256489735445 ], [ -105.624040950386913, 21.95010037012905 ], [ -105.625533310194768, 21.952744109612574 ], [ -105.626609657013759, 21.954651163954967 ], [ -105.62686511456306, 21.955121067225832 ], [ -105.627918004736358, 21.9570683847612 ], [ -105.62885645053052, 21.958863121198014 ], [ -105.629504970026275, 21.960116194375061 ], [ -105.63037131879895, 21.961695038795675 ], [ -105.631468229924195, 21.963800750127167 ], [ -105.633433249657401, 21.967800629710645 ], [ -105.633627671591512, 21.96818278224351 ], [ -105.63366312485725, 21.968267845675367 ], [ -105.634319275189199, 21.969881392510441 ], [ -105.635458779817412, 21.971893811134684 ], [ -105.635966587735155, 21.972980598282483 ], [ -105.636104611117545, 21.973299211580322 ], [ -105.63671498419238, 21.974994771089357 ], [ -105.637569503753483, 21.976572079247152 ], [ -105.638263802048186, 21.978187533250011 ], [ -105.638759729185409, 21.979278489120503 ], [ -105.639156472429804, 21.98059641019487 ], [ -105.639606621617673, 21.98156911558242 ], [ -105.640018622485442, 21.982435014070777 ], [ -105.640506919632216, 21.983409626613899 ], [ -105.64082862867545, 21.984106609920751 ], [ -105.640881314303527, 21.984237397377935 ], [ -105.64107914463537, 21.985068948161462 ], [ -105.64145299767705, 21.985971084861934 ], [ -105.641903148300798, 21.987359574706623 ], [ -105.642299890239102, 21.98829794943487 ], [ -105.642673743939852, 21.989390812951495 ], [ -105.643123893781748, 21.990552337893213 ], [ -105.643528265969778, 21.991681439415633 ], [ -105.64386397081114, 21.992511100047757 ], [ -105.644187926668707, 21.993155516645491 ], [ -105.644229095381803, 21.993268351821875 ], [ -105.644390418908273, 21.994353519490854 ], [ -105.644596419903465, 21.994948586533038 ], [ -105.644886345892886, 21.995398700944691 ], [ -105.644924572139985, 21.995484703814359 ], [ -105.645477800457016, 21.997316980144124 ], [ -105.645484002093738, 21.997336633709779 ], [ -105.645534868742232, 21.997618759120691 ], [ -105.64567877501598, 21.997953884285902 ], [ -105.646347873550553, 22.000074265427269 ], [ -105.646435170348767, 22.000496824059585 ], [ -105.646267320834497, 22.000924052630527 ], [ -105.647190512361249, 22.00413398217189 ], [ -105.648052666396694, 22.007120761532153 ], [ -105.648380743496261, 22.008484457289462 ], [ -105.649158973009449, 22.011751605338944 ], [ -105.650150833806876, 22.015814083593394 ], [ -105.651516554083912, 22.022636377831066 ], [ -105.652081159391415, 22.027150879987435 ], [ -105.652828876438974, 22.032117404186458 ], [ -105.653393482727296, 22.036912274823852 ], [ -105.653731145334845, 22.038911063739327 ], [ -105.653748379792205, 22.039194949659148 ], [ -105.653810567822006, 22.040123281112038 ], [ -105.653973357804375, 22.044480313480275 ], [ -105.653992350661483, 22.04492272505842 ], [ -105.653990319722865, 22.045908549886878 ], [ -105.654039849776481, 22.04879841975697 ], [ -105.653958230388625, 22.051531619963939 ], [ -105.653957679705897, 22.05362389035696 ], [ -105.653949209557908, 22.053905783003437 ], [ -105.653218098195168, 22.064640141455016 ], [ -105.652760339805752, 22.069555173261698 ], [ -105.650715668140165, 22.086445947777971 ], [ -105.649159294620702, 22.104576445630009 ], [ -105.648823607737384, 22.108923111325531 ], [ -105.647618185451051, 22.124177447806524 ], [ -105.647457983478205, 22.129763837570771 ], [ -105.647407168628632, 22.136385426921148 ], [ -105.647393459956035, 22.136715420216628 ], [ -105.647206380469655, 22.139657980184133 ], [ -105.647049050265721, 22.14175865029453 ], [ -105.646998170007436, 22.144815920019923 ], [ -105.647038370270323, 22.147267580305076 ], [ -105.647085280114467, 22.150948309906276 ], [ -105.647186739546328, 22.153684879799126 ], [ -105.647120649699275, 22.157638139589409 ], [ -105.647003379651309, 22.161228770309513 ], [ -105.646978249895142, 22.161998579717395 ], [ -105.646664850158089, 22.166950599752521 ], [ -105.646379080324024, 22.16970880031478 ], [ -105.645972229757447, 22.17200293988877 ], [ -105.6453582795898, 22.173794139881725 ], [ -105.644914029795473, 22.175090230147081 ], [ -105.64485587968413, 22.175259880207676 ], [ -105.643169950483141, 22.178666110336426 ], [ -105.641867850145729, 22.190279880178547 ], [ -105.642429950105893, 22.191018119929304 ], [ -105.64313045045408, 22.191998490051819 ], [ -105.643617940160993, 22.193569379633811 ], [ -105.643970139563052, 22.195199340058274 ], [ -105.644130550031562, 22.195665249882477 ], [ -105.644413880309344, 22.196575059808808 ], [ -105.644749829969982, 22.197609659776457 ], [ -105.645159139987527, 22.199071879641494 ], [ -105.645701510086866, 22.200903540115707 ], [ -105.646277739687292, 22.202600999608507 ], [ -105.646558259965929, 22.203407769998403 ], [ -105.647353179606071, 22.205807830336401 ], [ -105.648038740327976, 22.207950449820963 ], [ -105.648231509899759, 22.208752340087493 ], [ -105.648431459943239, 22.210033620324566 ], [ -105.648987980274242, 22.212327800082452 ], [ -105.64968362984537, 22.216323180224062 ], [ -105.649981750445903, 22.21817889000592 ], [ -105.650203200316383, 22.219504550255543 ], [ -105.650372999925423, 22.220844319700035 ], [ -105.65048326005514, 22.221943579577939 ], [ -105.650523289643914, 22.222342829871096 ], [ -105.650594819609168, 22.222837019801212 ], [ -105.650734060181179, 22.223799089948706 ], [ -105.650777170314498, 22.224098340354981 ], [ -105.65088378034163, 22.224838400418147 ], [ -105.651344859721135, 22.22803873967743 ], [ -105.651595350327014, 22.229637860383775 ], [ -105.652213770459639, 22.234213940318291 ], [ -105.652369630345433, 22.235023979824323 ], [ -105.652691380361503, 22.237048629660201 ], [ -105.653206720300417, 22.240773540317338 ], [ -105.653648849850114, 22.244025950178955 ], [ -105.654001430145783, 22.245959140309566 ], [ -105.654699350051501, 22.250395280279765 ], [ -105.655337680486824, 22.254206970064804 ], [ -105.655736939742596, 22.256725049908038 ], [ -105.65622957966292, 22.259226449576762 ], [ -105.656799140246406, 22.26186384991971 ], [ -105.657052400336326, 22.263408740109718 ], [ -105.657355179702037, 22.265472140421302 ], [ -105.657654459810985, 22.267046259778741 ], [ -105.658240749667982, 22.270103689671593 ], [ -105.658748380196101, 22.273066200176103 ], [ -105.659278599882015, 22.275476629887994 ], [ -105.659372430177683, 22.276135230326261 ], [ -105.659642769549677, 22.277331450009065 ], [ -105.660169019536525, 22.280250120286041 ], [ -105.660973879622588, 22.284029220049018 ], [ -105.661371149682424, 22.28606154995083 ], [ -105.661548709544633, 22.287008920009139 ], [ -105.661868429587742, 22.288648999692239 ], [ -105.662248429590164, 22.290372880197669 ], [ -105.66246193974527, 22.291248910052339 ], [ -105.662493962808412, 22.291390966612443 ], [ -105.664106347983505, 22.300635985373074 ], [ -105.666090068984516, 22.308423358065784 ], [ -105.666528008063395, 22.310108421494522 ], [ -105.666970709837813, 22.311934919901148 ], [ -105.667368552022651, 22.313342471818387 ], [ -105.667647627941619, 22.314416200388468 ], [ -105.6679141802435, 22.315789229602348 ], [ -105.668487970317273, 22.317705219848815 ], [ -105.66889214010331, 22.319277460388143 ], [ -105.669174419628135, 22.320583600373912 ], [ -105.669877309817366, 22.323364020193978 ], [ -105.670520080246945, 22.326041980067686 ], [ -105.671448799527028, 22.32947134043431 ], [ -105.672068109565174, 22.331659379863407 ], [ -105.67314308979509, 22.335569540169331 ], [ -105.673146904455152, 22.335583611643219 ], [ -105.676474083987358, 22.348691494881866 ], [ -105.679260000786186, 22.356900349261341 ], [ -105.679556380016578, 22.357984079620255 ], [ -105.680207829769714, 22.359925940386127 ], [ -105.680743199778433, 22.36156388012374 ], [ -105.682295509887595, 22.366638149770807 ], [ -105.68296608978919, 22.36859194991295 ], [ -105.683048660361209, 22.368832520181783 ], [ -105.683692779803323, 22.370725170161133 ], [ -105.684323519752866, 22.372543509796891 ], [ -105.684834079639373, 22.374158399997366 ], [ -105.685511489800149, 22.376342879719125 ], [ -105.685848430223942, 22.377599030329414 ], [ -105.686333519709365, 22.379039480130292 ], [ -105.687275799827759, 22.381569170130771 ], [ -105.688114580438594, 22.383915580224954 ], [ -105.688576230385053, 22.385193169654865 ], [ -105.688904970081609, 22.386102950228516 ], [ -105.689658709855635, 22.388211630296496 ], [ -105.691416370231266, 22.392907200429356 ], [ -105.692164030256961, 22.394943550173146 ], [ -105.693660029626898, 22.398892660079369 ], [ -105.694996690326008, 22.402196660196037 ], [ -105.695749539693026, 22.404217429671004 ], [ -105.697413579857511, 22.408344400325539 ], [ -105.698629349733977, 22.411328109768387 ], [ -105.700110090031146, 22.414906459891537 ], [ -105.701667380266088, 22.41862337006669 ], [ -105.703124020123738, 22.422306799951592 ], [ -105.703906919682055, 22.424213949860953 ], [ -105.704484850065029, 22.425581419867356 ], [ -105.705425109773003, 22.427843400254677 ], [ -105.705854118669293, 22.42882591676879 ], [ -105.706260294157445, 22.429864774336256 ], [ -105.70678851618996, 22.430967650964568 ], [ -105.707907259817247, 22.433552260270364 ], [ -105.709477419829412, 22.437018290097097 ], [ -105.709816689985203, 22.437870219694148 ], [ -105.711040430048342, 22.440471169996403 ], [ -105.712407079550815, 22.443433110293384 ], [ -105.714398479751608, 22.447657250316695 ], [ -105.715136019636347, 22.449142520418867 ], [ -105.715671120225466, 22.450224289630846 ], [ -105.71590342991486, 22.450705979600937 ], [ -105.716878520191187, 22.452727919653181 ], [ -105.718737680205749, 22.456486139655276 ], [ -105.719779970350601, 22.458614859960267 ], [ -105.72120238014584, 22.461554520072646 ], [ -105.722458169809499, 22.464024020080533 ], [ -105.723207599936629, 22.465491539625333 ], [ -105.723801769542632, 22.466646830404024 ], [ -105.723950380105464, 22.466924379832594 ], [ -105.724549219610736, 22.468042719783082 ], [ -105.72575042047967, 22.470324110321251 ], [ -105.7268686302519, 22.472411600088741 ], [ -105.727803540185377, 22.474185109774776 ], [ -105.728551800320389, 22.475607029757761 ], [ -105.729536999929365, 22.477425089725326 ], [ -105.73022538036119, 22.478711630391228 ], [ -105.731136429612434, 22.48037482984526 ], [ -105.731541140154263, 22.481072690356697 ], [ -105.731807200209175, 22.481531459828027 ], [ -105.732815280232074, 22.48340696999853 ], [ -105.733598149548314, 22.484808490152751 ], [ -105.734345199644238, 22.486149260201525 ], [ -105.734816709786017, 22.48695232003621 ], [ -105.735266799713827, 22.487742879915075 ], [ -105.735351058644568, 22.487884857111162 ], [ -105.747010222493401, 22.509294783164215 ], [ -105.748204394207008, 22.511024889034836 ], [ -105.748647349920375, 22.511790950184892 ], [ -105.749066579977722, 22.512477139790562 ], [ -105.749791260385066, 22.51371297967804 ], [ -105.750265739904734, 22.514514289824987 ], [ -105.750831170168013, 22.515419749978825 ], [ -105.751458369942952, 22.516388709616475 ], [ -105.75240197978799, 22.517893379970854 ], [ -105.753392779583081, 22.519345580043893 ], [ -105.754260310229313, 22.520645149678309 ], [ -105.75504408035988, 22.521809650289455 ], [ -105.756399520053023, 22.524287750389597 ], [ -105.757169089524794, 22.525438550270259 ], [ -105.757533169823674, 22.526167289757566 ], [ -105.757919259583844, 22.526633540437558 ], [ -105.758481549952307, 22.52703182990123 ], [ -105.758563918483574, 22.527105825448636 ], [ -105.758668303617185, 22.527760928877335 ], [ -105.759408383634408, 22.53046734181023 ], [ -105.759903096705074, 22.532040784603044 ], [ -105.759895990426003, 22.532058473387806 ], [ -105.758813287666399, 22.533856561310646 ], [ -105.758340261502809, 22.536225391332447 ], [ -105.75815512742065, 22.537687900292003 ], [ -105.756087799559552, 22.537849149650128 ], [ -105.755823339759274, 22.53810894996483 ], [ -105.755593539907736, 22.5383497497794 ], [ -105.755490089846688, 22.538494859767024 ], [ -105.755232279974607, 22.538712720311512 ], [ -105.754845780089909, 22.538978229598683 ], [ -105.754587799951196, 22.539364119972895 ], [ -105.754332079931402, 22.539725430215142 ], [ -105.754076120091284, 22.54018300027667 ], [ -105.753455540119944, 22.540642180433917 ], [ -105.75293862986932, 22.540860000108847 ], [ -105.752341859832995, 22.540671979762134 ], [ -105.751875739736448, 22.540506219924229 ], [ -105.751044379888043, 22.54007689029353 ], [ -105.750603450336484, 22.539694370238685 ], [ -105.750368569714155, 22.539407659762169 ], [ -105.750212079617114, 22.539336079627883 ], [ -105.750003940426055, 22.538783539813586 ], [ -105.74960994984184, 22.538089280063094 ], [ -105.749113350211914, 22.537187740124274 ], [ -105.748629230033075, 22.536659149559359 ], [ -105.748235450119566, 22.536214630260471 ], [ -105.74790147970171, 22.535741429571981 ], [ -105.747536830281902, 22.535185420323913 ], [ -105.74723390993465, 22.53459973994368 ], [ -105.746869260308657, 22.534043720300854 ], [ -105.746475660181687, 22.533431179942323 ], [ -105.746172400246778, 22.53290273969338 ], [ -105.745865780200901, 22.532011109653734 ], [ -105.74544249016445, 22.531454690400558 ], [ -105.745139580073186, 22.530869020110682 ], [ -105.744804629674064, 22.52997716965633 ], [ -105.74490073972612, 22.529397259737173 ], [ -105.744528119609797, 22.529112969961595 ], [ -105.744255399762167, 22.528696380276401 ], [ -105.744079236781204, 22.528292636600845 ], [ -105.743913406328176, 22.527740764655146 ], [ -105.744005539707956, 22.527458279763021 ], [ -105.743785490021679, 22.52686331967956 ], [ -105.743544430040359, 22.526529520082015 ], [ -105.743179999666779, 22.526084289784468 ], [ -105.742876769617439, 22.525833719682698 ], [ -105.74251394961567, 22.525445659672783 ], [ -105.74221305972776, 22.524999780197064 ], [ -105.741950992803595, 22.524585656575745 ], [ -105.741844348595237, 22.524341392143672 ], [ -105.741694740323524, 22.523773649819514 ], [ -105.74157074975146, 22.522909369752195 ], [ -105.741083569558072, 22.521851370002398 ], [ -105.740779539932632, 22.521293880221691 ], [ -105.740203630057891, 22.52062672041184 ], [ -105.740104757814166, 22.520516610604218 ], [ -105.739777407822373, 22.519824839432914 ], [ -105.739483697892339, 22.519206286302992 ], [ -105.739443140234229, 22.51895508024899 ], [ -105.739139940258681, 22.518147819602451 ], [ -105.738590400101216, 22.516782549646525 ], [ -105.738094079659888, 22.514840249813417 ], [ -105.7373249695776, 22.514531939990214 ], [ -105.737260430869512, 22.514502030664143 ], [ -105.73672041531384, 22.51332386657996 ], [ -105.736545340411979, 22.512523830001332 ], [ -105.735906480428582, 22.510899180300193 ], [ -105.735648431661602, 22.510407837326738 ], [ -105.735596356502413, 22.509907051811698 ], [ -105.735565979018247, 22.509869748212026 ], [ -105.735663149916405, 22.509820749725844 ], [ -105.735661889560291, 22.509253180405498 ], [ -105.733936780117943, 22.507510429900098 ], [ -105.733934479791344, 22.50714904981308 ], [ -105.733811339854299, 22.506870490380848 ], [ -105.732858901811795, 22.505479240029953 ], [ -105.732858866830369, 22.505479188931123 ], [ -105.732677857126845, 22.505043982000011 ], [ -105.732780090264839, 22.504948380376931 ], [ -105.732961449725948, 22.504863170291895 ], [ -105.732868629525285, 22.504445849701131 ], [ -105.732564509519648, 22.504056350044408 ], [ -105.732445480416473, 22.503889400418753 ], [ -105.732141720447913, 22.503443579974352 ], [ -105.731989659612466, 22.503248380074758 ], [ -105.73184052255408, 22.503134994952681 ], [ -105.731333614319624, 22.502009480350363 ], [ -105.73133360856913, 22.502009449720603 ], [ -105.731320660031528, 22.501940479888582 ], [ -105.73116167640768, 22.501627687594734 ], [ -105.7305806884264, 22.500337624202505 ], [ -105.730620020093014, 22.500129319595889 ], [ -105.730569480314443, 22.499999779552319 ], [ -105.730467370110944, 22.499738889896861 ], [ -105.730041910210204, 22.498680290146847 ], [ -105.729798179906481, 22.498178519978097 ], [ -105.729617000426614, 22.497816019946644 ], [ -105.729465340443099, 22.497565399763946 ], [ -105.729433689850339, 22.497202910026392 ], [ -105.729371380432582, 22.496897459814051 ], [ -105.729249600181973, 22.496561660029425 ], [ -105.72912845033224, 22.496422920216201 ], [ -105.728855999917101, 22.496117110157769 ], [ -105.728644170418235, 22.495531940354379 ], [ -105.728429799562932, 22.495031279987735 ], [ -105.728367660063029, 22.494556909992191 ], [ -105.728116949806562, 22.493804660076208 ], [ -105.727992860413806, 22.493386289898549 ], [ -105.727812489959732, 22.49305282029276 ], [ -105.727717120150558, 22.492438490113042 ], [ -105.727140259679715, 22.491380819843044 ], [ -105.72701967995576, 22.491017750197582 ], [ -105.726746520114446, 22.490685619956086 ], [ -105.726351550424937, 22.490016769636281 ], [ -105.725810230177103, 22.489600290425297 ], [ -105.725538619584327, 22.489602309670673 ], [ -105.725146579818329, 22.489213089793466 ], [ -105.724690689890267, 22.488461260215214 ], [ -105.724298279832851, 22.488127460299019 ], [ -105.724146480169253, 22.487766049675166 ], [ -105.724265860185596, 22.487596980319964 ], [ -105.724233090456295, 22.487123719902293 ], [ -105.72383951038546, 22.486678249593908 ], [ -105.723206570113135, 22.485955199954478 ], [ -105.722887170495071, 22.485645970280466 ], [ -105.722631089841428, 22.485399680325479 ], [ -105.722275419741166, 22.48511962038787 ], [ -105.721996579557896, 22.484900060188693 ], [ -105.721694489574688, 22.484230780002054 ], [ -105.721120229505729, 22.483787849684674 ], [ -105.720396030419963, 22.483120569799162 ], [ -105.719881000386451, 22.482173999610083 ], [ -105.718817282864919, 22.481065673064425 ], [ -105.718709839448351, 22.480921947896455 ], [ -105.718709793624257, 22.480921871567293 ], [ -105.717108770410931, 22.478254980104172 ], [ -105.716323319892666, 22.477421170454825 ], [ -105.715689860094486, 22.476781659971984 ], [ -105.71508628989119, 22.476337579635089 ], [ -105.714931829752288, 22.475809140316208 ], [ -105.714116260349215, 22.474946059946411 ], [ -105.7130933995265, 22.474532949770172 ], [ -105.712787550003341, 22.474427710306411 ], [ -105.712609979993047, 22.474367510171309 ], [ -105.712428459561721, 22.474060379933526 ], [ -105.708964229858509, 22.472401889823125 ], [ -105.708182249754472, 22.472041089649089 ], [ -105.706735080111116, 22.471126859811157 ], [ -105.705890459822953, 22.470516000052061 ], [ -105.704742549851659, 22.469293059621009 ], [ -105.703295169577515, 22.468545000166287 ], [ -105.702661550341404, 22.468353150058917 ], [ -105.702090630269183, 22.468272419626704 ], [ -105.701638750060013, 22.467939079689174 ], [ -105.701187250391143, 22.467690180347951 ], [ -105.700553970101112, 22.467580050208522 ], [ -105.699955459714175, 22.467667060334531 ], [ -105.699352289796877, 22.467586169747953 ], [ -105.698572879706902, 22.467562170107737 ], [ -105.697940319924939, 22.467759880030538 ], [ -105.696952150177111, 22.46795971956508 ], [ -105.696471369672039, 22.468240059767396 ], [ -105.695088170404617, 22.468218710353614 ], [ -105.694126089575619, 22.468055570073428 ], [ -105.692837880116016, 22.467230949795901 ], [ -105.692476820003279, 22.467176939811992 ], [ -105.691574630038687, 22.46723575000988 ], [ -105.690643949637533, 22.467324320297713 ], [ -105.689941109770757, 22.467348399899784 ], [ -105.689911860434435, 22.46735091028447 ], [ -105.689885200271235, 22.467350310139896 ], [ -105.688992820204092, 22.467330220017768 ], [ -105.688181179846978, 22.467306940456492 ], [ -105.687278979697851, 22.467365740248354 ], [ -105.686589050042357, 22.467396750156393 ], [ -105.686137849994054, 22.467511060050654 ], [ -105.685597149516099, 22.467568480043745 ], [ -105.684723429778643, 22.467349599997945 ], [ -105.683521230440263, 22.467159449748042 ], [ -105.682771090464527, 22.467133769796057 ], [ -105.68247108007057, 22.467415180121879 ], [ -105.681600150309151, 22.467474110182732 ], [ -105.680608109693907, 22.467534110257386 ], [ -105.68040982008111, 22.467529579616698 ], [ -105.678927310088696, 22.467788109959596 ], [ -105.678683019758083, 22.467880619764745 ], [ -105.678355030288927, 22.467962889547596 ], [ -105.677718150312572, 22.468076150044745 ], [ -105.677425939705628, 22.468109460381505 ], [ -105.677035800466882, 22.468135110230939 ], [ -105.676854799678679, 22.468303780089066 ], [ -105.676615679532375, 22.468667290024026 ], [ -105.676407660322411, 22.46891926027839 ], [ -105.676142540077919, 22.469474089936845 ], [ -105.675782460085543, 22.469810509703521 ], [ -105.675457349883771, 22.470067980011642 ], [ -105.675251060292695, 22.470276319961584 ], [ -105.674856380402474, 22.470598119902935 ], [ -105.674412369765307, 22.471398769988035 ], [ -105.674196799772005, 22.471851829875842 ], [ -105.672649309889948, 22.474094980293987 ], [ -105.671105779829603, 22.481562419555711 ], [ -105.671772001058883, 22.484662221737803 ], [ -105.671789999423225, 22.485461777501243 ], [ -105.672781861083905, 22.489631065105833 ], [ -105.673911063447747, 22.496066188235506 ], [ -105.674342374075096, 22.498772543761117 ], [ -105.674382420370819, 22.501523519630414 ], [ -105.674921339698656, 22.503545939975652 ], [ -105.675234879912679, 22.50720037998996 ], [ -105.675392726842063, 22.507671399754514 ], [ -105.675392739820623, 22.507671438482589 ], [ -105.675429395033007, 22.508139198336334 ], [ -105.677031627634207, 22.513326966003529 ], [ -105.678992444578739, 22.516704733985247 ], [ -105.679838362421492, 22.517921686303193 ], [ -105.682156855854188, 22.522235162306004 ], [ -105.682303708002976, 22.522565762530146 ], [ -105.683898304197683, 22.52583481731666 ], [ -105.684760454813542, 22.527747805843198 ], [ -105.684837778891662, 22.527928448585165 ], [ -105.684855890456603, 22.528045350272937 ], [ -105.685127950322226, 22.528798060311779 ], [ -105.685258977448527, 22.528912360452843 ], [ -105.686110903689922, 22.530902425236444 ], [ -105.687755117267301, 22.533128708433996 ], [ -105.687745000331148, 22.533288079580039 ], [ -105.687913450203482, 22.533440250034555 ], [ -105.688099909821304, 22.533642849629082 ], [ -105.688375579799299, 22.534701519745873 ], [ -105.688618950256043, 22.535370449932287 ], [ -105.689075089609318, 22.536485650347402 ], [ -105.68936858384069, 22.536901109178256 ], [ -105.689544243010928, 22.53743862685867 ], [ -105.690658174573002, 22.540593247013422 ], [ -105.691756838908574, 22.54149347478808 ], [ -105.691801084724943, 22.541677303244409 ], [ -105.691825909622793, 22.542087620077869 ], [ -105.691969378827736, 22.542376624326124 ], [ -105.692382474660889, 22.54409308106268 ], [ -105.693969440457934, 22.547129449079485 ], [ -105.696052327290786, 22.549496364010718 ], [ -105.697063009705147, 22.550955014629206 ], [ -105.69728171994285, 22.551686909764232 ], [ -105.697857479842725, 22.552633030018111 ], [ -105.697984693352694, 22.552805933908623 ], [ -105.698264924405223, 22.553886891411405 ], [ -105.69951783818442, 22.555663735618001 ], [ -105.700133689526453, 22.557034769966041 ], [ -105.700442060210179, 22.558455910355409 ], [ -105.700535420326659, 22.56040800028606 ], [ -105.700481459829049, 22.561914999894842 ], [ -105.700072109523703, 22.563898230200959 ], [ -105.699302910155382, 22.566479460080835 ], [ -105.698828370430363, 22.567877570299949 ], [ -105.698561709931042, 22.568380720362445 ], [ -105.697839139772924, 22.568523350365279 ], [ -105.696845969721522, 22.568499909922828 ], [ -105.695672150042597, 22.568309149849465 ], [ -105.694800519769444, 22.567978549595402 ], [ -105.69398608022486, 22.567981689658669 ], [ -105.693356599690148, 22.568096660383329 ], [ -105.692605819801884, 22.568350740277253 ], [ -105.69188542032667, 22.568466050423851 ], [ -105.691131769751934, 22.568440479989796 ], [ -105.690049829805147, 22.568389140139814 ], [ -105.689241089733358, 22.568951540308763 ], [ -105.688671830377643, 22.569651709540274 ], [ -105.688524420456858, 22.570154710405685 ], [ -105.688587350030957, 22.57076802013145 ], [ -105.688229350452829, 22.571328719843198 ], [ -105.688198999915073, 22.571351540126194 ], [ -105.6874821699747, 22.571890549878638 ], [ -105.686307819893472, 22.572033940414435 ], [ -105.685254480427233, 22.571886519652594 ], [ -105.684903579826639, 22.571821340288935 ], [ -105.684536939912007, 22.571752910416709 ], [ -105.684310115211701, 22.571793919095512 ], [ -105.680478471170318, 22.572926127269234 ], [ -105.680244550421392, 22.573077649717128 ], [ -105.680182660437367, 22.573082660348764 ], [ -105.679985370057878, 22.573771629562408 ], [ -105.676921430479396, 22.575896339905849 ], [ -105.676399909919184, 22.576785370076308 ], [ -105.675333349979439, 22.576035779591191 ], [ -105.674156030472375, 22.575756019667356 ], [ -105.67231165982848, 22.576144820298886 ], [ -105.671047939589727, 22.576344769761157 ], [ -105.670461419968163, 22.576836649681098 ], [ -105.669970050228557, 22.576881220186415 ], [ -105.669600940255478, 22.577241969930672 ], [ -105.669368580072785, 22.577790720159904 ], [ -105.668478169745242, 22.578617800296186 ], [ -105.667637580048037, 22.578881310035335 ], [ -105.666787030256202, 22.579562600258559 ], [ -105.666388509563816, 22.580744829958082 ], [ -105.666023489665037, 22.58099085021416 ], [ -105.665886260140027, 22.58261302009026 ], [ -105.665433199672421, 22.583660320286697 ], [ -105.664650749897106, 22.584095600230349 ], [ -105.664283120039954, 22.584828540348763 ], [ -105.663568230272219, 22.585449690171568 ], [ -105.66310498017269, 22.585398619608522 ], [ -105.662919969685433, 22.585039140358944 ], [ -105.662131339807758, 22.58467937960355 ], [ -105.661963679673732, 22.584940690158575 ], [ -105.661978689644869, 22.585350060048778 ], [ -105.661821709559689, 22.58545088010835 ], [ -105.661732080308752, 22.585328650349762 ], [ -105.661666319542931, 22.585092309857412 ], [ -105.661393849934669, 22.584964429666783 ], [ -105.661005580315305, 22.585168379705522 ], [ -105.660976320346435, 22.585985280271586 ], [ -105.660562029606993, 22.586362979712813 ], [ -105.660348200431343, 22.586255310442318 ], [ -105.660092829738062, 22.585925819966203 ], [ -105.659545719918569, 22.585591889943164 ], [ -105.65901015020124, 22.585488049548331 ], [ -105.658950689626892, 22.585352969597135 ], [ -105.659286719636498, 22.584949860336771 ], [ -105.659123450017944, 22.584673749792856 ], [ -105.658390710033487, 22.58468785998576 ], [ -105.658097999534903, 22.584848800017514 ], [ -105.658060580478519, 22.584787909857113 ], [ -105.65813849019554, 22.584408980069671 ], [ -105.657996480368041, 22.584092180210533 ], [ -105.657607200464497, 22.584048000118436 ], [ -105.65732384971183, 22.58353385017606 ], [ -105.657012150481833, 22.583395569794668 ], [ -105.656761939810323, 22.583475139815999 ], [ -105.656240049729234, 22.583403850091219 ], [ -105.65583893962399, 22.583690080255167 ], [ -105.655387080458311, 22.583735829617314 ], [ -105.65488431021717, 22.583545689568812 ], [ -105.654739829873364, 22.583297720197788 ], [ -105.654989059702729, 22.582970049587239 ], [ -105.654587769685818, 22.582296029726482 ], [ -105.65418910963227, 22.581824279647655 ], [ -105.654213139889549, 22.581429890234478 ], [ -105.653916119587421, 22.581296659914219 ], [ -105.653862740228405, 22.581129620226207 ], [ -105.654019719782184, 22.580753140082546 ], [ -105.653358490369371, 22.580705110259196 ], [ -105.653388649999314, 22.580830090247513 ], [ -105.650571720159761, 22.579469750383037 ], [ -105.647647399854961, 22.578802250352837 ], [ -105.639712399681059, 22.576887000439562 ], [ -105.639212980393083, 22.576984580015758 ], [ -105.640385969656677, 22.57897245032321 ], [ -105.640988179701111, 22.579503569563062 ], [ -105.641372919846745, 22.580684080010638 ], [ -105.641465289792251, 22.58076125967813 ], [ -105.642186200094969, 22.582929119649993 ], [ -105.642701570231139, 22.58555116975533 ], [ -105.643169659985546, 22.590072999936059 ], [ -105.642437170425509, 22.590155430146279 ], [ -105.642158420470309, 22.593888650154653 ], [ -105.641300279848565, 22.593535830057636 ], [ -105.640405720245894, 22.593370249654871 ], [ -105.638967800091606, 22.593592109943209 ], [ -105.636177019562041, 22.593459549598201 ], [ -105.63402937985002, 22.593466370205388 ], [ -105.63094951990729, 22.59298014990549 ], [ -105.63055753972462, 22.592324740025234 ], [ -105.631408630450537, 22.588753769984194 ], [ -105.626324970380878, 22.579356320285839 ], [ -105.626222200480242, 22.579187710205574 ], [ -105.622036459929546, 22.571425520091779 ], [ -105.619441480137979, 22.5695318199745 ], [ -105.617668979726616, 22.568238259855942 ], [ -105.612112630075686, 22.568158970443029 ], [ -105.60630065972812, 22.564006419830388 ], [ -105.605350769596029, 22.561166179574549 ], [ -105.600476579659343, 22.558887799836853 ], [ -105.599861030135074, 22.546549029958488 ], [ -105.599870620179445, 22.545323799737041 ], [ -105.5999094897643, 22.544404519933309 ], [ -105.600129549637174, 22.543766659757292 ], [ -105.600680450381986, 22.543241629556785 ], [ -105.601635570213475, 22.542547679816945 ], [ -105.601656139616637, 22.542193580258775 ], [ -105.601473999768643, 22.541819109575325 ], [ -105.601088460392887, 22.54142286015863 ], [ -105.600855379696739, 22.541048480219128 ], [ -105.600669680231562, 22.540414420198086 ], [ -105.60051267987059, 22.540039179674736 ], [ -105.599632320245576, 22.538752659890211 ], [ -105.599059139857616, 22.537510999623741 ], [ -105.598288230386544, 22.536671140129709 ], [ -105.597345150436013, 22.536304599764978 ], [ -105.596481489876538, 22.536196350397383 ], [ -105.594076260051011, 22.536458340100438 ], [ -105.593237859533104, 22.536397090353844 ], [ -105.592576449833984, 22.536239480066396 ], [ -105.591732540268126, 22.53582545013446 ], [ -105.590781819818048, 22.534727850149199 ], [ -105.58990774005494, 22.533771030218709 ], [ -105.58389316989809, 22.53348422960055 ], [ -105.575951140180081, 22.535149750142971 ], [ -105.576190509815518, 22.538021490080492 ], [ -105.573644339906934, 22.539251170294559 ], [ -105.566683109524405, 22.538313340357657 ], [ -105.560381749701449, 22.537298230416994 ], [ -105.555774309958352, 22.538101880381973 ], [ -105.553377830110392, 22.53885632026633 ], [ -105.552971340309767, 22.538984019965426 ], [ -105.552516920482105, 22.539126770421269 ], [ -105.541675940249604, 22.536536880218378 ], [ -105.53993477009827, 22.535593339834108 ], [ -105.540038350080266, 22.531326549889563 ], [ -105.538374969608469, 22.530401569620992 ], [ -105.538357920065494, 22.530230909996817 ], [ -105.537805120281973, 22.52846262992967 ], [ -105.537203970218044, 22.526544379672348 ], [ -105.537126370467547, 22.526296719906782 ], [ -105.537110310448611, 22.526245489615789 ], [ -105.536384540073016, 22.523929510101084 ], [ -105.535717539717965, 22.52180093991219 ], [ -105.535682200203439, 22.521688170426003 ], [ -105.535360369891478, 22.520661109887349 ], [ -105.535064480236201, 22.519716849863496 ], [ -105.535010139963106, 22.519543370218081 ], [ -105.534932859953344, 22.519296769570197 ], [ -105.534312020430363, 22.517315379719719 ], [ -105.534298280486581, 22.517271569932888 ], [ -105.533596319970201, 22.515031229917646 ], [ -105.533108050245147, 22.515227580388064 ], [ -105.532124080274173, 22.515282779550692 ], [ -105.531863080131856, 22.515297429664905 ], [ -105.531432600144427, 22.515321579555007 ], [ -105.531452509615264, 22.516122619879013 ], [ -105.531452090475327, 22.516158909572386 ], [ -105.531048460168236, 22.516083179733222 ], [ -105.529928950169236, 22.515970059965309 ], [ -105.529584250060978, 22.515958800447681 ], [ -105.529564319660693, 22.516023080363372 ], [ -105.528882579949951, 22.517188679986454 ], [ -105.529319460307491, 22.518754740067273 ], [ -105.529369519805613, 22.518907980350026 ], [ -105.527137059807217, 22.518943570243433 ], [ -105.526379779642639, 22.519249170240414 ], [ -105.52641430954624, 22.519992020161808 ], [ -105.524564860458383, 22.519802000252753 ], [ -105.524536689709279, 22.519800319704334 ], [ -105.524725449530436, 22.520324340122315 ], [ -105.524691740050699, 22.520331919906649 ], [ -105.521938060069374, 22.520995280305748 ], [ -105.521889400474919, 22.520547629642323 ], [ -105.5204131399787, 22.520729250167623 ], [ -105.520141719593155, 22.520463289985656 ], [ -105.520098650032239, 22.520739369992128 ], [ -105.518452340069942, 22.519959489648098 ], [ -105.517802890312893, 22.520113779885236 ], [ -105.517294770049674, 22.520183080095745 ], [ -105.51728547981952, 22.5200834002381 ], [ -105.51681257003078, 22.519935119779841 ], [ -105.516670140019713, 22.519508479741127 ], [ -105.516604820427943, 22.51902264997695 ], [ -105.516035250345055, 22.518973170171861 ], [ -105.515824629663456, 22.518026280365714 ], [ -105.514464979942147, 22.518286570267517 ], [ -105.513422319667811, 22.518484980299178 ], [ -105.513174350420257, 22.517022090014493 ], [ -105.51286293988241, 22.517132579653261 ], [ -105.510382780185054, 22.517004780201756 ], [ -105.509566579985673, 22.516962709683686 ], [ -105.50848914981627, 22.518771000232679 ], [ -105.508429719751149, 22.518870749672473 ], [ -105.507714400445323, 22.520071260105556 ], [ -105.506162549991032, 22.522675650120728 ], [ -105.504848710084943, 22.524880520030809 ], [ -105.504582279799209, 22.525327620030822 ], [ -105.503980020093593, 22.526338280363881 ], [ -105.503179350053458, 22.527681859675489 ], [ -105.502846740198152, 22.526900259593024 ], [ -105.502913940108471, 22.526366539814102 ], [ -105.502884380176255, 22.526114750013591 ], [ -105.50267630953384, 22.52559367959611 ], [ -105.502056490369426, 22.525142109843891 ], [ -105.501549650308377, 22.525069660446398 ], [ -105.500800569600159, 22.525072060103739 ], [ -105.500240380098944, 22.525103400393906 ], [ -105.499270720194957, 22.524688480209722 ], [ -105.498765979849153, 22.524458620246058 ], [ -105.49796688009728, 22.524261490181502 ], [ -105.497276549620821, 22.524136979563568 ], [ -105.496621450050057, 22.524175659875688 ], [ -105.496103579935578, 22.523996709648639 ], [ -105.495977119626346, 22.523876379767319 ], [ -105.495742000075623, 22.523321649656008 ], [ -105.495085619692162, 22.523104259907129 ], [ -105.494395579536487, 22.523496480322436 ], [ -105.493982319562917, 22.523627739922539 ], [ -105.493577800083159, 22.523565430256003 ], [ -105.493198029678666, 22.523422450456188 ], [ -105.493079340073507, 22.522452050256511 ], [ -105.493224180187383, 22.521870149854134 ], [ -105.493180709741736, 22.520279820029089 ], [ -105.492503450297761, 22.519699820202664 ], [ -105.492015660017813, 22.519448380218211 ], [ -105.49023138024485, 22.519354170159446 ], [ -105.488927910061719, 22.518979520083771 ], [ -105.488639920246158, 22.518862739684305 ], [ -105.488270620258376, 22.518883770352964 ], [ -105.487429679789955, 22.518459999740042 ], [ -105.487113519924861, 22.517975260026812 ], [ -105.48664610997352, 22.517726229930112 ], [ -105.486205510268022, 22.517577430123321 ], [ -105.484924119612415, 22.517449020266838 ], [ -105.484219800494174, 22.517679110249354 ], [ -105.483796489625618, 22.517712819879677 ], [ -105.483604860438817, 22.517410629859107 ], [ -105.48360455036655, 22.516555980338172 ], [ -105.483372940419585, 22.516227570114562 ], [ -105.48274024986128, 22.515826650125696 ], [ -105.482613709946804, 22.515722509635459 ], [ -105.481986119758162, 22.515061920043824 ], [ -105.481757449611976, 22.514419429699014 ], [ -105.48066134987468, 22.513929979936616 ], [ -105.480950719731482, 22.511833880211316 ], [ -105.48097289037581, 22.51160331955596 ], [ -105.480930539520728, 22.511345479899255 ], [ -105.480683259547135, 22.510689399969223 ], [ -105.48064827966698, 22.510330090274035 ], [ -105.480701679967055, 22.509950719642298 ], [ -105.480909030004426, 22.50973980028057 ], [ -105.481457739641172, 22.509467540365019 ], [ -105.481587940453323, 22.508808689920297 ], [ -105.481595940229028, 22.508768260372054 ], [ -105.481471049742566, 22.508710380012175 ], [ -105.48133231030809, 22.508574259886171 ], [ -105.479522060400427, 22.507961979951897 ], [ -105.479330750274499, 22.507843250341132 ], [ -105.479183689579685, 22.507565910337732 ], [ -105.479366449783242, 22.507041029702094 ], [ -105.479274770265121, 22.506716819838122 ], [ -105.479158920183536, 22.506307120062111 ], [ -105.478473550463292, 22.505064420208384 ], [ -105.478348120410885, 22.504977149737655 ], [ -105.47763285974581, 22.505135690355264 ], [ -105.476335230485475, 22.505686649881142 ], [ -105.475558429606181, 22.505615689600539 ], [ -105.474852620172271, 22.505458250074899 ], [ -105.474540349842755, 22.504867289774772 ], [ -105.474670150320875, 22.504733249763873 ], [ -105.474635830041251, 22.504525629827395 ], [ -105.474422260301395, 22.503233820011122 ], [ -105.474060290409597, 22.502900430247195 ], [ -105.472074349939362, 22.503972489561942 ], [ -105.471828020012637, 22.504272479587758 ], [ -105.471703290179235, 22.504680309875859 ], [ -105.471678719623284, 22.505123449730217 ], [ -105.471556630226758, 22.505323140331637 ], [ -105.471296380238357, 22.505465579672499 ], [ -105.471115890433978, 22.505507999539862 ], [ -105.471052890280617, 22.505564319598655 ], [ -105.470810449641434, 22.505630569914672 ], [ -105.470388999560711, 22.505613859996206 ], [ -105.470349749982645, 22.505534820408862 ], [ -105.468600550288713, 22.505394150190305 ], [ -105.466448320459804, 22.505387880033229 ], [ -105.466324509608, 22.505476969879457 ], [ -105.465016549631144, 22.506885180118775 ], [ -105.464999449585562, 22.506903619873096 ], [ -105.464297019538265, 22.5080357198561 ], [ -105.464037429985652, 22.508836169894263 ], [ -105.463883340059724, 22.509455630443739 ], [ -105.463749279784267, 22.509994520274237 ], [ -105.463478340100423, 22.510354920245955 ], [ -105.463341290336189, 22.510473650107613 ], [ -105.463212349641921, 22.510606630364439 ], [ -105.46306582984856, 22.51066050959259 ], [ -105.462800320048714, 22.510753200183597 ], [ -105.46236717959907, 22.510741229960736 ], [ -105.462126780277103, 22.510478430185291 ], [ -105.462082879703217, 22.510151369957512 ], [ -105.462068820189629, 22.510046659579217 ], [ -105.462180770133642, 22.509540820150818 ], [ -105.461759029655454, 22.509124630176352 ], [ -105.46133202997747, 22.508538710070969 ], [ -105.460836799796354, 22.508568110235686 ], [ -105.460452769706478, 22.508983430074785 ], [ -105.460291739767328, 22.509360449869369 ], [ -105.459522970038634, 22.509983979790604 ], [ -105.459144090098292, 22.510506570376027 ], [ -105.458674879921318, 22.511153750156968 ], [ -105.458374509545081, 22.512340780074226 ], [ -105.457751650232794, 22.513886520041765 ], [ -105.457685460007028, 22.513982490210491 ], [ -105.457205309988026, 22.514678820143313 ], [ -105.456970230321701, 22.515480619665048 ], [ -105.456731200369973, 22.516295880093818 ], [ -105.456139490447143, 22.516922089713493 ], [ -105.455270259734519, 22.517438290308277 ], [ -105.454838859761026, 22.518027319568152 ], [ -105.454726319667216, 22.518260230021621 ], [ -105.454483570382749, 22.518762660425914 ], [ -105.453536060407657, 22.519426799563828 ], [ -105.452877830190346, 22.519569770062208 ], [ -105.452510630133546, 22.519649520401799 ], [ -105.451718940094452, 22.51965089032629 ], [ -105.450532379944946, 22.519691050232904 ], [ -105.449345630203766, 22.520025419711047 ], [ -105.446777370380588, 22.520950030399074 ], [ -105.444918879549746, 22.521579059995791 ], [ -105.443774770247927, 22.522316549949206 ], [ -105.442970369505403, 22.523068629592679 ], [ -105.442710629535753, 22.52331112032439 ], [ -105.44264829012053, 22.523371660070595 ], [ -105.441724689844165, 22.524268429893027 ], [ -105.441547709549496, 22.5246144902517 ], [ -105.441292229798108, 22.525114060026809 ], [ -105.441368369699191, 22.525530089643294 ], [ -105.441444420104816, 22.525945550063359 ], [ -105.442080770049856, 22.527118249979385 ], [ -105.442346460455767, 22.527374349689662 ], [ -105.442954690142756, 22.527960620334799 ], [ -105.443153140373568, 22.528108479769969 ], [ -105.4436172803061, 22.528454279893264 ], [ -105.443984519687163, 22.528728520072914 ], [ -105.444225429806238, 22.529426030458392 ], [ -105.444053400167078, 22.529945139874151 ], [ -105.444030480281683, 22.530014290312739 ], [ -105.443956369674112, 22.530083249841265 ], [ -105.443397600359518, 22.53060323004323 ], [ -105.442132680338489, 22.530716510011885 ], [ -105.440828109964428, 22.531013819766834 ], [ -105.440183200056751, 22.531616289740629 ], [ -105.440078290296114, 22.531714310217673 ], [ -105.439417479709491, 22.532900110193715 ], [ -105.439095459543466, 22.533477950282315 ], [ -105.438348199619895, 22.535317149968865 ], [ -105.438329479557382, 22.535367940389097 ], [ -105.437996459686175, 22.536271229780418 ], [ -105.437286079915054, 22.536897889912382 ], [ -105.436616179521153, 22.537523370335901 ], [ -105.436294629893197, 22.538321490123614 ], [ -105.436536259908408, 22.539237830327444 ], [ -105.436775149703067, 22.539971719651575 ], [ -105.436816549894019, 22.540742680356743 ], [ -105.436440170391975, 22.542188289615549 ], [ -105.436347819658764, 22.542542999761181 ], [ -105.436024110203547, 22.543243980282803 ], [ -105.435719579916878, 22.543903449701933 ], [ -105.435705119952175, 22.543938999644276 ], [ -105.435405479760462, 22.544675309708868 ], [ -105.435385550330153, 22.544778689649114 ], [ -105.435094029963977, 22.546291619726748 ], [ -105.434961170181083, 22.54764908956188 ], [ -105.434863979886217, 22.548641999700632 ], [ -105.434815770452062, 22.548913459883448 ], [ -105.434625539831501, 22.549984199775171 ], [ -105.434747019830084, 22.550938369867328 ], [ -105.435012350470757, 22.551273629846321 ], [ -105.435500829997821, 22.551890819784152 ], [ -105.435582350402001, 22.552000310370936 ], [ -105.436455880416005, 22.553173600359411 ], [ -105.436768829894163, 22.55394857989414 ], [ -105.436973600272282, 22.554455680319219 ], [ -105.437068679677324, 22.554691119733508 ], [ -105.437092980358784, 22.554751320160449 ], [ -105.437651339725207, 22.555739630057769 ], [ -105.437559630476713, 22.556158110076829 ], [ -105.437377569913693, 22.556988920035387 ], [ -105.43678735034014, 22.557872939645975 ], [ -105.436674830022227, 22.557966249728782 ], [ -105.435717150013659, 22.558760369891974 ], [ -105.435487819690294, 22.55925320044123 ], [ -105.435279910441324, 22.55969999971424 ], [ -105.435503090218575, 22.560392460043019 ], [ -105.436252109971775, 22.561001480437991 ], [ -105.437044969940587, 22.561611480226119 ], [ -105.437311680034057, 22.562467179817283 ], [ -105.437533769544473, 22.563609180286615 ], [ -105.437844739709462, 22.564178910447957 ], [ -105.438285680180954, 22.564707599723693 ], [ -105.438727579702828, 22.565236260149049 ], [ -105.438730569912323, 22.566459950114702 ], [ -105.438425860184964, 22.567562290004364 ], [ -105.437901119652537, 22.568256879588414 ], [ -105.437510539548612, 22.570853680082646 ], [ -105.437386660410198, 22.573138520161589 ], [ -105.437434179938165, 22.574442740315039 ], [ -105.437791020354894, 22.576073049963188 ], [ -105.438014939650472, 22.577703219724786 ], [ -105.437625860134489, 22.579458399881268 ], [ -105.437147310084967, 22.580723849790775 ], [ -105.436930460157413, 22.581907400146367 ], [ -105.437599829822943, 22.584911850068721 ], [ -105.438528549685543, 22.586989940243139 ], [ -105.439060200007276, 22.587885310167948 ], [ -105.440072519879109, 22.588534750064049 ], [ -105.441394550297034, 22.589550539698443 ], [ -105.442320199649004, 22.590364460220055 ], [ -105.445183060113791, 22.591701830150097 ], [ -105.452370080020884, 22.595323629688092 ], [ -105.452944000232634, 22.596056090232089 ], [ -105.454265619635606, 22.596867980080543 ], [ -105.455235649826122, 22.597721659617751 ], [ -105.455986400411263, 22.598739090412202 ], [ -105.456209459794877, 22.599717219934778 ], [ -105.456036969686508, 22.600737250042837 ], [ -105.455511659557288, 22.601432029588352 ], [ -105.45525282028072, 22.601922779881935 ], [ -105.454938370180415, 22.603441489897474 ], [ -105.454890170353536, 22.604330979979039 ], [ -105.454426829962784, 22.605211249974346 ], [ -105.453374549624016, 22.606111419841447 ], [ -105.452410999535687, 22.607256030062526 ], [ -105.451579059824169, 22.608318690269346 ], [ -105.450570180250466, 22.609055600001327 ], [ -105.449427940314848, 22.609344280027116 ], [ -105.448505259740443, 22.609550780247236 ], [ -105.448111379609045, 22.610122820440182 ], [ -105.448114150173467, 22.610979230017687 ], [ -105.4484260299417, 22.612242599987749 ], [ -105.448563370436119, 22.614548149545069 ], [ -105.449139749650712, 22.61601468996091 ], [ -105.449629660166408, 22.617930079599674 ], [ -105.45016449001217, 22.620130800425223 ], [ -105.450079199662355, 22.620946659625304 ], [ -105.449731120469806, 22.622089540058969 ], [ -105.449471140413479, 22.623272939560962 ], [ -105.449572109990314, 22.624596540261514 ], [ -105.450235830041379, 22.625858910359682 ], [ -105.450458620197381, 22.626755480245787 ], [ -105.451031219643269, 22.627039349962846 ], [ -105.452262629525407, 22.627076659676753 ], [ -105.456746780084572, 22.626696919728126 ], [ -105.458372740103982, 22.62636602976043 ], [ -105.460218830252089, 22.626116049642878 ], [ -105.462592179906537, 22.625742199924783 ], [ -105.463884429902052, 22.625663309949452 ], [ -105.465204049583207, 22.625781830123397 ], [ -105.466655180221835, 22.625777619895494 ], [ -105.467710000368101, 22.625611419821446 ], [ -105.468192459985517, 22.625242980027746 ], [ -105.468719600006722, 22.625078309578921 ], [ -105.469951120213722, 22.625156280179649 ], [ -105.47149186005565, 22.625641140323616 ], [ -105.472356090129225, 22.626503910310849 ], [ -105.4726806195808, 22.62718499980523 ], [ -105.472996319990173, 22.628369079696629 ], [ -105.473929019896104, 22.631057920294271 ], [ -105.474198889953044, 22.632810739687272 ], [ -105.473980689827812, 22.633300749760409 ], [ -105.473453949687951, 22.633587780342559 ], [ -105.472534220147196, 22.63469160024658 ], [ -105.471571320379169, 22.636040229660793 ], [ -105.471352829537551, 22.636448690186626 ], [ -105.470875779654364, 22.638431550454438 ], [ -105.470221679965562, 22.640064739637911 ], [ -105.470213199624979, 22.640141770185174 ], [ -105.469367859900643, 22.64143682972475 ], [ -105.469328549683993, 22.641395859838386 ], [ -105.469281319873346, 22.641435139861493 ], [ -105.468248459561707, 22.641783340130775 ], [ -105.467415080235753, 22.642438280196853 ], [ -105.466890629827958, 22.643418570134308 ], [ -105.466368719984203, 22.643967400385176 ], [ -105.466080650019521, 22.643968250021842 ], [ -105.464855520424791, 22.64610883041939 ], [ -105.46122019960255, 22.646657120245383 ], [ -105.460390940118558, 22.647549940242254 ], [ -105.46038214020794, 22.649716679870981 ], [ -105.460556780465254, 22.651230419980546 ], [ -105.461225719765224, 22.653180819597079 ], [ -105.461637260255529, 22.654476490048857 ], [ -105.461750829648139, 22.655080739997238 ], [ -105.462373520123592, 22.656904770092144 ], [ -105.463677110246977, 22.65717565029081 ], [ -105.463963110006461, 22.659238310384232 ], [ -105.498063849792658, 22.651390749585595 ], [ -105.500459449991268, 22.657423369557467 ], [ -105.511512310060041, 22.685249309643531 ], [ -105.513694119916934, 22.693790739641496 ], [ -105.522893459693165, 22.724334799570403 ], [ -105.521136350094238, 22.72835563012945 ], [ -105.520798600063642, 22.729415220244043 ], [ -105.515262829877486, 22.739469889846575 ], [ -105.514082229960351, 22.759328449857353 ], [ -105.519368200084656, 22.75900226038355 ], [ -105.523194770427608, 22.773075319722551 ], [ -105.523460349780009, 22.77348771028182 ], [ -105.523929110117763, 22.774005090023504 ], [ -105.524596080072982, 22.774478569674422 ], [ -105.52477223014192, 22.774769889803643 ], [ -105.524692060189508, 22.775170150192682 ], [ -105.52450659982361, 22.775495090207045 ], [ -105.524355480363184, 22.775646939715813 ], [ -105.524005800395585, 22.775756199604164 ], [ -105.523574109899755, 22.775779229814756 ], [ -105.523037080353191, 22.775716119826249 ], [ -105.522581379643412, 22.775566259764357 ], [ -105.522148510335185, 22.775275800104193 ], [ -105.521901970088209, 22.774887420023994 ], [ -105.521818719534167, 22.774476859787665 ], [ -105.521628949558405, 22.773677489909609 ], [ -105.521428420104328, 22.773105170348124 ], [ -105.521269689613618, 22.772859879959363 ], [ -105.521171600019557, 22.772679539641853 ], [ -105.520781619776628, 22.772590479670271 ], [ -105.520391950256894, 22.772591739655613 ], [ -105.519905579996092, 22.772773999703627 ], [ -105.519809200237816, 22.773045309570069 ], [ -105.519617800486017, 22.773949280103679 ], [ -105.519331020030961, 22.775395570339192 ], [ -105.519235999777237, 22.776028220007699 ], [ -105.519042539919994, 22.776390179694616 ], [ -105.518653910124641, 22.776662449915957 ], [ -105.518362340115772, 22.776844059881711 ], [ -105.517924309546487, 22.777208059950073 ], [ -105.517749690412415, 22.77769333988801 ], [ -105.517497830066262, 22.778295890347632 ], [ -105.517209879818239, 22.778748449698295 ], [ -105.516910310450342, 22.779287800162333 ], [ -105.516581519919384, 22.779923860258112 ], [ -105.516512020148014, 22.780557830395797 ], [ -105.516710820196806, 22.781187599925055 ], [ -105.516993430383707, 22.781730830135906 ], [ -105.517376820460299, 22.782091059764895 ], [ -105.517887349983781, 22.782545549951944 ], [ -105.518678150416704, 22.783076109566192 ], [ -105.518886489826514, 22.78334997972582 ], [ -105.519027889693291, 22.7836215995837 ], [ -105.519121290186249, 22.783890490164815 ], [ -105.518974170297312, 22.784068820144782 ], [ -105.518584829631905, 22.784160419934967 ], [ -105.518097719983729, 22.784161999659265 ], [ -105.517707710300911, 22.784072939951223 ], [ -105.51730517958309, 22.784170030242418 ], [ -105.516887380151758, 22.784321649571364 ], [ -105.516555349980564, 22.784453540370041 ], [ -105.516114179702342, 22.784809939733222 ], [ -105.515663679662211, 22.78517542977588 ], [ -105.514949599674026, 22.785724549872914 ], [ -105.514695120119825, 22.786070050271579 ], [ -105.514442380131811, 22.786796619601329 ], [ -105.514512519932538, 22.787158280310742 ], [ -105.514623379744762, 22.787340250220971 ], [ -105.514893249728473, 22.787518579687024 ], [ -105.514973749559587, 22.787699339569343 ], [ -105.514994170333694, 22.787875750016671 ], [ -105.514605509715224, 22.788148020134514 ], [ -105.513925229683963, 22.78860187966675 ], [ -105.513633290307851, 22.788693169626139 ], [ -105.51324393984784, 22.788784740409124 ], [ -105.512756830293711, 22.788786320180481 ], [ -105.512330259702821, 22.788788319780892 ], [ -105.51207485953492, 22.788788509698261 ], [ -105.511588750185126, 22.789061059857691 ], [ -105.511297829925041, 22.789423339879331 ], [ -105.511134370237457, 22.78989618041701 ], [ -105.511155979713564, 22.789966799589884 ], [ -105.511444679530229, 22.790909980350083 ], [ -105.509486539605106, 22.791863030408177 ], [ -105.509164890277503, 22.792230519807465 ], [ -105.508777860093261, 22.792954429686922 ], [ -105.508584690107355, 22.79340671987449 ], [ -105.508621620498246, 22.793855680407777 ], [ -105.508684799622216, 22.794129079841817 ], [ -105.508978080410145, 22.794399140239399 ], [ -105.509368119641692, 22.794488230111742 ], [ -105.509757850013969, 22.794486979813257 ], [ -105.510049120101698, 22.794215060188094 ], [ -105.510242629819771, 22.793853090200479 ], [ -105.51053390974981, 22.793581150331633 ], [ -105.510825849882465, 22.793489890062713 ], [ -105.511102940270561, 22.79365963035157 ], [ -105.511305309643589, 22.794043649683765 ], [ -105.511347219958168, 22.794502649840226 ], [ -105.511268690120104, 22.794999250187214 ], [ -105.510973830054411, 22.79576564964793 ], [ -105.511026049891043, 22.796156260274653 ], [ -105.511114580046794, 22.796640830024003 ], [ -105.511182029535433, 22.796910490036545 ], [ -105.510539919553167, 22.797160720337455 ], [ -105.50952322045346, 22.797548650087816 ], [ -105.508699200278116, 22.798013400288585 ], [ -105.508212380482817, 22.798105290095716 ], [ -105.507724909973703, 22.798016509774701 ], [ -105.507138979534346, 22.797657029557747 ], [ -105.506943779890648, 22.797567320080049 ], [ -105.506651489945042, 22.797568249976734 ], [ -105.50645730968354, 22.797749539905265 ], [ -105.506264109939465, 22.798201819579582 ], [ -105.50627312019644, 22.800640820139467 ], [ -105.506177349877987, 22.801092779840118 ], [ -105.505888059802487, 22.801906719705404 ], [ -105.505403890369521, 22.8027212600248 ], [ -105.505210349558794, 22.803083219854969 ], [ -105.505211350322213, 22.803354220390666 ], [ -105.505601750009305, 22.803533650262729 ], [ -105.506089939653734, 22.803803090308524 ], [ -105.506286140019427, 22.804163799899019 ], [ -105.506190369692206, 22.80461577968893 ], [ -105.50599751004016, 22.805158400355491 ], [ -105.505610430067691, 22.805882310400101 ], [ -105.505171150068293, 22.806210379889052 ], [ -105.504953449847335, 22.806512720256819 ], [ -105.504702219906022, 22.806427179766491 ], [ -105.504345749834101, 22.806428310454269 ], [ -105.503955680232735, 22.806339219588132 ], [ -105.503760459770419, 22.806249489900633 ], [ -105.503467489898497, 22.806069749938462 ], [ -105.502786340417771, 22.806315479544107 ], [ -105.502789419853713, 22.807155910014981 ], [ -105.502694629958711, 22.807878880299622 ], [ -105.50259886021955, 22.808330850415391 ], [ -105.502505059779509, 22.809324819652005 ], [ -105.502409280259485, 22.80977677990791 ], [ -105.502130289656279, 22.809950489848571 ], [ -105.502094480431126, 22.810109170441326 ], [ -105.501918450438325, 22.810019429703726 ], [ -105.501825629955732, 22.810049630255246 ], [ -105.501337779976737, 22.809870490271575 ], [ -105.501272110309145, 22.809689910389093 ], [ -105.501132879580354, 22.809618919970898 ], [ -105.500487570282118, 22.809417380336914 ], [ -105.499793090155109, 22.810486719558316 ], [ -105.499782059750416, 22.810778719880762 ], [ -105.499684940420494, 22.810869370101159 ], [ -105.499295850178797, 22.811051250048152 ], [ -105.498906419861427, 22.811142799578093 ], [ -105.497932020466322, 22.811145850399157 ], [ -105.497347050459013, 22.811057339611612 ], [ -105.49685985007136, 22.811058860446725 ], [ -105.496496349777985, 22.810955620267045 ], [ -105.494968859941793, 22.810518889953336 ], [ -105.494938599947403, 22.810616229641724 ], [ -105.494852169815843, 22.810892999763208 ], [ -105.494899229670537, 22.811938120371813 ], [ -105.494902249658679, 22.812984229830249 ], [ -105.495070019784677, 22.813291939891219 ], [ -105.495462860142851, 22.813516460223315 ], [ -105.496043320270218, 22.813723109544608 ], [ -105.496285000261636, 22.813861139575771 ], [ -105.4964807503613, 22.814041059631212 ], [ -105.496385049821271, 22.814312940123973 ], [ -105.496286380101466, 22.81458398043134 ], [ -105.495703969962236, 22.814676150238387 ], [ -105.494826709662235, 22.814768630335465 ], [ -105.494048399806019, 22.814861600119812 ], [ -105.493587719592185, 22.814948400211687 ], [ -105.493561000387373, 22.814953430011919 ], [ -105.493512659518458, 22.815021399639626 ], [ -105.493367319967135, 22.815225709721972 ], [ -105.493368970358063, 22.815586199730902 ], [ -105.493615580428596, 22.816130219877667 ], [ -105.494310479650949, 22.816872800034268 ], [ -105.494736750260813, 22.816936599763398 ], [ -105.495126629519248, 22.81693597020746 ], [ -105.495477970390951, 22.816997050131715 ], [ -105.495731309506155, 22.817131169684959 ], [ -105.495864780145595, 22.817364279857824 ], [ -105.495758520377123, 22.817793510040453 ], [ -105.495336540339267, 22.818212620056524 ], [ -105.494743379596684, 22.818865349774264 ], [ -105.494387579617367, 22.819566310389558 ], [ -105.493899860430062, 22.820317460011054 ], [ -105.493514650306082, 22.820644920412771 ], [ -105.493070580300099, 22.821047620446762 ], [ -105.492851769984952, 22.821357279610744 ], [ -105.492788479569526, 22.821642119901121 ], [ -105.49283041994336, 22.82211976956917 ], [ -105.493032480373074, 22.823098740254789 ], [ -105.493330169891905, 22.823988349948486 ], [ -105.493583740478215, 22.824690079876543 ], [ -105.493540820133674, 22.825367619719167 ], [ -105.493495510279118, 22.825880829605971 ], [ -105.493406719904613, 22.826155290237079 ], [ -105.493210650055858, 22.826336799702705 ], [ -105.49291971027445, 22.826337919659476 ], [ -105.492625979857493, 22.826158379659848 ], [ -105.491846920237322, 22.825889909984326 ], [ -105.491455750436458, 22.825619029896995 ], [ -105.491063820212332, 22.825169259968391 ], [ -105.49077064963592, 22.824898890065104 ], [ -105.490636420399696, 22.82473551008421 ], [ -105.49035025002739, 22.824501980320218 ], [ -105.49019240030691, 22.824442430216354 ], [ -105.4900032897621, 22.824515709851703 ], [ -105.489889290027079, 22.824619029924349 ], [ -105.489104219663204, 22.82481837025534 ], [ -105.488944149979503, 22.824922850440984 ], [ -105.488776769771746, 22.82500288998472 ], [ -105.488570939750957, 22.824999369633748 ], [ -105.488437830227838, 22.825041420031582 ], [ -105.488364120376147, 22.825144800249934 ], [ -105.488339320139872, 22.825319720211869 ], [ -105.488252650447123, 22.825451539753004 ], [ -105.488054430356001, 22.825551369554081 ], [ -105.487907650122949, 22.825670020304045 ], [ -105.487748120430098, 22.826012339953543 ], [ -105.48765218013618, 22.826388659848597 ], [ -105.487625480441707, 22.826938690180825 ], [ -105.487852109918393, 22.827593910039731 ], [ -105.48809565959246, 22.827868939857321 ], [ -105.48821485031192, 22.828229510403336 ], [ -105.488348030328666, 22.828526179636352 ], [ -105.48867065987487, 22.82898571008964 ], [ -105.488807539927066, 22.829347690369527 ], [ -105.488783019593313, 22.829607970062124 ], [ -105.488576860433938, 22.829778819569551 ], [ -105.488280629667486, 22.829802750017496 ], [ -105.487851259627348, 22.829855060015607 ], [ -105.487027090207746, 22.830425320013386 ], [ -105.486847109624421, 22.830617890236145 ], [ -105.486802080226411, 22.830692180011823 ], [ -105.48657721994077, 22.831453829707659 ], [ -105.486587539892056, 22.831628150384137 ], [ -105.486619089636875, 22.831656949563992 ], [ -105.487261689743264, 22.831614969853099 ], [ -105.487388949872781, 22.831366710361614 ], [ -105.487544520409543, 22.831059879943577 ], [ -105.487708250265158, 22.830951749795933 ], [ -105.487974399890334, 22.831088320085371 ], [ -105.488181779549436, 22.831524110387864 ], [ -105.488249859700346, 22.831990259703311 ], [ -105.488252249722237, 22.832342569998801 ], [ -105.488101690474153, 22.832503979933765 ], [ -105.487747309655262, 22.832627310364803 ], [ -105.487598179888749, 22.832731479685958 ], [ -105.487294460278022, 22.833291379727722 ], [ -105.487016030012512, 22.83395697968173 ], [ -105.48672785016312, 22.834287680417482 ], [ -105.486365309957193, 22.83454832000162 ], [ -105.486084969931952, 22.834618199799763 ], [ -105.485884140429761, 22.834693569907191 ], [ -105.485734710297223, 22.834898540382067 ], [ -105.485695280021957, 22.835262689827239 ], [ -105.485787600245828, 22.83560752035681 ], [ -105.485868109628015, 22.836062510165764 ], [ -105.485910740141563, 22.836454770418953 ], [ -105.485821540487279, 22.836976250139813 ], [ -105.485853849943226, 22.837274290145753 ], [ -105.486105630117748, 22.83746024954932 ], [ -105.486599629685969, 22.837691579714019 ], [ -105.486982820295609, 22.837919079843246 ], [ -105.487214280211376, 22.838151780223392 ], [ -105.487337200092142, 22.838467770414347 ], [ -105.487337200441047, 22.838729319894252 ], [ -105.487197309908424, 22.839111170259095 ], [ -105.486936689847795, 22.83944761981958 ], [ -105.486456620436655, 22.839821689803639 ], [ -105.485902549684766, 22.840177460060904 ], [ -105.485291180134482, 22.840477310341448 ], [ -105.484724980116027, 22.84085604959774 ], [ -105.4841429804667, 22.841155220055295 ], [ -105.483340080100504, 22.841474799780201 ], [ -105.48274779960667, 22.841756029761758 ], [ -105.482332970472996, 22.841928849848777 ], [ -105.481962859870634, 22.842088830081835 ], [ -105.481475380226826, 22.842181539635572 ], [ -105.4813953799746, 22.842181689799627 ], [ -105.481351429769418, 22.842199890024279 ], [ -105.480987459951621, 22.842182520095403 ], [ -105.480664749713895, 22.842134220386814 ], [ -105.479177829552086, 22.841991969857414 ], [ -105.479079029719955, 22.842798280049426 ], [ -105.479139970031625, 22.842910649648047 ], [ -105.479140220172539, 22.843182170158784 ], [ -105.479141820072485, 22.843542679675778 ], [ -105.479141479788581, 22.843904120095733 ], [ -105.478949950198938, 22.844447880445543 ], [ -105.478860419863537, 22.844582229857583 ], [ -105.478758460191372, 22.845414109963453 ], [ -105.478758259745646, 22.845621879596255 ], [ -105.478760460173419, 22.845893369923285 ], [ -105.478664680284538, 22.846164319832269 ], [ -105.478566519619193, 22.846345450182937 ], [ -105.478081179781327, 22.846707800447405 ], [ -105.477301749985898, 22.847252049964496 ], [ -105.476622819680372, 22.847705940452553 ], [ -105.476524109693784, 22.847977880196666 ], [ -105.476526830159287, 22.848324709644757 ], [ -105.476619629910587, 22.848819909649631 ], [ -105.476723939852974, 22.849061349729588 ], [ -105.476821570466456, 22.849422420306663 ], [ -105.477019709522892, 22.849692229990218 ], [ -105.476921940432121, 22.849963229828479 ], [ -105.476826339522901, 22.850054380333049 ], [ -105.47663038048448, 22.850055150334541 ], [ -105.476044630027502, 22.849875779725103 ], [ -105.475557259827099, 22.849786829818076 ], [ -105.475225170146928, 22.849915709756839 ], [ -105.475168060321906, 22.850033080125861 ], [ -105.475167940323757, 22.850149749808413 ], [ -105.475265750010905, 22.850330109559369 ], [ -105.475169950079419, 22.850601060350723 ], [ -105.474976339972699, 22.850691690257982 ], [ -105.474782579991754, 22.850963940073544 ], [ -105.474684419535564, 22.85114413970587 ], [ -105.474588630380282, 22.851416019817332 ], [ -105.474685859936471, 22.851687179589373 ], [ -105.474721770016743, 22.851746509738852 ], [ -105.476670720474743, 22.852979659639608 ], [ -105.476932979569725, 22.853306779617359 ], [ -105.477324399680754, 22.853847419880413 ], [ -105.477424980194499, 22.854208420407602 ], [ -105.482920579885004, 22.857060820070163 ], [ -105.483582030146408, 22.857434599812851 ], [ -105.484018770245939, 22.858020520378187 ], [ -105.484201289929814, 22.858702969643602 ], [ -105.475332859907084, 22.880624429566193 ], [ -105.471219910046216, 22.883285949690549 ], [ -105.474178179588648, 22.888607969598965 ], [ -105.474088030207909, 22.888772029985745 ], [ -105.498184919808125, 22.933477749992964 ], [ -105.498578510086361, 22.933423289991321 ], [ -105.498653579594347, 22.933561149919118 ], [ -105.498374780003928, 22.933633419725822 ], [ -105.498117310054127, 22.933700150450871 ], [ -105.496104250016558, 22.934221830192193 ], [ -105.496866000431552, 22.93781553960401 ], [ -105.501263920421621, 22.958560050242451 ], [ -105.489103309836608, 22.963340149770264 ], [ -105.453311350363293, 22.977401799941383 ], [ -105.432594569810689, 23.02396880029703 ], [ -105.415640449625684, 23.023738539657895 ], [ -105.415309029952596, 23.023734019613158 ], [ -105.409588909605262, 23.023662620053162 ], [ -105.408950340391641, 23.023640820195308 ], [ -105.409104949820247, 23.024103910225531 ], [ -105.409386680025122, 23.024402780410096 ], [ -105.409441120130211, 23.024552459998702 ], [ -105.409398310473449, 23.024682399842483 ], [ -105.409420370466307, 23.024832149982664 ], [ -105.409517909670328, 23.024941749902649 ], [ -105.409626379917995, 23.0251012597762 ], [ -105.409648979627903, 23.025430770215852 ], [ -105.409660620291675, 23.025710380345402 ], [ -105.409639600460537, 23.025900179775252 ], [ -105.409510259769434, 23.02599040006929 ], [ -105.40940251027142, 23.026070569590562 ], [ -105.409327479716865, 23.026260519575874 ], [ -105.409306480487871, 23.026460309928954 ], [ -105.409199019553299, 23.02664035002265 ], [ -105.409134580385754, 23.026760370199806 ], [ -105.409135060133551, 23.026920149883821 ], [ -105.409546080400787, 23.027118829643051 ], [ -105.409870309659141, 23.027187909889296 ], [ -105.410140340500703, 23.027197200413735 ], [ -105.410453510097739, 23.027176420182915 ], [ -105.410615600268841, 23.027205950192759 ], [ -105.410810519721522, 23.027375220365911 ], [ -105.410940740171213, 23.027574620414519 ], [ -105.411046940009172, 23.028008659571853 ], [ -105.411059510426199, 23.028454769795228 ], [ -105.41125210979321, 23.029066399990384 ], [ -105.411512260120006, 23.02975048023302 ], [ -105.411682429932654, 23.030362169811266 ], [ -105.411661249943563, 23.030777229962524 ], [ -105.411561999890623, 23.031348120037407 ], [ -105.411597459547949, 23.03191547976774 ], [ -105.411699059570722, 23.032112350117483 ], [ -105.411643799537345, 23.032392619771347 ], [ -105.41163488049628, 23.033150030310534 ], [ -105.411612909652902, 23.033305710138002 ], [ -105.411535720322476, 23.033752049677556 ], [ -105.411549549553982, 23.034613140162595 ], [ -105.411775230489368, 23.035027550306996 ], [ -105.412045480429001, 23.03533811004656 ], [ -105.412203519567058, 23.035648940248972 ], [ -105.412969829671837, 23.03665062967702 ], [ -105.413161819900779, 23.037054749789686 ], [ -105.413062090026372, 23.037470019549833 ], [ -105.412804950410688, 23.037781940302086 ], [ -105.412434999802301, 23.037897029603517 ], [ -105.412109629522604, 23.037908260373552 ], [ -105.411885199863178, 23.037908850025932 ], [ -105.411660880167148, 23.037940550063368 ], [ -105.411358509691325, 23.038138460141028 ], [ -105.411067369894056, 23.038346720435563 ], [ -105.410787380282699, 23.038523829541084 ], [ -105.410496230083297, 23.038721709739967 ], [ -105.410429219584003, 23.038825630146732 ], [ -105.410125179821634, 23.039082259864657 ], [ -105.410036060275317, 23.039300370371695 ], [ -105.410037139915033, 23.039653120038071 ], [ -105.41018377036751, 23.039901750152886 ], [ -105.410442109661957, 23.039984079705494 ], [ -105.410846479603919, 23.040117910024673 ], [ -105.411228739521349, 23.040355539675925 ], [ -105.411420400354615, 23.040655919747778 ], [ -105.41156783037323, 23.041163919760578 ], [ -105.41145704976752, 23.041631089832773 ], [ -105.411098980110239, 23.041974380388972 ], [ -105.410964889907035, 23.042161490176603 ], [ -105.410707289750832, 23.042654380220522 ], [ -105.410484019607139, 23.043038849645566 ], [ -105.410327520309849, 23.043236369975613 ], [ -105.410137340493804, 23.043434000258852 ], [ -105.409947309705103, 23.043673120268849 ], [ -105.409859599596771, 23.044358089953672 ], [ -105.40986134976589, 23.04493908955282 ], [ -105.410234910396625, 23.04580631041139 ], [ -105.410471050285821, 23.045971690276975 ], [ -105.410752080189795, 23.046126579706883 ], [ -105.410920399660384, 23.046126150144183 ], [ -105.411088679811215, 23.046104950113246 ], [ -105.411336029715656, 23.046259939718013 ], [ -105.411404229562763, 23.04655025961587 ], [ -105.411394170322751, 23.046934169823153 ], [ -105.411473619746332, 23.047224459983031 ], [ -105.411935919518228, 23.047949519890736 ], [ -105.412049119920098, 23.04827084995847 ], [ -105.411972419689462, 23.048713250315998 ], [ -105.411705579743995, 23.049533580047637 ], [ -105.411405680231368, 23.050551120315824 ], [ -105.411383890471555, 23.050769049650796 ], [ -105.411496619783179, 23.050934750365368 ], [ -105.411474950041523, 23.051194180333855 ], [ -105.411397169941225, 23.051443400245905 ], [ -105.411352199764551, 23.051731999773835 ], [ -105.411409030445839, 23.051970479622788 ], [ -105.411712229531147, 23.052031939717565 ], [ -105.411768780067433, 23.052177049865577 ], [ -105.411735799688813, 23.052405379662751 ], [ -105.411635309513215, 23.052571650024291 ], [ -105.411647320039577, 23.052830999607693 ], [ -105.411805150030602, 23.053069219898727 ], [ -105.412030489864065, 23.053359120117321 ], [ -105.412087739683869, 23.053732479558633 ], [ -105.41201011998163, 23.054043939800085 ], [ -105.411820449904141, 23.054407550136915 ], [ -105.411518459778094, 23.0547403404221 ], [ -105.411361939861322, 23.054937880199564 ], [ -105.411317829522474, 23.0551973700852 ], [ -105.41135232027635, 23.055467029942136 ], [ -105.411566779926787, 23.05587111030464 ], [ -105.411759630133588, 23.056266999734667 ], [ -105.411665630457676, 23.056707919991887 ], [ -105.41122815011299, 23.05706162034577 ], [ -105.410866889773956, 23.057397460338766 ], [ -105.410829620220397, 23.057679600349758 ], [ -105.410888310401049, 23.058173000198803 ], [ -105.410752830276039, 23.058725250013882 ], [ -105.410553890362593, 23.059061859990656 ], [ -105.410455649901806, 23.059633479828289 ], [ -105.410402509818582, 23.060095749561579 ], [ -105.410494339876124, 23.060406400170606 ], [ -105.410594630047569, 23.060506969788662 ], [ -105.410866999804057, 23.060405429566583 ], [ -105.411257679754897, 23.060353999730818 ], [ -105.411548940323826, 23.060487679577733 ], [ -105.411768519693624, 23.060861750044296 ], [ -105.411742179571476, 23.061172720409782 ], [ -105.411579280125537, 23.061399999994975 ], [ -105.41136137035538, 23.061476200358463 ], [ -105.411198380476819, 23.061678280408966 ], [ -105.411135749894243, 23.062006140062561 ], [ -105.411191120012148, 23.062283280354272 ], [ -105.411364340451982, 23.062450880108134 ], [ -105.411755549744811, 23.062575879747499 ], [ -105.412174320109003, 23.062793259552372 ], [ -105.412502019961906, 23.062952050304339 ], [ -105.412702879592743, 23.063245620383896 ], [ -105.412968020110057, 23.063749059727915 ], [ -105.413108230287236, 23.06429339978375 ], [ -105.413088769722123, 23.06463440033048 ], [ -105.412946449569745, 23.064994659564988 ], [ -105.412712280036629, 23.065478279988195 ], [ -105.412662290312099, 23.065885650030921 ], [ -105.41236626000024, 23.066236830138209 ], [ -105.412172860301112, 23.066654049919254 ], [ -105.412185000403156, 23.067180379572687 ], [ -105.412267519919936, 23.067360109589263 ], [ -105.412247580008398, 23.067540110420421 ], [ -105.412197149948284, 23.067805420187373 ], [ -105.41258688002128, 23.067936980261774 ], [ -105.413088749825519, 23.067888319587706 ], [ -105.413560550074877, 23.068057569606214 ], [ -105.413766480442163, 23.068388489801443 ], [ -105.413778430384454, 23.068947230046085 ], [ -105.412996490074988, 23.074099199923616 ], [ -105.392245380404972, 23.084081980266372 ], [ -105.39169544976626, 23.083688080082933 ], [ -105.39132681972103, 23.083475479960022 ], [ -105.390847950356672, 23.083366080430299 ], [ -105.390412940451583, 23.083359250366769 ], [ -105.389984650381152, 23.083384949887304 ], [ -105.389514249977481, 23.083338030299661 ], [ -105.389061680022664, 23.083181740199155 ], [ -105.388803579936706, 23.08299211987865 ], [ -105.38800477009373, 23.082346649861819 ], [ -105.387378940074186, 23.081786379920526 ], [ -105.386575719771329, 23.081544199976602 ], [ -105.386095430116669, 23.081378520259619 ], [ -105.385685369523102, 23.081387480405748 ], [ -105.385422860337457, 23.081563030429972 ], [ -105.385345259787414, 23.081791769717498 ], [ -105.385406249657194, 23.082258120045378 ], [ -105.385714520018439, 23.082914339740132 ], [ -105.385914000001037, 23.083307750144439 ], [ -105.385863370158873, 23.083631250200241 ], [ -105.385572370311749, 23.083767459895778 ], [ -105.38543768960136, 23.084067370446999 ], [ -105.385275939604028, 23.084383309662059 ], [ -105.38497764962959, 23.084503339907226 ], [ -105.384712030106613, 23.084480080180647 ], [ -105.384367710076432, 23.084180650031421 ], [ -105.384120709909936, 23.08381005985499 ], [ -105.383905799518075, 23.08358137002984 ], [ -105.383554850348034, 23.083368350234988 ], [ -105.383366170206045, 23.08328348015246 ], [ -105.383059200199042, 23.083101279709922 ], [ -105.383041600243743, 23.082872819763551 ], [ -105.383082340104806, 23.082738419709624 ], [ -105.383363520346833, 23.082525229549226 ], [ -105.383644509684942, 23.082381060161001 ], [ -105.383730969640325, 23.082192090346208 ], [ -105.383729309958525, 23.082049549775391 ], [ -105.383567340344143, 23.081741579732711 ] ] ] ] } }
]
}
